id,Gender,Age,Householdsize,MaritalStatus,Education,Income,Friends,Colleagues,Neighbors,Grandparents,Parents,Siblings,Children,Otherfamilymembers,total_allgroups,Visit,Hosting,Dining,Bar,Cinema,Recreation,Vacation,Shopping,Paidwork
320991,1,3,3,4,2,4,1,3,1,1,2,2,2,1,11,2,3,5,4,4,5,4,5,s3_36_up
320992,2,1,3,4,3,1,2,2,2,2,3,1,1,2,16,3,3,5,4,3,3,4,5,s2_8_36
320993,1,2,1,1,2,3,1,3,3,1,1,4,1,1,32,1,2,4,4,4,5,3,5,s3_36_up
320994,1,1,3,3,3,4,4,3,1,2,3,1,1,1,49,1,1,1,1,2,5,4,5,s1_below_8
320995,1,3,3,4,3,5,4,3,3,2,4,4,2,2,77,1,1,2,1,1,2,1,2,s3_36_up
320996,1,3,2,2,2,5,2,1,3,1,1,2,2,1,16,4,5,5,4,4,5,4,5,s2_8_36
320998,1,3,2,2,3,4,4,3,2,1,2,1,2,4,33,2,3,3,4,3,5,4,5,s3_36_up
321000,2,2,3,3,3,1,2,2,3,2,4,3,2,4,59,2,2,4,4,4,5,4,4,s2_8_36
321001,2,2,3,3,3,3,4,2,2,2,4,3,2,4,62,2,2,2,2,2,2,2,2,s2_8_36
321003,2,2,1,1,3,4,2,3,2,2,3,1,1,4,53,2,4,2,4,4,2,4,2,s2_8_36
321004,2,2,3,3,3,2,1,1,1,1,2,2,2,2,12,2,2,3,4,2,2,3,1,s1_below_8
321007,1,3,2,2,2,4,3,1,2,1,1,1,2,1,13,3,2,4,4,4,5,3,4,s2_8_36
321008,1,4,2,2,2,4,1,3,1,1,1,1,2,3,35,2,2,2,4,2,5,3,4,s1_below_8
321009,1,3,3,4,3,3,2,1,3,1,2,4,2,2,29,3,3,4,4,4,4,4,5,s1_below_8
321010,1,4,2,2,2,5,2,3,1,1,1,1,2,2,20,1,1,5,4,4,1,4,5,s2_8_36
321011,1,2,2,2,3,4,2,3,3,1,2,1,1,2,28,2,2,5,4,4,5,4,2,s3_36_up
321012,2,1,3,3,2,3,3,2,3,2,4,1,2,4,37,1,1,1,2,2,1,2,1,s2_8_36
321013,2,1,3,3,2,2,1,2,2,2,4,2,2,1,19,1,1,2,4,4,2,3,1,s2_8_36
321014,2,2,1,1,3,2,3,2,1,1,2,2,1,1,14,2,3,3,2,2,2,4,3,s2_8_36
321015,2,3,1,1,2,2,1,1,2,1,1,1,1,1,4,2,2,4,4,4,4,3,4,s3_36_up
321017,1,2,2,2,2,4,4,3,2,1,4,1,1,3,61,1,3,2,1,1,1,2,1,s3_36_up
321018,1,3,2,2,3,5,2,1,3,1,1,2,1,1,14,2,2,4,4,4,1,4,5,s3_36_up
321019,2,1,3,3,2,1,4,1,3,2,4,3,2,4,65,1,2,3,1,4,1,4,5,s1_below_8
321021,2,3,3,4,2,3,2,2,2,1,1,3,2,4,27,2,2,5,4,4,5,4,5,s3_36_up
321023,1,1,1,1,2,3,3,1,2,1,4,1,1,1,18,1,1,5,1,1,1,3,2,s3_36_up
321025,2,4,3,4,2,3,2,1,3,1,1,3,2,3,24,1,2,2,4,4,5,4,2,s1_below_8
321026,2,1,3,3,3,4,1,1,1,2,4,4,2,1,27,1,1,2,3,3,2,3,4,s1_below_8
321027,1,3,2,2,2,3,4,1,3,1,1,4,2,1,40,2,2,5,4,4,5,4,5,s1_below_8
321028,1,2,3,4,3,4,1,3,2,1,3,1,2,1,22,5,5,5,4,4,5,4,5,s3_36_up
321030,1,1,2,2,2,4,1,2,2,1,4,1,1,2,16,2,4,5,4,4,5,4,5,s3_36_up
321032,2,1,2,2,3,1,1,1,1,1,3,1,1,1,7,1,1,1,1,1,1,1,2,s2_8_36
321035,2,2,2,2,2,1,2,1,3,1,3,1,1,1,10,3,3,5,4,4,2,3,1,s2_8_36
321036,2,2,1,1,2,3,2,2,1,1,3,1,1,1,13,1,2,3,1,3,1,4,2,s2_8_36
321037,2,1,2,2,2,3,3,1,1,2,3,1,1,4,23,2,2,1,1,1,1,2,1,s1_below_8
321038,1,1,3,4,3,1,2,3,1,1,3,1,1,1,27,4,5,5,1,4,2,4,5,s2_8_36
321039,1,1,3,3,3,5,1,1,1,1,3,1,2,1,7,1,1,5,4,4,5,4,5,s3_36_up
321040,1,1,3,4,2,1,1,2,2,2,4,2,1,1,20,1,1,1,1,1,1,1,1,s1_below_8
321042,2,1,2,2,3,3,1,3,3,1,4,1,1,4,84,1,1,2,1,1,1,2,2,s2_8_36
321043,1,1,3,3,3,5,2,3,3,1,4,1,2,1,21,4,4,4,3,3,4,3,4,s3_36_up
321044,1,3,3,4,2,4,4,3,1,1,1,1,2,2,42,2,2,5,4,4,5,4,5,s3_36_up
321045,2,1,3,3,2,3,2,2,1,2,3,1,1,3,19,1,3,1,4,4,5,4,5,s3_36_up
321046,1,1,2,2,2,4,2,1,2,1,4,4,1,1,29,1,2,4,4,4,4,2,4,s3_36_up
321047,2,1,2,2,3,4,3,3,2,2,4,2,1,4,91,1,3,1,4,4,5,4,2,s3_36_up
321049,2,2,3,4,3,3,2,1,2,2,2,1,1,1,10,1,1,2,1,1,2,1,3,s2_8_36
321051,2,1,3,4,2,1,2,3,2,2,3,1,1,3,28,1,1,2,1,3,5,4,5,s2_8_36
321052,1,3,3,4,3,5,2,2,2,1,2,1,2,1,17,2,2,3,2,2,1,2,4,s1_below_8
321053,2,1,3,4,1,1,2,1,3,2,3,1,1,4,26,1,1,1,2,2,1,2,1,s1_below_8
321054,2,3,2,2,2,1,1,1,1,1,1,2,2,1,6,2,2,5,4,4,5,4,3,s1_below_8
321055,2,2,1,1,3,4,3,1,1,1,3,4,1,4,37,1,2,1,4,4,1,2,3,s2_8_36
321058,1,2,3,4,3,4,1,1,2,1,4,2,2,1,16,2,2,4,4,4,5,4,5,s3_36_up
321059,2,3,3,4,2,4,1,1,1,1,2,2,2,1,12,1,1,3,3,4,2,3,1,s2_8_36
321060,1,1,3,4,3,5,4,3,3,2,4,4,2,4,97,1,1,1,1,1,1,1,1,s3_36_up
321061,1,2,1,1,2,3,3,3,2,1,3,1,2,2,30,2,2,1,1,1,5,3,2,s1_below_8
321062,1,1,2,2,3,4,2,1,2,2,4,2,1,2,19,1,4,2,4,1,5,3,5,s3_36_up
321063,1,1,1,1,3,4,4,3,2,1,3,1,1,1,26,2,2,4,4,4,5,4,5,s3_36_up
321071,2,2,3,4,3,3,2,3,3,1,2,1,2,4,30,2,2,3,3,3,4,3,3,s2_8_36
321072,2,3,2,4,2,2,1,1,1,2,2,2,2,3,18,1,2,5,4,4,2,3,1,s2_8_36
321073,2,2,2,2,2,2,1,2,1,2,3,4,1,4,51,2,2,4,4,4,5,4,5,s2_8_36
321075,1,4,2,2,2,5,3,3,2,1,1,1,2,2,27,2,2,1,4,4,5,4,5,s2_8_36
321076,2,1,1,1,3,1,4,3,3,2,4,1,1,1,39,1,1,2,4,1,4,3,1,s2_8_36
321078,2,3,2,2,2,4,3,3,3,1,1,4,2,4,76,1,1,2,4,4,5,3,2,s2_8_36
321079,2,4,2,2,2,1,1,1,2,1,1,3,2,1,16,4,3,4,4,4,5,3,4,s1_below_8
321080,2,3,2,2,2,2,2,1,2,1,1,1,2,1,9,2,2,4,4,4,4,4,5,s1_below_8
321081,1,1,3,2,2,1,1,1,1,2,3,1,1,4,14,1,5,5,4,4,5,4,5,s1_below_8
321082,1,3,3,4,2,2,1,1,1,1,1,1,2,1,3,2,2,5,4,4,5,4,5,s1_below_8
321083,1,1,3,2,2,3,1,3,3,2,3,1,1,1,23,2,3,4,4,4,5,4,5,s1_below_8
321084,2,3,3,4,2,1,3,1,3,1,2,3,2,3,49,3,2,4,4,4,5,4,4,s2_8_36
321085,1,3,3,4,2,2,3,1,3,1,2,1,2,1,15,2,2,1,4,4,5,2,2,s1_below_8
321086,1,3,3,4,2,4,1,3,3,2,1,1,2,2,45,5,5,5,4,4,5,4,5,s3_36_up
321087,2,2,3,4,2,2,1,1,1,2,1,1,1,1,3,2,2,4,3,3,4,3,3,s2_8_36
321088,2,1,3,3,2,1,4,1,3,2,4,3,1,4,62,1,1,2,3,3,4,4,2,s2_8_36
321089,2,3,2,2,2,4,4,3,3,2,4,1,1,2,56,1,1,4,3,3,4,4,5,s3_36_up
321090,2,3,1,1,2,2,1,2,1,1,2,4,2,1,16,3,3,4,4,4,5,4,1,s1_below_8
321093,2,2,1,1,2,3,2,2,3,1,2,4,1,4,42,1,1,2,2,4,2,4,2,s2_8_36
321095,1,1,1,1,2,4,2,2,2,1,3,1,1,1,14,2,1,4,4,4,5,4,5,s3_36_up
321096,1,2,3,3,2,3,1,1,1,2,3,1,2,1,12,1,1,5,4,4,5,4,5,s3_36_up
321097,2,3,3,4,2,2,4,2,2,1,1,2,2,3,27,2,1,4,4,4,5,4,2,s2_8_36
321099,2,2,3,4,2,3,1,1,2,1,4,2,2,1,13,2,2,3,3,3,4,2,2,s1_below_8
321101,1,1,2,2,3,4,3,2,2,1,4,1,1,4,28,1,3,4,4,3,1,3,2,s3_36_up
321102,1,1,1,1,1,2,4,3,2,1,4,1,1,1,42,1,1,5,4,4,5,4,5,s2_8_36
321104,1,1,2,2,2,4,3,3,3,1,4,3,1,3,36,2,3,3,2,2,3,2,2,s3_36_up
321105,1,3,2,4,3,5,4,1,1,1,1,1,2,1,13,2,2,2,3,3,3,3,3,s1_below_8
321106,1,1,2,2,2,4,1,2,1,1,4,2,1,2,17,1,3,1,3,3,2,3,2,s3_36_up
321107,1,1,2,2,2,4,1,1,2,2,4,2,1,3,19,2,2,2,2,2,3,2,3,s3_36_up
321108,2,4,1,1,2,2,1,2,1,1,1,1,2,1,10,2,2,2,2,1,3,3,3,s1_below_8
321110,1,1,1,1,2,4,1,1,2,1,4,2,1,2,17,4,4,4,4,4,4,3,4,s3_36_up
321112,1,4,2,2,3,5,2,1,1,1,1,1,2,1,8,3,3,5,4,4,5,4,5,s1_below_8
321115,2,2,2,2,2,4,1,2,1,1,2,1,2,1,10,2,2,2,4,4,5,4,1,s3_36_up
321116,1,2,3,3,3,5,4,3,2,2,4,1,1,2,38,1,1,1,1,1,1,1,1,s3_36_up
321117,2,3,1,1,2,2,2,1,2,1,1,1,1,1,7,5,1,5,4,4,5,4,5,s1_below_8
321118,1,3,2,2,3,3,2,3,2,2,2,2,2,1,19,2,2,3,2,2,3,2,2,s1_below_8
321120,2,2,2,2,2,2,1,2,1,1,1,1,1,1,8,3,2,5,4,4,5,4,1,s2_8_36
321121,2,2,3,3,2,2,4,3,3,2,4,3,2,4,74,2,2,1,2,4,5,4,3,s2_8_36
321122,2,3,2,2,3,5,4,1,1,1,1,1,2,1,13,3,5,5,4,4,5,4,5,s2_8_36
321123,2,1,1,1,2,2,2,2,1,1,2,1,1,4,20,1,1,2,3,3,1,4,2,s3_36_up
321124,1,2,1,1,3,5,2,2,1,1,3,2,1,1,16,4,5,5,4,4,5,4,5,s3_36_up
321125,2,2,2,2,3,2,4,2,3,2,4,1,2,1,28,1,1,2,4,1,1,3,1,s2_8_36
321126,1,2,3,3,3,1,1,1,1,2,4,1,2,1,8,1,1,2,4,4,4,3,4,s1_below_8
321127,1,1,3,3,3,3,2,2,2,2,3,1,1,1,12,1,1,1,1,1,1,1,1,s3_36_up
321128,2,4,2,2,2,3,2,1,1,2,3,2,2,2,18,1,1,2,4,2,5,2,3,s1_below_8
321129,1,1,1,1,3,4,3,3,3,1,3,1,1,1,25,3,3,3,1,4,5,3,5,s3_36_up
321130,2,3,3,3,2,2,3,1,1,2,4,3,2,4,42,1,1,3,4,4,4,3,2,s2_8_36
321131,1,1,3,3,3,4,4,2,2,2,4,3,2,1,31,1,2,1,1,1,1,1,2,s3_36_up
321134,2,2,2,2,2,3,2,3,2,1,2,1,1,1,18,3,2,3,4,4,5,4,4,s3_36_up
321135,1,2,1,1,2,2,2,2,2,1,2,1,1,1,9,2,3,4,4,4,5,4,4,s2_8_36
321136,2,3,2,2,2,1,4,1,2,2,1,1,2,2,24,2,2,5,4,4,5,4,5,s1_below_8
321137,2,1,2,2,2,1,2,1,2,2,4,1,1,1,11,1,1,2,2,2,1,2,1,s1_below_8
321140,2,3,2,2,2,3,2,1,2,1,1,2,2,4,24,2,1,2,4,4,1,4,5,s1_below_8
321141,2,1,2,2,2,2,1,3,2,1,4,2,1,1,20,3,3,5,4,4,5,4,5,s2_8_36
321142,2,4,2,2,2,4,1,2,1,1,1,1,2,2,11,3,4,2,4,2,3,3,4,s1_below_8
321143,2,3,2,2,3,4,4,1,2,2,3,1,2,1,26,1,2,5,4,4,5,4,2,s1_below_8
321145,2,3,3,4,2,2,1,1,1,1,1,1,2,1,6,1,2,5,4,4,5,4,5,s1_below_8
321146,1,2,1,1,2,3,1,1,1,1,3,1,1,1,5,2,5,5,4,4,5,4,5,s2_8_36
321147,1,2,3,4,3,5,1,3,3,1,2,1,2,2,28,1,1,3,2,2,3,2,5,s3_36_up
321148,1,2,2,2,2,2,1,1,3,1,4,1,2,4,39,2,2,1,3,3,1,3,5,s3_36_up
321149,1,2,2,2,2,4,2,2,1,1,2,1,1,1,8,4,4,5,4,4,4,4,5,s3_36_up
321150,2,1,2,2,3,3,1,3,1,2,4,1,1,4,44,1,1,3,3,1,2,2,3,s1_below_8
321151,2,1,3,4,2,2,2,3,3,2,3,1,1,3,51,5,5,1,4,4,5,4,5,s3_36_up
321152,2,2,3,3,2,3,2,3,3,1,3,1,2,1,18,2,2,3,4,3,2,3,2,s2_8_36
321153,1,2,1,1,3,2,2,1,2,1,2,1,2,2,15,2,2,3,2,3,3,3,5,s3_36_up
321154,1,1,3,2,2,3,2,1,1,1,4,1,1,1,14,1,1,2,1,3,4,3,4,s3_36_up
321156,2,3,3,4,2,4,4,3,3,1,1,1,2,3,46,2,2,3,2,2,3,2,3,s2_8_36
321157,2,1,3,3,3,2,4,3,3,2,4,1,1,4,67,2,3,3,1,2,2,2,2,s2_8_36
321159,1,3,3,4,3,4,1,2,2,1,1,2,2,1,14,1,2,3,4,4,5,3,5,s3_36_up
321161,1,3,2,2,2,1,2,1,3,1,1,1,2,2,19,2,2,3,3,3,4,3,4,s1_below_8
321162,2,2,3,3,3,4,2,2,3,1,3,1,2,1,22,2,2,2,2,2,2,2,3,s2_8_36
321163,2,1,2,2,3,3,2,2,1,2,4,1,1,2,19,2,2,1,2,2,5,3,2,s3_36_up
321165,2,2,2,2,2,2,1,2,2,1,3,1,1,1,10,1,1,2,1,2,3,2,3,s2_8_36
321166,2,1,1,1,3,2,3,1,3,2,4,2,2,4,64,1,2,1,4,4,5,4,5,s2_8_36
321167,1,1,1,1,3,3,4,3,1,2,3,2,1,4,58,2,2,1,1,3,1,2,5,s1_below_8
321169,2,1,3,3,2,2,4,1,1,1,3,2,2,1,24,1,1,1,1,1,5,2,2,s2_8_36
321171,1,1,3,2,2,2,2,2,1,2,4,1,1,4,28,1,5,3,4,4,5,4,5,s2_8_36
321172,2,2,2,2,3,5,1,3,1,1,4,3,1,4,34,2,2,2,4,4,2,3,4,s2_8_36
321173,2,3,2,2,3,2,1,1,2,1,2,2,2,1,13,2,2,4,4,4,4,4,4,s2_8_36
321175,2,3,3,4,2,3,1,2,1,1,2,2,2,1,11,4,4,4,3,3,4,3,4,s3_36_up
321176,2,2,3,3,3,5,4,3,3,2,3,2,1,2,34,1,2,1,1,1,2,1,2,s3_36_up
321177,2,1,1,1,3,4,2,1,1,1,2,2,1,1,10,2,2,2,1,3,1,4,4,s3_36_up
321179,1,3,2,2,2,3,2,2,3,1,2,1,1,2,21,4,5,5,4,4,2,4,5,s1_below_8
321180,2,4,2,4,2,4,4,3,2,1,1,1,2,1,26,3,3,3,4,4,5,3,5,s1_below_8
321181,2,2,2,2,2,1,1,1,1,1,4,3,1,1,11,2,2,2,2,2,3,2,2,s1_below_8
321182,1,2,3,3,3,5,1,1,2,1,2,1,2,1,10,3,5,2,4,1,4,3,2,s3_36_up
321183,2,1,2,2,2,2,1,1,1,1,1,1,1,2,5,4,4,4,4,3,3,4,4,s1_below_8
321184,1,4,1,1,2,2,1,1,1,1,1,1,1,1,1,2,5,5,4,4,5,4,5,s2_8_36
321186,1,2,3,3,2,4,1,2,3,1,4,4,2,4,114,2,3,5,4,4,3,3,5,s3_36_up
321187,1,4,3,2,2,3,2,2,2,1,1,1,1,2,13,1,1,1,4,4,5,4,5,s1_below_8
321188,1,4,1,1,2,2,1,1,2,1,1,2,2,1,10,1,1,5,4,4,5,4,5,s1_below_8
321189,1,2,1,1,2,3,1,1,1,1,3,1,1,1,7,2,2,4,3,2,4,3,2,s3_36_up
321190,2,2,3,3,3,5,1,3,1,1,1,1,2,1,12,1,1,2,2,2,1,2,1,s3_36_up
321191,2,1,3,4,2,1,4,3,1,2,4,3,1,4,47,1,1,2,1,4,1,4,2,s2_8_36
321193,1,3,2,2,2,4,2,2,1,2,2,2,2,1,15,1,1,1,1,1,1,1,1,s3_36_up
321194,2,1,1,1,3,3,4,3,2,1,2,1,1,2,24,2,3,2,1,1,5,3,2,s2_8_36
321195,1,4,2,2,2,4,4,3,3,1,1,2,2,4,108,1,2,5,4,4,5,4,2,s1_below_8
321197,1,3,1,1,2,3,2,3,1,1,1,2,2,1,25,2,2,4,4,4,1,3,5,s3_36_up
321198,1,2,3,3,3,5,4,3,1,1,4,2,1,4,42,2,2,4,1,1,4,3,5,s3_36_up
321199,1,3,2,2,3,4,1,1,3,1,1,3,1,3,23,2,2,5,4,4,5,2,5,s1_below_8
321200,2,4,1,1,2,2,1,1,1,1,1,1,2,1,14,2,2,3,2,2,3,2,3,s1_below_8
321201,2,3,2,2,1,4,2,1,3,1,2,1,1,1,12,4,4,5,4,4,5,4,5,s1_below_8
321202,2,3,2,2,2,1,2,1,2,1,3,4,2,1,27,1,2,4,4,4,5,4,3,s1_below_8
321203,2,1,3,3,2,2,2,1,1,2,4,1,1,4,22,2,1,2,2,2,2,1,2,s2_8_36
321204,2,2,3,4,3,4,2,3,2,1,2,2,2,4,37,3,4,4,4,4,4,4,4,s3_36_up
321205,2,1,3,2,3,1,2,1,1,2,3,1,1,4,21,1,2,5,1,4,5,4,5,s1_below_8
321207,1,3,2,2,3,4,3,2,3,1,2,1,1,1,24,4,5,5,4,4,5,4,5,s2_8_36
321208,1,1,3,3,2,4,4,3,2,1,1,2,1,4,53,5,5,5,4,4,5,4,5,s3_36_up
321210,1,3,1,1,3,5,4,1,1,1,1,2,1,1,25,2,5,5,4,4,5,4,5,s3_36_up
321211,2,1,3,4,3,2,3,3,1,2,3,1,1,2,21,1,5,2,1,2,1,3,2,s2_8_36
321213,1,1,2,2,3,4,4,3,2,2,4,4,1,4,57,1,2,5,4,4,5,4,5,s3_36_up
321214,2,2,3,3,3,3,1,3,1,2,4,3,2,3,27,2,2,3,3,2,4,3,3,s2_8_36
321215,2,1,3,3,3,3,4,2,1,1,4,3,2,1,23,2,2,2,4,4,1,2,1,s2_8_36
321216,2,3,2,2,2,4,1,1,3,1,2,1,2,2,17,5,5,5,4,4,5,4,5,s1_below_8
321217,2,1,2,2,3,3,4,3,1,1,2,1,1,1,27,2,5,2,4,4,5,4,5,s3_36_up
321218,2,3,2,2,3,3,2,3,3,1,1,3,2,2,41,4,4,2,4,4,4,4,4,s2_8_36
321219,1,3,2,2,2,3,4,3,3,1,1,1,2,1,46,2,2,3,4,3,5,4,5,s2_8_36
321220,1,2,2,2,2,4,1,3,1,1,3,1,2,1,28,1,1,4,4,3,4,3,2,s3_36_up
321221,1,2,1,1,2,4,1,3,2,1,1,1,2,1,27,2,2,2,4,4,5,4,2,s3_36_up
321222,1,2,1,1,3,4,3,1,3,1,3,1,1,3,23,2,3,4,4,3,2,3,2,s3_36_up
321224,2,2,3,4,2,1,3,3,2,1,4,4,2,4,45,2,2,3,4,2,2,2,2,s1_below_8
321225,2,2,3,3,2,4,2,3,3,1,4,2,2,4,45,1,1,2,4,3,5,4,3,s1_below_8
321226,1,1,3,4,3,1,3,2,1,2,3,1,1,4,44,2,3,5,1,4,5,2,5,s2_8_36
321227,1,4,2,2,2,5,1,1,2,1,1,3,2,1,22,3,3,3,2,2,3,2,3,s1_below_8
321228,2,3,2,2,2,2,4,2,3,2,4,4,2,4,87,1,2,1,4,4,5,4,1,s1_below_8
321229,1,1,2,2,2,4,2,2,3,2,4,3,2,3,39,1,1,1,1,1,1,1,1,s3_36_up
321230,1,2,3,3,3,5,1,2,2,2,4,1,2,1,16,1,1,5,4,4,5,4,5,s3_36_up
321231,1,1,2,2,3,4,2,2,2,1,2,1,1,4,40,1,1,1,1,1,1,1,1,s3_36_up
321232,1,1,2,2,2,3,1,3,2,2,3,1,1,1,16,2,3,3,4,4,5,4,5,s2_8_36
321233,2,3,2,2,3,5,1,2,1,1,2,2,2,3,18,2,2,3,4,3,4,3,2,s2_8_36
321234,2,2,3,3,3,2,3,1,2,2,4,2,2,4,44,1,1,1,4,4,5,3,5,s1_below_8
321235,2,1,3,2,2,4,1,1,3,1,1,2,1,4,22,2,2,2,1,1,2,1,2,s2_8_36
321236,2,3,2,2,3,4,1,1,1,1,2,2,2,1,18,2,3,4,4,4,4,3,4,s1_below_8
321237,2,1,3,3,3,1,1,1,2,2,4,1,1,1,15,3,2,5,4,4,5,4,5,s1_below_8
321238,1,1,3,3,3,5,1,1,3,2,4,3,2,4,29,2,2,4,4,3,4,3,4,s3_36_up
321240,1,1,3,3,3,3,3,3,2,2,4,2,2,3,38,4,3,3,2,2,2,2,3,s3_36_up
321241,1,1,2,2,3,4,4,2,3,2,4,2,1,4,58,3,3,1,1,4,1,4,5,s3_36_up
321242,2,2,1,1,2,4,1,3,1,1,2,1,1,2,20,2,1,5,4,4,5,4,2,s3_36_up
321243,1,1,3,4,2,1,3,3,2,1,4,1,1,4,30,1,5,5,1,4,2,3,5,s2_8_36
321244,1,2,2,2,3,5,3,3,3,1,3,1,2,4,35,2,2,2,1,1,2,1,2,s3_36_up
321245,1,1,3,3,3,4,2,3,2,2,4,1,2,3,27,1,1,1,2,2,1,3,5,s2_8_36
321246,2,2,3,3,3,3,3,3,2,2,3,1,2,1,26,1,1,1,1,1,1,1,1,s2_8_36
321248,1,1,3,2,2,1,1,1,2,2,3,1,1,1,13,1,1,1,1,1,1,1,1,s1_below_8
321252,2,1,2,2,3,4,3,1,1,1,4,1,1,1,13,1,3,4,4,4,5,4,5,s3_36_up
321254,2,1,2,2,2,3,2,3,1,2,3,1,1,4,33,3,3,3,3,2,3,2,3,s2_8_36
321256,2,3,3,2,2,3,2,1,1,1,1,1,2,2,9,1,1,1,1,1,1,1,1,s3_36_up
321258,2,1,1,2,3,5,2,3,1,1,4,2,1,4,94,2,2,3,1,3,3,4,5,s3_36_up
321275,2,1,2,2,3,4,2,2,2,2,4,2,1,4,33,4,4,3,3,3,1,4,4,s3_36_up
321279,2,3,2,2,3,3,1,3,3,1,2,3,1,2,32,3,3,3,4,4,5,4,5,s2_8_36
321280,2,3,3,4,2,2,1,2,2,1,2,3,2,1,15,1,1,3,4,4,4,4,2,s2_8_36
321281,2,1,2,2,3,4,2,1,1,2,4,2,1,4,43,1,1,1,1,1,1,1,1,s2_8_36
321282,2,1,2,2,2,3,4,2,2,2,3,1,1,4,47,1,1,1,1,1,2,1,1,s3_36_up
321283,2,3,2,2,2,3,2,1,2,1,2,1,1,2,14,2,2,2,4,4,5,3,5,s1_below_8
321284,1,2,3,3,3,5,4,3,2,1,4,1,1,1,39,1,1,1,1,1,1,1,1,s3_36_up
321286,2,1,2,2,3,3,1,3,1,1,2,1,1,4,19,2,4,3,4,4,3,4,4,s3_36_up
321287,2,1,2,2,2,2,1,2,1,2,4,1,1,2,12,1,1,2,2,2,1,2,1,s2_8_36
321288,1,1,1,1,3,2,2,2,1,1,2,1,1,1,9,1,2,5,4,4,5,4,5,s3_36_up
321289,1,1,2,4,3,1,4,3,1,2,2,1,1,4,31,1,1,2,1,1,1,1,2,s1_below_8
321290,2,1,3,4,2,2,1,3,3,2,3,1,1,4,38,3,4,4,1,2,1,3,2,s2_8_36
321291,1,2,3,3,2,4,1,3,1,1,2,1,2,1,26,4,4,5,4,4,5,4,5,s3_36_up
321292,2,1,2,2,2,4,1,1,1,1,3,1,1,1,7,2,3,3,3,3,2,2,3,s3_36_up
321293,2,1,2,3,2,2,1,1,1,1,4,1,2,1,6,3,4,5,4,4,5,4,5,s2_8_36
321317,1,1,1,1,3,3,2,2,1,1,3,1,1,2,15,1,1,2,3,1,1,2,2,s2_8_36
321318,2,2,3,4,3,5,2,2,1,1,3,1,2,1,9,1,1,2,4,1,1,3,4,s3_36_up
321321,2,3,1,1,2,3,1,2,1,1,2,1,1,1,6,1,5,5,4,4,5,4,5,s2_8_36
321343,2,2,3,4,2,2,3,1,1,1,1,1,1,1,9,4,4,2,2,2,3,2,3,s1_below_8
321344,1,2,1,1,2,3,1,2,1,1,2,1,1,1,6,5,5,5,4,4,5,4,5,s3_36_up
321346,2,3,2,4,2,2,2,1,3,1,1,3,2,3,45,2,2,3,4,4,5,4,3,s1_below_8
321347,1,1,2,2,3,4,4,2,3,1,4,1,1,1,26,1,5,5,4,4,5,4,5,s3_36_up
321348,1,3,3,4,2,2,1,1,1,1,1,3,1,3,16,2,1,5,4,4,5,4,5,s1_below_8
321349,1,3,2,2,2,3,1,1,1,1,2,1,2,1,6,1,2,5,4,4,5,4,5,s1_below_8
321350,1,2,3,3,3,4,2,2,2,1,3,1,2,1,16,4,5,5,4,4,5,4,5,s3_36_up
321351,2,4,1,1,2,1,1,2,1,2,1,1,2,1,14,5,4,5,4,4,5,4,5,s1_below_8
321352,2,1,2,2,2,3,1,2,1,2,4,2,1,1,16,4,4,4,4,4,5,4,5,s3_36_up
321353,1,2,1,1,2,2,2,3,3,1,3,1,1,3,40,1,1,5,4,4,5,4,5,s2_8_36
321355,2,3,1,1,2,2,1,1,2,1,1,2,2,4,37,1,1,1,2,2,2,1,2,s1_below_8
321357,2,2,1,1,2,2,1,1,2,1,2,1,2,1,5,4,4,5,4,4,5,4,5,s1_below_8
321358,2,2,2,2,3,4,2,1,1,1,2,1,1,1,9,3,5,3,4,4,5,4,4,s3_36_up
321360,2,3,1,1,2,2,3,1,1,1,1,1,2,1,10,2,2,4,3,4,4,3,2,s1_below_8
321361,1,1,3,4,2,1,3,3,3,2,3,3,1,4,123,1,1,5,1,4,1,4,5,s3_36_up
321362,1,3,2,2,3,2,4,3,2,1,1,2,1,1,32,2,5,5,4,4,5,4,5,s2_8_36
321364,1,2,1,1,1,2,1,3,1,1,1,1,1,1,22,2,3,1,4,4,5,4,2,s2_8_36
321367,2,2,3,4,2,2,1,1,2,1,1,1,1,1,4,1,1,5,4,4,5,4,5,s1_below_8
321369,2,3,2,3,2,1,1,1,2,1,1,1,2,1,6,4,2,4,3,3,4,3,1,s1_below_8
321370,1,1,2,2,2,4,3,2,2,2,4,1,1,1,23,1,1,2,4,4,5,4,4,s3_36_up
321373,1,2,1,1,3,4,3,3,1,1,3,1,1,3,24,2,2,1,1,2,5,3,5,s3_36_up
321374,2,1,2,2,3,4,3,1,1,1,3,1,1,4,18,5,5,5,4,4,5,4,5,s3_36_up
321375,1,1,3,3,2,4,3,2,2,1,4,2,2,2,28,2,1,5,4,4,1,3,5,s3_36_up
321377,1,3,1,1,3,3,2,1,1,1,1,1,1,1,7,2,3,1,4,4,5,4,5,s2_8_36
321378,2,1,2,2,2,2,1,2,2,1,1,1,1,1,9,1,1,1,4,3,2,3,2,s3_36_up
321379,2,3,3,4,3,3,2,1,2,1,2,1,2,1,12,1,1,4,4,1,1,2,4,s2_8_36
321381,1,1,2,2,2,3,2,2,2,1,3,2,1,2,21,1,1,2,4,4,1,3,1,s3_36_up
321383,2,2,3,3,2,2,1,1,1,2,2,1,1,1,4,1,1,2,4,4,5,4,5,s2_8_36
321384,2,1,3,3,2,2,1,1,2,2,2,1,2,1,11,2,3,5,4,4,5,3,2,s1_below_8
321385,1,2,2,2,3,4,2,2,3,2,4,2,2,3,41,2,1,1,4,4,5,4,5,s3_36_up
321386,1,1,1,1,2,2,4,3,1,2,2,2,1,4,49,3,5,4,1,4,5,3,5,s2_8_36
321387,1,2,2,2,2,3,1,2,2,1,2,1,2,1,9,2,3,3,4,4,5,4,3,s3_36_up
321388,1,2,3,4,2,5,2,2,2,1,4,1,2,3,21,1,2,2,3,4,5,4,5,s3_36_up
321389,2,1,1,1,2,4,1,1,1,1,3,1,1,1,5,1,2,2,4,4,5,4,5,s3_36_up
321390,2,3,1,1,2,3,3,2,3,1,1,1,1,1,23,1,5,5,4,4,5,4,1,s2_8_36
321391,1,2,3,4,2,3,2,2,2,1,4,2,2,2,23,2,1,4,4,4,2,2,4,s2_8_36
321392,2,1,2,2,3,3,4,3,1,2,4,2,1,4,56,1,1,2,1,1,2,2,2,s3_36_up
321396,2,4,1,1,2,2,1,1,1,1,1,1,2,1,4,4,4,4,3,3,4,3,4,s1_below_8
321399,2,4,2,2,2,2,1,1,1,1,1,2,2,1,12,2,2,3,4,4,5,3,5,s1_below_8
321400,2,3,3,4,2,2,1,1,2,1,2,1,2,1,9,2,2,5,4,4,2,3,2,s2_8_36
321401,2,2,2,2,3,2,2,1,2,1,3,2,1,1,12,2,3,2,4,4,5,4,5,s1_below_8
321403,1,1,2,2,3,4,4,3,1,2,4,2,1,2,34,1,1,1,1,2,4,3,2,s3_36_up
321404,1,2,3,3,3,4,4,3,2,2,4,2,1,4,93,5,5,5,4,4,5,4,5,s3_36_up
321406,2,2,3,3,2,3,1,3,1,1,3,1,1,2,11,5,5,5,4,4,5,4,5,s3_36_up
321407,1,3,3,4,3,4,3,3,2,1,1,1,1,1,21,2,2,2,4,4,4,3,5,s3_36_up
321408,1,1,3,3,2,3,4,2,3,2,4,1,1,4,52,3,3,3,1,1,4,4,2,s3_36_up
321409,2,4,1,1,2,2,1,1,2,1,1,2,2,1,12,3,1,4,4,4,5,4,4,s1_below_8
321410,2,1,1,1,2,4,2,3,1,2,4,1,1,3,39,2,2,2,1,1,2,3,2,s3_36_up
321412,1,2,2,2,2,2,1,1,3,2,3,1,1,1,10,1,1,4,3,3,5,3,2,s1_below_8
321416,2,1,2,2,2,2,2,2,2,1,4,1,1,2,21,1,1,3,2,3,4,2,1,s1_below_8
321418,2,2,3,4,2,2,1,1,2,1,4,2,2,4,24,5,5,5,4,4,5,4,5,s2_8_36
321419,1,3,1,1,2,3,2,1,1,1,1,1,1,1,8,2,2,3,3,3,3,3,4,s1_below_8
321420,2,2,3,3,2,5,1,2,1,2,4,1,1,1,12,4,4,5,4,4,5,4,5,s3_36_up
321421,1,2,3,3,2,4,4,3,2,2,4,2,2,1,42,2,2,5,4,4,5,4,5,s3_36_up
321422,1,2,3,3,3,4,4,2,1,2,4,2,2,1,27,1,1,2,1,2,3,1,3,s3_36_up
321424,2,3,1,1,2,2,1,2,1,1,2,1,1,1,7,3,2,2,4,4,5,4,5,s2_8_36
321428,1,1,3,3,3,3,2,2,2,2,4,4,1,3,34,2,2,3,4,4,5,4,5,s3_36_up
321430,2,3,2,4,2,2,1,3,1,1,4,2,2,1,24,2,2,3,4,4,5,4,2,s2_8_36
321431,1,1,2,2,3,4,4,2,1,2,4,2,1,1,26,2,2,2,1,3,5,4,5,s3_36_up
321436,2,3,2,4,2,2,3,1,1,1,2,1,2,1,13,1,1,3,4,3,3,3,3,s2_8_36
321437,2,3,2,2,3,4,1,1,1,1,1,1,1,1,3,2,2,4,4,3,4,3,4,s2_8_36
321438,2,1,3,4,3,1,1,3,1,1,2,1,2,1,14,3,4,1,4,2,3,3,3,s1_below_8
321440,2,1,3,2,3,2,2,1,2,2,3,1,1,4,20,2,2,4,4,2,1,3,2,s2_8_36
321441,2,1,3,3,2,4,3,2,1,2,4,1,1,4,37,1,2,2,1,4,5,3,5,s3_36_up
321442,1,4,2,2,2,5,1,1,2,1,1,1,2,1,12,3,3,5,4,4,5,4,5,s1_below_8
321443,1,1,2,2,2,3,1,3,1,1,2,1,1,1,20,1,5,5,4,4,5,4,5,s3_36_up
321444,2,1,3,3,2,2,3,2,3,1,1,1,1,4,47,4,4,5,4,4,5,4,4,s2_8_36
321445,2,2,2,2,3,3,2,2,1,1,1,2,1,1,9,2,1,5,4,4,1,3,4,s1_below_8
321446,1,1,2,2,3,2,1,1,1,1,4,1,1,2,8,2,1,5,4,4,5,4,5,s1_below_8
321447,1,3,2,2,3,3,1,1,2,1,2,3,2,1,23,2,2,3,4,4,5,4,5,s1_below_8
321448,1,3,2,2,2,4,2,2,2,1,2,1,1,2,15,2,2,5,4,4,5,3,1,s3_36_up
321449,1,2,3,3,2,3,2,1,2,1,3,1,2,1,11,4,3,5,4,4,5,4,5,s1_below_8
321450,1,2,3,4,3,3,1,1,1,1,4,4,2,1,16,1,1,2,4,3,2,2,4,s2_8_36
321452,1,2,3,3,3,5,4,3,3,2,4,1,2,1,38,2,2,2,4,1,1,2,2,s3_36_up
321453,2,3,3,4,2,1,3,3,3,1,1,1,2,2,32,1,1,2,1,2,3,3,3,s1_below_8
321454,1,2,3,4,2,3,2,1,1,1,1,1,1,1,3,2,5,5,4,4,5,4,5,s1_below_8
321458,2,1,2,2,3,1,3,2,2,1,3,2,1,3,22,3,3,2,2,4,5,4,3,s2_8_36
321459,1,1,1,1,2,3,2,2,1,2,3,1,1,1,16,1,1,5,4,4,5,4,5,s3_36_up
321460,2,4,2,4,2,2,1,1,2,1,1,4,2,1,18,2,2,5,4,4,5,4,4,s1_below_8
321461,2,2,3,4,2,2,1,1,1,1,1,1,1,2,7,4,5,5,4,4,5,4,5,s2_8_36
321462,2,1,1,1,2,2,4,3,3,1,4,1,1,3,40,2,3,3,1,4,1,4,2,s1_below_8
321463,2,1,2,2,2,4,2,2,1,2,4,1,1,1,12,1,2,1,1,2,1,3,2,s3_36_up
321464,2,1,2,2,3,1,2,2,2,2,4,4,1,4,71,2,2,3,4,4,3,3,3,s2_8_36
321465,2,2,2,2,3,4,2,3,1,1,1,2,1,1,12,3,3,2,3,1,2,3,3,s2_8_36
321466,2,3,1,1,2,3,2,2,3,1,2,1,2,2,23,1,2,2,4,4,1,1,3,s2_8_36
321468,1,3,3,3,2,3,2,3,2,2,2,2,1,2,24,2,2,3,3,4,4,4,4,s2_8_36
321469,2,1,1,1,2,2,1,1,2,1,3,1,1,4,23,3,2,2,4,4,5,4,4,s1_below_8
321471,2,1,2,3,2,3,4,3,2,1,1,2,1,3,35,2,2,1,1,2,3,2,5,s2_8_36
321472,2,1,2,2,2,2,3,3,3,2,3,1,1,3,33,2,2,4,4,4,5,4,3,s2_8_36
321473,2,2,2,2,2,1,1,1,2,2,4,2,1,4,32,2,2,2,4,4,5,3,3,s1_below_8
321475,1,1,3,3,2,4,4,3,2,2,1,1,2,3,30,3,3,4,4,3,4,4,4,s3_36_up
321477,2,3,3,4,2,1,1,2,2,1,1,1,1,3,17,2,2,2,2,4,5,3,1,s2_8_36
321478,1,2,3,4,2,3,3,2,2,1,2,1,2,2,18,1,2,2,1,2,2,1,2,s3_36_up
321479,2,1,2,2,2,3,4,2,2,2,4,2,1,4,44,2,2,2,1,1,5,4,5,s3_36_up
321480,1,3,3,4,3,5,1,2,2,1,3,1,2,1,13,1,1,3,4,3,4,4,5,s3_36_up
321481,2,3,2,2,2,2,2,1,2,1,1,4,2,4,34,2,2,2,3,2,4,4,3,s1_below_8
321482,1,1,3,3,2,4,4,3,1,1,4,2,1,4,82,1,1,1,1,1,1,1,2,s3_36_up
321483,2,1,3,3,3,2,2,3,2,2,4,4,1,4,94,2,2,5,4,4,5,4,5,s2_8_36
321484,1,4,2,2,3,5,2,2,2,1,1,1,2,1,13,1,2,1,4,1,2,2,2,s2_8_36
321485,1,1,2,2,2,3,1,3,3,2,4,2,1,4,37,2,2,4,4,4,5,4,5,s3_36_up
321486,2,3,2,2,2,1,2,1,2,1,1,1,2,1,10,2,2,3,3,3,4,3,4,s1_below_8
321488,1,2,3,4,2,5,1,3,2,2,1,1,2,2,18,2,2,2,4,4,2,3,1,s3_36_up
321489,2,1,2,2,3,2,2,1,2,2,4,2,1,1,20,2,2,3,4,4,5,4,5,s2_8_36
321490,2,2,3,3,2,2,2,3,1,1,1,2,2,1,12,2,2,4,4,3,2,3,1,s2_8_36
321491,1,3,3,4,2,2,1,1,3,1,1,3,2,2,21,2,1,5,4,4,5,4,5,s1_below_8
321492,1,1,3,4,3,4,2,1,1,1,1,1,1,1,4,5,5,5,4,4,5,4,5,s3_36_up
321493,2,1,3,2,3,4,4,2,2,2,3,2,1,4,88,1,1,2,1,1,1,2,3,s2_8_36
321494,2,3,3,4,2,5,2,1,2,1,1,1,2,2,15,2,2,3,4,4,5,4,5,s1_below_8
321495,2,2,3,3,3,1,2,1,2,1,3,3,2,1,18,3,3,3,4,4,3,4,4,s2_8_36
321496,2,4,2,2,2,4,2,1,2,2,2,1,2,1,12,1,2,4,4,3,4,3,4,s1_below_8
321501,2,4,2,2,2,2,1,1,1,1,1,1,2,1,5,2,2,5,4,4,5,4,5,s1_below_8
321503,1,2,3,3,2,3,3,2,2,2,4,4,2,4,67,3,4,2,2,3,3,3,4,s3_36_up
321505,2,2,2,2,3,5,3,1,1,1,2,2,1,3,19,2,3,2,4,2,4,4,5,s2_8_36
321506,2,1,3,4,3,1,1,2,1,2,3,3,1,1,18,5,5,5,4,4,5,4,1,s2_8_36
321507,2,3,2,2,3,2,2,3,3,1,2,1,1,4,73,2,2,1,2,2,2,2,4,s2_8_36
321509,1,3,2,2,2,3,2,1,1,1,3,1,2,1,11,1,1,2,4,1,4,2,1,s3_36_up
321510,2,1,3,4,2,3,3,2,3,2,4,1,1,4,53,1,2,3,3,3,5,4,3,s2_8_36
321512,2,1,2,2,3,4,1,3,1,2,2,1,1,2,17,1,2,1,1,1,1,3,1,s3_36_up
321514,1,3,2,4,2,4,1,1,2,1,1,1,1,1,7,3,3,3,4,4,2,4,5,s3_36_up
321515,2,2,2,2,2,4,1,1,1,1,3,1,1,1,5,2,3,5,4,4,5,4,4,s1_below_8
321516,2,2,1,1,2,2,1,2,2,1,3,1,2,1,13,1,1,1,1,3,5,4,5,s2_8_36
321517,2,1,3,3,2,3,2,1,1,2,4,2,2,1,18,2,2,3,2,3,4,3,3,s2_8_36
321518,1,3,3,4,2,4,3,3,2,1,1,1,2,4,41,1,1,2,4,2,5,2,1,s3_36_up
321519,2,1,1,1,2,2,2,2,2,2,2,2,1,1,15,1,1,1,1,2,1,1,1,s2_8_36
321520,1,3,3,4,3,5,1,1,1,2,1,1,2,1,6,3,3,4,4,4,5,4,5,s3_36_up
321521,1,2,1,1,2,2,3,3,2,1,2,1,1,2,24,2,2,2,1,4,5,3,3,s1_below_8
321523,2,4,2,2,2,3,1,1,3,1,1,3,2,2,21,1,1,4,4,4,5,4,1,s1_below_8
321524,2,2,2,2,2,4,3,2,2,1,2,1,1,1,17,3,3,2,4,2,3,4,3,s3_36_up
321525,1,1,2,2,3,5,2,2,2,1,4,1,1,1,13,2,3,3,1,2,4,4,4,s3_36_up
321528,2,3,2,4,3,5,2,2,1,2,4,1,2,3,25,2,2,1,3,3,1,4,1,s3_36_up
321530,1,1,2,2,2,4,4,2,2,1,4,1,1,4,33,3,3,2,1,4,5,3,5,s3_36_up
321531,2,2,3,4,3,3,2,3,2,2,4,2,2,2,50,2,3,4,3,3,3,3,3,s2_8_36
321533,2,1,3,4,3,1,2,3,3,2,3,2,1,4,59,2,2,2,3,1,1,2,1,s1_below_8
321534,2,2,3,3,2,3,1,2,3,1,3,2,2,1,17,1,1,1,4,4,5,4,5,s2_8_36
321536,2,1,3,2,3,1,2,2,1,1,3,1,1,4,20,1,2,3,1,2,3,2,3,s2_8_36
321537,2,1,1,1,2,2,1,1,1,1,2,1,1,1,2,2,2,4,3,3,4,3,2,s1_below_8
321538,2,2,1,1,2,4,2,1,2,1,2,1,1,1,9,2,3,3,4,4,4,4,4,s3_36_up
321539,1,3,1,1,2,3,1,1,2,1,2,3,1,1,11,2,4,5,4,4,5,4,1,s1_below_8
321540,2,3,2,4,2,4,3,1,2,1,2,2,2,3,23,2,1,3,4,4,1,3,5,s1_below_8
321541,2,3,1,1,3,2,1,2,2,1,2,1,1,2,12,2,2,3,4,4,5,4,4,s3_36_up
321543,1,4,2,2,3,4,4,1,3,1,1,1,2,1,20,1,1,1,4,4,5,4,5,s1_below_8
321544,1,2,2,2,3,5,1,3,1,1,3,1,2,1,11,4,4,5,4,4,5,4,5,s3_36_up
321545,1,1,1,1,3,4,4,3,1,1,3,1,1,1,27,2,5,3,1,4,5,2,5,s3_36_up
321546,1,1,3,3,3,4,4,3,2,2,4,2,1,2,41,5,5,5,4,4,5,4,5,s3_36_up
321549,2,3,3,4,2,5,2,1,2,2,4,2,2,3,27,2,2,4,4,4,5,3,2,s1_below_8
321551,2,1,3,4,3,1,1,3,1,2,3,2,1,3,19,1,1,3,2,2,3,2,3,s2_8_36
321552,1,1,2,2,2,4,2,1,1,2,4,2,1,2,23,1,1,2,4,4,5,4,5,s3_36_up
321554,1,3,1,1,2,2,3,2,2,1,2,2,1,1,22,2,2,2,2,2,2,2,2,s1_below_8
321555,2,3,3,4,3,3,3,2,3,1,1,4,2,4,42,1,1,3,4,2,4,4,3,s2_8_36
321556,2,2,3,3,3,4,4,3,3,2,3,1,2,4,60,5,5,2,4,4,5,4,5,s3_36_up
321557,2,3,3,3,3,2,2,3,2,1,3,3,2,3,33,2,2,3,4,4,5,4,1,s2_8_36
321558,1,2,1,1,2,4,4,3,1,1,3,2,1,4,65,2,4,5,4,3,1,4,5,s2_8_36
321559,1,2,2,2,2,5,2,2,3,1,3,1,1,4,27,2,2,1,3,3,3,3,2,s3_36_up
321560,1,1,1,1,2,2,2,1,1,1,3,1,1,1,7,1,4,5,4,4,5,4,5,s1_below_8
321561,2,1,2,2,2,2,3,1,3,2,4,2,1,1,23,2,2,3,4,4,5,3,2,s1_below_8
321563,1,2,2,2,2,4,1,1,2,1,2,2,1,1,9,2,2,3,2,2,3,2,3,s3_36_up
321564,1,2,1,1,2,4,1,2,1,1,1,1,2,1,4,3,3,4,4,3,5,4,3,s3_36_up
321565,2,3,2,2,2,2,1,1,2,1,2,1,2,1,7,2,3,5,4,4,5,4,2,s1_below_8
321566,1,1,3,3,3,4,1,2,2,1,4,2,2,2,18,2,2,2,4,4,1,2,3,s3_36_up
321567,2,1,3,2,3,2,3,2,1,2,3,1,1,3,25,2,3,4,2,1,1,4,4,s1_below_8
321568,1,1,2,2,3,4,2,3,2,1,1,1,1,4,32,1,1,1,1,1,1,1,2,s3_36_up
321569,2,1,2,2,3,3,1,1,1,2,3,1,1,1,6,2,2,5,4,4,5,4,5,s2_8_36
321570,2,1,2,2,3,4,4,2,1,1,2,1,1,1,31,1,1,1,2,1,1,1,1,s3_36_up
321572,1,3,3,4,3,5,2,1,2,1,1,1,2,1,6,1,1,2,4,3,3,3,4,s3_36_up
321573,2,2,3,4,2,4,4,3,3,2,2,3,2,4,67,5,5,5,4,4,5,4,5,s2_8_36
321574,1,3,1,1,3,2,2,1,2,1,2,1,1,1,12,3,3,4,3,3,4,3,4,s2_8_36
321575,2,1,3,3,2,2,1,2,3,2,2,1,2,4,31,2,3,5,4,4,5,4,5,s2_8_36
321576,1,3,3,4,2,5,2,2,1,2,3,1,1,1,14,5,5,5,4,4,5,4,5,s3_36_up
321577,1,2,2,2,2,3,1,2,2,1,3,1,1,1,10,2,2,3,3,4,3,4,5,s3_36_up
321578,2,2,3,4,3,3,4,3,3,2,4,2,2,1,53,1,1,2,4,4,2,2,1,s2_8_36
321579,1,2,3,3,3,3,4,3,1,1,3,1,1,1,17,1,1,2,4,4,5,2,2,s3_36_up
321580,2,3,1,1,2,3,2,1,1,1,1,1,1,1,7,2,2,3,3,2,3,2,3,s1_below_8
321581,2,3,3,4,2,2,3,2,3,2,3,3,2,1,32,1,1,3,4,4,5,4,5,s2_8_36
321582,1,2,1,1,2,2,1,1,1,1,3,1,1,1,3,2,2,3,3,3,2,3,4,s1_below_8
321583,1,3,1,1,2,3,1,1,1,1,2,1,2,1,3,2,3,5,4,4,5,4,5,s1_below_8
321584,1,2,3,4,2,5,1,3,3,1,3,1,2,2,21,1,1,2,2,4,2,2,2,s3_36_up
321585,2,3,2,2,2,5,1,3,3,1,1,1,1,3,28,3,4,5,4,4,5,4,5,s2_8_36
321586,2,2,3,3,2,3,1,2,2,2,4,3,2,4,46,1,1,2,4,4,5,4,5,s3_36_up
321588,1,3,2,2,3,5,1,2,2,1,1,1,2,2,20,2,2,1,2,2,2,3,2,s3_36_up
321589,2,3,2,2,2,3,1,3,2,1,2,1,2,1,15,1,1,1,3,3,3,2,1,s2_8_36
321590,1,3,1,1,2,2,4,1,3,1,2,1,2,2,27,2,2,3,1,2,3,2,3,s1_below_8
321591,2,1,3,4,2,2,1,3,1,2,4,2,1,2,37,2,2,3,4,4,5,4,5,s2_8_36
321593,1,3,2,2,2,4,1,2,1,1,1,1,2,1,12,1,1,1,1,1,1,1,1,s2_8_36
321594,1,3,1,1,3,5,1,1,1,1,3,2,1,1,6,4,4,4,4,4,4,3,4,s3_36_up
321595,1,2,3,3,3,4,2,1,2,1,3,1,2,1,14,1,1,1,4,2,4,3,1,s3_36_up
321596,2,1,2,2,3,2,3,3,1,2,4,1,1,1,22,2,2,4,3,3,4,3,4,s2_8_36
321598,2,2,2,4,2,2,2,1,1,1,2,2,2,2,14,1,1,2,1,2,2,2,2,s1_below_8
321599,1,1,3,3,3,3,2,2,2,1,3,1,1,4,31,1,1,3,1,2,3,2,2,s3_36_up
321601,1,2,1,1,3,2,1,1,1,1,1,1,1,1,3,4,5,5,4,4,5,4,5,s2_8_36
321602,2,1,3,4,2,1,4,2,2,2,3,2,1,4,41,2,2,1,4,4,1,4,1,s2_8_36
321603,2,1,1,1,2,3,3,3,1,1,2,1,1,2,28,2,2,1,1,1,1,2,3,s3_36_up
321604,1,1,2,2,3,4,1,2,2,1,4,1,1,2,15,2,2,3,1,4,2,4,5,s3_36_up
321605,2,2,3,3,2,2,2,2,1,1,2,1,2,1,11,4,3,4,3,3,2,4,5,s2_8_36
321607,2,1,2,2,3,3,2,1,2,2,3,1,1,1,12,2,2,4,4,1,5,3,4,s3_36_up
321608,1,2,2,2,2,3,2,3,3,1,3,1,2,2,26,2,2,2,1,4,5,4,3,s3_36_up
321613,1,3,2,2,3,4,4,2,2,1,2,3,2,1,33,1,1,1,1,1,1,1,2,s1_below_8
321614,2,2,3,3,2,2,3,3,3,2,4,2,2,4,55,1,1,2,4,2,4,3,4,s2_8_36
321615,2,1,2,2,2,2,2,3,1,1,2,1,1,1,11,2,2,1,1,1,1,1,1,s2_8_36
321616,2,1,3,4,3,1,1,3,2,2,4,3,1,4,50,2,5,2,2,4,5,4,5,s2_8_36
321617,1,1,3,4,2,2,4,3,2,1,3,1,1,4,54,1,1,1,1,4,5,4,5,s2_8_36
321619,1,4,2,2,3,4,2,1,2,1,1,1,2,1,14,2,2,4,4,3,5,4,4,s1_below_8
321620,2,3,2,4,2,2,1,1,1,1,1,1,2,1,4,4,1,3,3,3,3,3,3,s1_below_8
321621,2,4,2,2,3,4,3,1,2,1,2,2,1,2,21,2,2,5,4,4,5,4,5,s1_below_8
321622,1,1,3,3,2,4,1,3,3,2,4,3,2,4,48,1,1,1,3,3,1,3,2,s2_8_36
321624,2,3,2,4,2,1,3,1,3,1,1,4,2,1,38,2,2,5,4,4,5,4,5,s1_below_8
321626,2,1,1,1,3,1,3,1,1,1,4,1,1,1,13,1,1,2,3,1,2,2,3,s2_8_36
321628,1,3,1,1,2,3,2,2,1,1,2,3,1,2,18,1,2,5,4,4,5,4,5,s3_36_up
321629,1,1,2,2,3,5,4,3,3,1,1,1,1,1,53,1,2,1,1,1,2,1,1,s3_36_up
321630,1,1,2,2,3,4,2,3,2,1,3,1,1,2,22,2,3,1,1,1,3,2,2,s3_36_up
321631,2,1,2,2,2,3,1,3,1,2,3,1,1,1,13,5,5,5,4,4,5,4,5,s3_36_up
321632,1,4,3,4,3,4,1,1,2,1,1,1,2,1,7,2,2,5,4,4,5,4,5,s1_below_8
321633,2,3,2,2,2,1,2,1,2,1,1,1,2,2,16,1,2,5,4,4,5,4,5,s1_below_8
321634,2,1,2,2,2,2,2,2,1,2,4,2,1,1,15,1,2,5,4,4,5,4,5,s2_8_36
321636,2,3,2,2,2,3,1,1,2,1,2,2,2,1,15,3,3,4,4,4,5,4,5,s1_below_8
321637,2,1,3,3,2,3,4,3,3,2,4,2,2,4,48,1,1,1,2,4,1,2,1,s2_8_36
321638,2,1,1,1,2,3,1,3,1,1,3,1,1,1,10,2,2,1,1,3,4,3,2,s3_36_up
321639,1,2,3,3,3,5,2,3,3,1,4,1,2,1,26,2,2,2,4,4,1,4,5,s3_36_up
321641,1,3,2,2,3,5,4,1,2,1,1,1,1,1,16,2,2,2,4,4,1,2,3,s1_below_8
321643,1,3,3,4,3,5,1,3,3,2,2,1,2,1,39,3,3,2,4,4,5,4,5,s3_36_up
321645,2,1,3,4,3,1,2,1,1,2,4,2,1,1,15,1,1,1,1,1,2,2,1,s2_8_36
321646,1,1,2,2,2,3,2,2,2,2,3,1,1,1,15,1,1,2,1,1,1,1,2,s2_8_36
321647,1,1,3,3,2,4,2,1,3,1,1,2,1,1,28,5,5,5,4,4,5,4,5,s3_36_up
321648,1,1,3,4,3,5,2,1,1,2,3,1,1,1,9,2,2,2,4,4,5,4,5,s3_36_up
321649,2,1,3,4,3,4,2,3,1,2,4,1,1,4,53,1,1,3,3,4,5,3,3,s2_8_36
321650,1,3,3,4,2,5,2,2,2,1,3,1,1,3,20,1,1,2,1,4,3,3,1,s3_36_up
321651,1,3,3,4,2,4,2,2,2,1,1,1,2,1,12,2,2,2,2,3,2,2,1,s3_36_up
321652,2,1,3,4,2,2,1,1,3,1,3,1,1,2,15,1,1,1,3,3,2,3,2,s2_8_36
321653,2,2,2,4,2,3,1,1,1,1,1,1,2,1,3,1,2,5,4,4,5,4,1,s1_below_8
321654,2,2,3,3,2,1,2,1,3,1,3,1,2,1,16,1,1,2,4,2,3,3,2,s1_below_8
321655,1,1,2,4,2,1,1,1,2,1,2,4,1,4,27,2,2,5,4,4,5,4,4,s2_8_36
321656,1,2,1,1,2,3,1,2,1,1,3,1,1,3,16,3,3,5,4,4,5,3,5,s3_36_up
321658,2,2,2,4,2,3,1,1,1,2,4,1,2,1,13,1,1,2,4,4,5,4,2,s2_8_36
321659,1,1,3,3,3,4,2,2,2,2,3,1,1,1,17,5,5,5,4,4,5,4,5,s3_36_up
321660,1,2,1,1,3,2,2,1,1,1,1,1,1,2,9,2,2,3,4,1,1,3,3,s1_below_8
321661,2,1,2,2,2,3,2,3,1,2,4,1,1,1,24,2,2,3,3,3,4,3,4,s3_36_up
321663,2,3,3,4,2,3,3,3,2,1,1,2,2,2,27,2,2,1,4,1,4,2,2,s3_36_up
321664,2,1,2,2,2,4,4,1,1,1,2,1,1,1,17,2,4,4,4,4,5,4,5,s1_below_8
321667,1,2,2,2,3,5,2,2,1,1,1,1,2,1,13,2,2,2,2,2,2,2,3,s3_36_up
321671,2,3,2,2,2,1,2,1,3,1,1,3,2,1,24,3,2,5,4,4,5,4,5,s1_below_8
321675,2,2,3,4,2,3,2,3,2,1,3,1,2,4,28,2,2,1,4,1,1,3,2,s2_8_36
321677,1,4,2,2,2,5,2,3,2,1,1,3,2,1,43,2,2,2,4,2,1,4,5,s1_below_8
321678,2,1,3,3,3,3,1,1,1,1,4,2,2,1,11,1,1,1,1,1,1,1,1,s2_8_36
321679,2,1,2,2,3,3,1,2,3,2,4,4,1,4,35,2,2,2,4,4,5,4,5,s3_36_up
321682,2,1,2,2,3,3,3,2,3,1,4,2,1,4,42,2,2,2,1,4,2,2,4,s3_36_up
321683,2,2,3,4,3,4,3,1,2,2,2,2,2,4,38,2,2,4,3,4,2,3,2,s1_below_8
321684,2,2,3,4,2,3,2,1,2,1,3,3,2,1,18,3,3,5,4,4,5,4,5,s2_8_36
321685,2,2,3,3,2,2,1,3,1,1,3,3,2,4,39,1,1,5,4,4,5,4,2,s2_8_36
321686,1,1,1,1,2,3,2,1,1,2,3,1,1,1,7,1,1,3,1,3,4,3,4,s3_36_up
321688,1,1,3,4,2,1,3,1,2,2,4,1,1,3,26,2,2,2,1,1,5,4,4,s1_below_8
321689,2,2,3,4,2,2,1,2,1,2,4,2,2,1,17,2,2,1,4,4,5,2,2,s2_8_36
321691,1,2,3,3,3,5,2,1,3,2,4,3,2,4,59,2,2,3,1,4,1,3,5,s3_36_up
321692,1,2,3,3,3,5,1,1,1,1,3,2,2,1,9,1,1,1,4,2,2,1,1,s3_36_up
321696,2,1,1,1,3,4,2,3,3,1,3,1,1,4,31,2,2,2,4,1,5,4,2,s2_8_36
321697,2,1,2,2,3,1,3,2,1,2,4,3,1,4,53,1,1,5,1,3,1,3,1,s2_8_36
321698,1,3,1,1,2,5,1,1,1,1,1,3,1,1,9,2,1,2,2,2,3,2,2,s3_36_up
321699,1,2,2,2,3,5,1,1,2,1,3,1,1,1,6,2,2,5,4,4,5,4,5,s3_36_up
321700,2,4,2,2,2,2,2,1,2,1,1,1,2,4,23,1,2,4,4,4,5,4,5,s1_below_8
321701,1,1,1,1,3,4,4,3,3,1,4,1,1,4,66,2,2,2,1,2,2,3,4,s3_36_up
321702,1,2,3,3,3,4,1,1,1,1,2,1,2,1,5,5,5,5,1,4,5,4,5,s3_36_up
321704,2,2,3,4,2,5,3,2,2,2,4,1,1,4,33,1,1,2,4,3,5,3,2,s2_8_36
321706,1,2,1,1,2,1,1,3,1,1,2,2,1,1,14,3,5,5,4,4,5,4,5,s2_8_36
321707,2,2,2,3,3,5,3,2,2,2,2,1,2,4,26,2,2,2,4,4,5,4,5,s2_8_36
321708,1,3,2,2,3,5,2,3,1,1,1,1,1,1,11,2,2,2,4,4,5,3,5,s3_36_up
321709,2,4,2,2,2,1,2,1,3,1,1,3,2,2,26,2,2,5,4,4,5,3,5,s1_below_8
321710,2,1,3,2,3,1,2,1,2,1,3,1,1,4,22,1,1,1,1,1,5,2,1,s1_below_8
321711,2,1,1,1,2,2,3,3,1,2,3,1,1,4,39,2,2,2,1,2,2,2,2,s2_8_36
321712,1,2,3,4,2,3,3,2,3,1,1,2,2,4,37,1,1,1,3,1,1,2,1,s3_36_up
321713,2,2,3,3,2,3,3,3,3,1,3,3,2,4,70,1,1,1,1,1,2,1,2,s2_8_36
321714,1,2,3,3,3,4,1,1,2,1,1,1,2,1,14,2,2,1,4,1,1,3,1,s3_36_up
321715,2,1,3,4,3,1,3,3,1,1,3,1,1,3,23,2,3,3,1,2,2,2,3,s1_below_8
321716,1,2,3,3,3,4,4,2,1,1,2,1,2,3,33,2,5,5,4,4,5,4,5,s3_36_up
321717,2,1,2,2,2,3,1,1,1,2,4,1,1,1,7,2,2,3,3,3,3,3,2,s2_8_36
321718,2,1,2,2,3,3,4,3,2,2,4,2,1,4,46,2,5,2,1,4,5,3,5,s2_8_36
321719,1,1,3,3,2,5,4,3,1,2,4,1,1,2,33,1,2,5,4,4,5,4,5,s3_36_up
321722,1,1,1,1,2,3,1,1,1,1,3,1,1,1,3,1,1,4,4,4,5,4,5,s2_8_36
321723,1,3,2,2,3,3,4,1,3,1,1,1,2,1,43,1,3,5,4,4,5,4,5,s1_below_8
321724,2,2,2,2,2,1,1,3,1,1,1,1,2,1,12,2,2,2,4,3,4,4,4,s2_8_36
321725,1,1,3,4,3,1,2,1,3,2,4,2,1,4,64,1,1,3,1,1,2,2,3,s2_8_36
321727,2,3,2,2,2,1,2,1,3,2,4,4,2,4,38,2,2,5,4,4,5,4,1,s2_8_36
321729,1,4,2,2,3,5,1,1,1,1,1,1,1,1,1,4,4,4,4,4,5,4,5,s1_below_8
321733,2,2,3,3,2,3,2,2,2,2,4,2,2,1,21,1,1,2,4,4,2,2,4,s3_36_up
321734,2,1,2,2,2,2,1,3,2,1,1,1,1,3,35,2,2,4,3,3,5,4,2,s2_8_36
321735,1,4,3,4,3,5,1,2,1,2,2,1,1,1,8,2,3,5,4,4,5,4,1,s2_8_36
321736,1,4,2,4,2,5,1,1,2,1,1,1,2,1,10,1,1,2,4,4,1,3,5,s1_below_8
321738,2,1,2,2,3,3,1,1,1,1,3,1,1,1,7,2,2,2,1,4,5,4,5,s3_36_up
321764,2,2,3,4,2,2,2,1,3,1,2,1,1,1,13,2,2,5,4,4,5,4,5,s1_below_8
321765,2,1,3,3,3,4,2,2,1,1,4,1,2,3,20,5,5,5,4,4,5,4,5,s3_36_up
321767,2,2,2,2,3,4,2,3,3,2,3,2,1,4,68,2,5,5,4,4,5,4,5,s2_8_36
321768,1,1,3,3,2,3,2,2,3,1,3,1,2,2,20,1,1,2,3,4,5,2,5,s3_36_up
321769,2,1,3,3,2,3,1,1,2,1,4,2,2,3,20,4,4,5,4,4,5,4,5,s2_8_36
321771,1,3,1,1,2,2,4,2,1,1,1,1,1,1,18,2,3,3,4,4,5,4,3,s2_8_36
321772,2,1,1,1,2,3,3,2,2,1,3,1,1,3,22,2,2,2,1,2,2,2,2,s3_36_up
321773,2,1,2,2,3,4,2,1,1,1,3,2,1,4,43,1,1,1,3,2,3,3,3,s3_36_up
321774,2,2,3,4,3,4,1,2,1,1,2,1,2,1,5,5,5,5,4,4,5,4,5,s3_36_up
321775,2,1,2,2,3,2,1,3,3,2,4,2,1,4,36,4,4,4,4,4,4,4,4,s2_8_36
321776,2,3,3,4,2,1,1,3,2,1,4,1,2,1,17,4,4,4,4,4,5,4,5,s1_below_8
321777,2,2,1,1,2,2,1,1,2,1,2,1,1,1,6,2,2,2,3,4,5,4,2,s1_below_8
321778,1,2,1,1,3,5,1,1,1,1,3,1,1,1,7,1,3,3,4,4,4,4,5,s3_36_up
321779,2,3,3,4,3,4,2,1,2,1,4,1,2,1,12,1,1,5,4,4,5,4,5,s1_below_8
321780,1,3,2,2,3,3,4,3,2,2,4,1,2,2,73,2,2,2,4,4,4,4,5,s1_below_8
321782,1,1,2,2,2,2,3,2,2,2,3,1,1,1,22,1,2,2,1,1,1,3,2,s2_8_36
321783,2,2,3,4,3,2,2,3,3,1,1,1,2,4,43,1,1,2,3,1,2,2,1,s2_8_36
321784,1,3,2,2,2,4,2,1,2,1,1,3,1,1,15,5,5,5,4,4,1,4,5,s2_8_36
321786,1,1,2,2,2,4,1,2,3,2,4,2,1,3,29,1,1,1,1,1,1,2,1,s3_36_up
321787,2,3,3,4,2,1,2,2,3,1,3,1,2,1,43,1,1,2,3,3,4,4,2,s1_below_8
321789,2,1,1,1,3,2,2,2,1,2,3,1,1,2,16,3,3,3,1,4,5,4,4,s2_8_36
321791,1,3,3,3,2,4,1,3,2,1,1,1,2,1,10,3,5,5,4,4,5,4,5,s3_36_up
321792,2,1,2,2,3,3,4,3,1,1,1,3,1,3,48,3,3,3,3,1,5,4,5,s3_36_up
321793,1,3,2,2,2,3,1,2,1,1,1,2,1,1,9,2,2,3,3,3,4,4,5,s3_36_up
321797,2,1,2,2,2,2,1,2,1,1,4,1,1,3,15,1,1,2,4,1,2,3,3,s1_below_8
321801,2,2,2,2,3,5,1,2,2,1,2,1,1,1,9,3,4,4,4,3,5,4,5,s3_36_up
321804,1,3,3,4,3,5,2,2,2,1,1,1,2,2,25,2,1,1,3,2,4,3,5,s1_below_8
321807,2,2,3,4,2,1,1,2,2,1,4,3,1,1,18,2,2,3,4,4,4,3,3,s2_8_36
321808,2,1,3,4,2,1,3,3,1,2,4,2,1,4,35,1,3,2,4,4,5,3,5,s1_below_8
321811,2,2,2,2,2,2,1,3,2,1,2,2,2,2,22,2,2,2,3,3,1,3,2,s2_8_36
321812,1,1,3,3,3,5,3,2,3,1,4,2,2,1,39,1,1,3,3,3,3,3,4,s2_8_36
321814,2,1,3,3,3,1,1,1,1,1,4,3,2,1,18,2,2,5,4,4,5,4,5,s2_8_36
321815,1,3,1,1,2,3,3,1,3,1,2,4,2,1,28,2,3,5,4,4,5,4,5,s1_below_8
321817,2,1,3,2,3,1,2,1,1,1,4,1,1,3,15,3,4,4,3,3,3,3,4,s1_below_8
321819,1,1,3,3,2,4,4,3,3,2,4,2,2,2,77,2,3,1,4,4,5,4,5,s3_36_up
321821,2,1,2,2,3,4,3,3,2,2,4,2,1,1,24,2,5,5,4,4,5,4,5,s3_36_up
321822,2,1,2,2,3,4,1,3,2,2,1,1,1,4,48,2,3,2,3,3,3,3,3,s3_36_up
321823,2,1,1,1,3,1,2,1,1,1,2,2,1,4,20,2,3,5,4,4,5,4,5,s2_8_36
321824,2,2,3,3,2,2,2,2,1,2,3,2,2,3,25,1,1,2,4,4,2,1,3,s2_8_36
321825,2,1,3,3,3,1,4,2,3,1,4,4,2,4,66,2,2,5,4,4,5,4,5,s2_8_36
321826,1,1,1,1,2,3,1,3,2,2,3,1,1,4,26,2,2,4,4,4,5,4,5,s3_36_up
321827,2,2,1,1,3,4,3,3,1,1,2,1,1,1,21,2,2,4,4,4,5,3,3,s2_8_36
321828,1,3,2,2,3,5,4,3,3,1,1,1,1,4,39,1,1,2,2,2,3,2,3,s2_8_36
321829,2,1,3,3,2,4,1,3,2,1,4,2,2,1,24,2,2,3,4,4,5,4,4,s2_8_36
321830,2,3,3,4,3,1,2,3,2,1,2,2,2,1,34,5,5,5,4,4,1,4,1,s1_below_8
321831,1,1,3,3,3,3,1,2,1,2,3,1,1,1,11,1,1,2,4,4,5,4,5,s3_36_up
321832,2,1,3,3,3,1,2,1,1,1,4,2,1,3,16,1,3,2,4,4,5,4,5,s1_below_8
321833,1,1,1,1,2,4,4,2,3,1,2,1,1,2,28,2,2,1,1,3,1,1,5,s3_36_up
321835,1,3,1,1,2,4,2,3,3,1,1,2,1,1,40,1,5,5,4,4,5,4,5,s3_36_up
321836,2,1,2,2,3,3,2,1,1,1,4,1,1,2,14,2,2,3,1,3,5,4,3,s3_36_up
321837,1,1,2,2,3,5,3,3,2,1,3,1,1,4,35,2,2,2,1,3,1,2,5,s2_8_36
321839,2,3,2,4,2,3,1,1,2,1,2,1,1,1,9,2,4,5,4,3,5,3,4,s2_8_36
321840,2,3,3,4,3,5,2,2,2,2,1,4,2,2,28,2,2,5,4,4,5,4,5,s3_36_up
321841,2,1,1,1,3,2,4,1,1,2,3,2,1,3,24,1,2,2,4,2,5,4,3,s1_below_8
321842,2,1,1,1,3,4,4,1,2,2,4,2,1,4,45,2,3,2,1,3,1,3,3,s3_36_up
321848,1,3,2,2,2,3,1,1,2,2,2,1,2,1,11,1,1,1,1,1,1,1,1,s3_36_up
321852,1,2,2,2,2,3,3,2,2,1,4,2,2,3,27,2,3,5,1,4,5,4,5,s3_36_up
321853,1,3,3,4,3,5,2,2,2,1,4,2,2,3,27,2,2,1,4,4,5,4,5,s3_36_up
321855,2,1,2,3,2,2,2,1,1,2,3,1,2,4,30,1,2,2,3,4,5,2,2,s2_8_36
321856,2,1,3,3,3,5,2,1,1,1,3,1,2,1,11,4,4,2,4,4,5,4,5,s3_36_up
321857,2,1,1,1,3,4,2,3,1,2,3,1,1,1,18,2,2,4,3,4,5,4,5,s3_36_up
321858,1,2,3,4,3,5,1,3,2,1,4,1,2,2,23,3,4,2,3,4,5,4,5,s3_36_up
321859,1,3,3,3,2,3,1,1,2,2,2,2,2,1,13,1,2,2,4,4,1,3,1,s2_8_36
321861,1,1,2,2,3,3,1,3,2,2,4,1,1,3,29,1,3,4,3,3,1,3,1,s3_36_up
321862,2,1,3,2,3,2,4,1,1,2,3,1,1,2,21,1,2,1,1,2,1,3,2,s1_below_8
321863,1,2,3,3,3,5,4,3,3,2,4,2,2,4,104,2,2,2,3,3,4,2,2,s3_36_up
321865,2,1,3,3,3,4,1,3,1,1,4,3,2,3,33,1,1,2,2,2,3,2,3,s3_36_up
321866,1,3,2,2,2,3,3,2,2,1,1,3,2,2,34,2,5,5,4,4,5,4,5,s2_8_36
321867,1,1,2,2,3,5,1,2,2,1,3,1,1,1,9,1,2,1,1,2,2,2,3,s3_36_up
321869,2,1,3,3,2,3,1,1,2,2,4,1,1,4,24,1,1,2,4,3,5,4,1,s1_below_8
321870,1,3,2,2,2,5,2,2,2,1,1,2,2,1,21,2,2,3,4,4,5,4,5,s2_8_36
321873,1,2,3,3,3,4,2,1,1,1,4,1,2,3,19,4,4,4,3,3,3,3,4,s2_8_36
321874,1,1,3,3,3,3,4,1,2,1,4,2,2,1,26,2,1,2,1,4,1,2,1,s3_36_up
321876,2,2,3,4,2,3,1,1,3,1,3,3,2,4,43,3,2,3,4,4,2,2,2,s1_below_8
321877,2,2,3,4,3,4,2,2,2,2,3,4,1,1,24,2,2,5,4,4,5,3,5,s1_below_8
321879,1,4,2,2,3,5,2,1,2,1,1,2,2,1,19,2,2,3,4,4,5,4,5,s1_below_8
321881,2,1,2,2,3,3,1,1,1,1,1,1,1,1,2,1,1,2,3,1,1,3,1,s3_36_up
321882,1,1,3,3,2,3,1,1,1,1,2,1,1,1,8,2,2,3,2,1,5,4,2,s3_36_up
321883,2,3,2,2,2,1,2,1,2,1,2,1,1,1,10,2,2,2,4,3,1,4,2,s2_8_36
321884,2,3,3,4,3,4,2,1,2,1,1,1,2,1,12,4,3,4,4,3,3,4,5,s1_below_8
321886,2,3,2,4,2,5,2,1,2,1,3,1,2,3,20,2,2,2,4,2,2,3,2,s1_below_8
321888,1,1,3,3,3,4,1,2,1,2,1,1,2,1,8,2,2,5,4,4,5,4,5,s3_36_up
321889,2,3,2,2,2,1,1,1,2,1,2,1,1,1,6,2,3,4,4,4,5,4,4,s1_below_8
321890,2,3,1,1,2,2,3,1,3,1,1,1,2,1,17,2,2,4,4,4,1,4,2,s1_below_8
321891,2,2,3,4,3,4,4,1,1,1,4,1,2,4,43,1,5,5,4,4,5,4,5,s2_8_36
321894,2,2,3,3,3,3,1,2,2,1,3,1,1,1,8,4,4,5,4,4,1,4,5,s2_8_36
321895,1,1,3,3,3,4,2,2,1,2,2,1,2,1,12,1,1,1,1,1,1,1,1,s3_36_up
321896,2,1,2,2,3,3,3,3,1,2,2,1,1,2,24,1,1,3,2,4,5,2,3,s2_8_36
321900,2,2,1,1,3,2,1,3,3,2,4,2,1,4,55,2,5,5,4,4,5,4,5,s1_below_8
321901,2,1,3,3,2,3,2,3,1,2,4,4,2,4,78,2,2,3,4,3,2,3,3,s2_8_36
321903,2,1,1,1,2,2,2,1,3,2,2,1,2,1,17,2,2,2,4,4,4,4,1,s2_8_36
321905,2,3,1,1,3,4,3,1,2,1,1,2,1,1,15,1,1,1,4,4,5,4,5,s3_36_up
321906,1,2,3,3,2,4,3,2,1,2,2,1,1,1,17,2,2,3,1,4,5,2,5,s3_36_up
321907,2,3,2,2,3,4,3,2,2,1,3,1,1,1,17,2,2,2,3,3,5,4,4,s1_below_8
321908,1,2,2,2,3,3,1,3,2,1,2,1,1,2,20,3,4,1,1,1,1,4,2,s2_8_36
321909,2,3,3,4,3,1,3,3,3,2,2,1,2,2,28,1,1,3,4,4,5,3,3,s3_36_up
321910,2,2,3,3,3,4,1,3,2,2,2,1,2,1,19,1,1,2,2,2,3,2,2,s2_8_36
321911,2,1,3,3,2,3,1,1,1,2,3,1,2,1,8,2,3,4,3,3,4,3,4,s2_8_36
321912,1,3,2,4,2,3,1,2,3,1,1,2,2,1,16,2,4,5,4,4,5,4,5,s1_below_8
321914,1,2,3,3,2,4,2,2,2,1,3,2,2,1,19,1,1,2,4,4,2,2,4,s3_36_up
321919,1,1,3,4,2,1,2,1,1,1,1,1,1,1,7,5,5,5,4,3,5,4,5,s1_below_8
321920,2,1,3,4,3,1,3,1,1,2,4,1,1,4,61,1,1,3,3,3,4,3,4,s2_8_36
321924,1,1,3,3,3,1,1,1,2,1,1,1,1,1,4,1,2,2,4,4,5,4,2,s1_below_8
321925,1,1,3,4,3,3,1,2,1,1,4,1,1,1,11,1,3,2,4,3,2,3,2,s3_36_up
321926,2,3,2,4,2,2,3,3,2,1,1,3,2,4,43,1,1,4,4,4,5,4,5,s2_8_36
321927,1,2,3,3,2,3,3,3,2,2,2,1,2,2,33,1,1,3,2,2,5,4,3,s2_8_36
321928,2,3,2,2,2,1,3,1,2,1,3,4,1,4,65,2,2,2,1,2,3,2,1,s1_below_8
321930,2,3,1,1,3,3,4,2,1,1,3,2,2,1,21,2,2,3,4,2,2,2,5,s2_8_36
321933,1,3,1,1,3,3,1,1,1,1,1,1,1,1,4,2,2,1,4,1,1,3,2,s2_8_36
321936,2,2,2,2,2,4,2,1,2,1,4,1,1,4,32,1,3,2,2,2,3,2,2,s2_8_36
321937,2,1,1,1,3,4,2,3,1,2,2,3,1,4,31,2,3,2,1,2,1,3,2,s3_36_up
321940,1,1,2,2,2,3,3,3,2,2,3,2,1,4,44,2,2,2,4,4,5,4,5,s3_36_up
321941,1,3,1,1,2,2,3,1,1,1,1,1,2,1,12,2,2,3,4,4,5,4,5,s1_below_8
321943,2,2,3,4,2,3,1,3,2,1,4,2,1,4,46,2,2,3,4,4,2,4,4,s3_36_up
321945,2,4,2,2,3,3,4,1,3,1,1,3,1,2,29,2,2,2,4,4,1,3,2,s1_below_8
321946,1,1,1,1,2,4,1,2,2,2,3,1,2,4,24,1,1,2,3,1,2,1,5,s3_36_up
321950,2,2,2,2,3,1,1,3,2,1,1,3,1,2,18,1,5,5,4,4,5,4,5,s1_below_8
321951,1,3,1,1,2,2,1,2,3,1,1,2,1,4,27,5,5,5,4,4,5,4,5,s1_below_8
321952,1,3,2,2,2,3,1,2,1,1,1,1,1,2,9,3,2,3,2,2,1,2,3,s1_below_8
321953,1,1,3,4,2,1,4,3,1,2,3,1,1,4,68,1,3,5,4,4,5,4,5,s1_below_8
321955,1,2,3,3,2,4,3,3,3,2,2,1,1,4,38,1,1,1,2,2,5,3,2,s3_36_up
321956,2,1,3,3,3,1,3,1,3,2,4,4,2,4,55,2,2,1,4,4,1,2,1,s1_below_8
321957,1,1,1,1,3,1,2,1,1,1,3,1,1,1,8,1,2,5,4,4,1,4,5,s1_below_8
321958,1,1,3,4,2,1,3,2,1,2,4,2,1,4,29,1,1,1,1,1,1,1,2,s2_8_36
321959,1,1,3,2,3,4,2,2,2,1,1,1,1,1,12,2,2,2,4,4,5,4,5,s2_8_36
321965,2,2,1,1,3,2,3,3,3,1,2,1,2,2,34,1,1,5,4,4,5,4,5,s3_36_up
321966,1,2,1,1,3,5,2,2,1,1,2,1,1,2,10,2,4,4,3,4,4,4,4,s3_36_up
321967,2,1,1,1,3,2,1,1,2,2,2,1,1,1,6,3,3,4,4,4,5,4,5,s1_below_8
321968,2,1,3,3,2,2,4,1,1,1,4,2,2,1,25,2,4,4,4,4,5,4,2,s2_8_36
321969,2,2,3,3,3,2,2,2,3,1,4,3,1,1,26,3,3,3,3,2,1,3,5,s1_below_8
321971,2,4,2,2,2,4,2,1,1,1,2,3,2,3,26,2,1,2,4,2,3,1,2,s1_below_8
321972,2,3,3,4,2,1,3,1,2,1,1,1,2,2,19,2,2,1,4,4,5,4,4,s1_below_8
321973,2,1,1,1,3,1,2,2,1,2,2,2,1,1,11,1,1,1,4,2,4,2,1,s2_8_36
321974,2,1,3,3,3,1,1,1,1,1,2,1,2,1,8,1,1,1,4,4,5,4,5,s1_below_8
321978,2,1,3,3,3,3,4,3,3,2,4,2,2,3,70,2,2,3,3,4,5,4,4,s2_8_36
321979,2,3,2,2,2,4,2,1,2,1,1,1,2,3,20,1,1,2,4,3,5,3,4,s1_below_8
321980,2,2,3,3,2,2,1,1,3,2,4,2,2,1,20,2,2,4,4,4,5,4,5,s2_8_36
321982,2,2,3,4,2,3,1,2,2,1,1,1,2,1,11,3,3,2,4,4,5,4,5,s2_8_36
321984,2,3,2,2,2,5,1,2,2,1,3,1,2,1,10,3,4,5,4,4,5,4,5,s3_36_up
321985,2,3,2,4,2,1,1,1,3,1,3,1,2,1,14,2,1,5,4,4,5,4,5,s2_8_36
321986,1,1,2,2,3,4,1,3,1,1,3,1,1,1,11,2,2,5,1,4,5,4,5,s3_36_up
321987,1,4,2,2,2,4,1,3,3,1,1,1,2,1,18,2,3,3,4,4,5,4,5,s1_below_8
321988,2,2,2,2,3,1,1,3,1,1,4,2,1,2,19,2,2,4,4,4,3,4,2,s2_8_36
321989,2,2,2,2,2,2,3,3,2,1,1,2,2,2,27,2,2,1,2,2,3,2,1,s2_8_36
321991,2,4,2,2,2,4,4,3,3,1,1,4,2,4,76,1,5,5,4,4,1,4,5,s1_below_8
321993,1,1,2,2,3,3,3,3,3,2,4,2,1,2,53,3,3,2,1,1,4,3,4,s3_36_up
321994,1,4,2,2,3,5,3,1,2,1,2,1,2,1,20,2,2,5,4,4,5,4,5,s1_below_8
321995,1,4,2,2,2,3,4,2,3,1,1,1,1,1,20,2,3,1,4,4,5,4,5,s1_below_8
321996,1,1,3,2,3,2,1,1,1,1,2,2,1,1,5,5,5,5,4,4,5,4,5,s1_below_8
321997,2,1,1,1,3,3,2,2,1,1,3,1,1,1,9,4,4,4,3,2,3,3,2,s2_8_36
321998,2,2,2,3,2,4,2,2,1,2,3,1,2,1,13,2,2,3,4,4,2,3,2,s2_8_36
322001,1,1,2,2,2,2,1,1,1,2,2,1,1,1,5,1,1,2,3,2,4,2,2,s2_8_36
322002,2,3,2,2,2,3,3,2,2,1,1,1,2,3,22,2,2,3,4,4,3,4,3,s2_8_36
322004,2,3,2,2,3,4,4,1,1,1,3,1,2,2,21,2,2,3,4,2,3,3,4,s3_36_up
322005,2,3,2,2,2,1,2,2,1,1,1,4,1,1,19,3,3,4,3,4,5,4,5,s2_8_36
322007,1,1,3,4,2,1,2,2,2,2,3,2,1,4,38,2,2,4,1,1,1,3,4,s2_8_36
322008,2,1,3,3,3,1,1,1,3,1,4,4,2,2,36,2,2,4,4,4,3,3,5,s1_below_8
322009,2,3,2,2,2,4,4,2,2,1,1,1,2,1,25,2,2,2,4,3,5,2,5,s1_below_8
322011,1,2,2,2,2,5,1,2,1,1,3,1,1,1,7,3,3,3,1,4,5,4,5,s3_36_up
322014,2,2,1,1,3,3,1,2,2,1,1,1,1,1,9,1,5,5,4,4,5,4,5,s3_36_up
322016,1,2,3,4,2,2,4,1,2,1,1,1,1,3,20,1,5,5,4,4,5,4,1,s1_below_8
322017,1,1,3,4,2,3,1,2,1,1,1,1,1,1,7,1,1,4,3,3,4,3,4,s3_36_up
322018,1,2,3,3,2,2,2,1,2,2,4,1,2,2,17,2,3,3,3,4,5,4,5,s3_36_up
322022,1,3,2,2,2,3,1,2,2,1,2,1,2,1,9,4,4,4,4,4,5,4,5,s3_36_up
322024,1,1,3,4,2,4,2,2,2,2,3,1,1,1,13,1,5,5,4,4,5,4,5,s3_36_up
322025,1,2,1,1,3,5,4,1,2,1,2,1,1,1,26,2,4,2,4,1,5,3,2,s3_36_up
322026,2,2,1,1,2,2,1,1,2,1,3,1,1,1,10,2,2,2,3,3,5,4,4,s2_8_36
322027,2,2,1,1,2,3,1,1,1,1,2,1,1,1,5,2,5,4,4,4,5,4,5,s1_below_8
322028,1,3,3,3,2,5,1,1,2,1,2,1,2,1,8,1,2,2,2,2,1,2,3,s3_36_up
322029,2,1,3,3,2,2,4,2,2,2,3,1,2,4,41,1,1,1,1,1,2,2,1,s2_8_36
322031,1,1,1,1,3,2,1,1,1,1,3,2,1,1,8,3,2,3,4,2,2,4,3,s2_8_36
322032,2,2,2,4,2,3,3,2,2,1,1,1,2,2,22,2,2,3,3,3,3,3,2,s3_36_up
322033,1,1,3,4,3,2,4,1,2,2,4,2,1,4,49,2,2,3,1,3,2,3,3,s1_below_8
322034,1,1,2,2,3,4,4,2,1,1,2,1,1,4,30,5,5,5,4,4,5,4,5,s3_36_up
322035,1,3,3,4,3,5,4,3,1,1,3,2,2,1,37,3,4,1,4,4,1,3,3,s3_36_up
322036,1,1,2,2,3,4,1,1,1,1,3,1,1,1,4,2,5,5,4,4,5,4,5,s3_36_up
322039,2,3,2,2,3,3,2,1,2,1,1,1,2,1,10,2,2,4,4,4,5,4,2,s1_below_8
322041,2,1,3,3,2,4,1,2,1,1,2,2,1,1,8,5,5,5,4,4,5,4,5,s3_36_up
322043,1,1,3,3,2,4,2,3,2,1,3,1,2,3,25,1,2,5,4,4,5,4,5,s3_36_up
322044,1,1,1,1,3,1,2,1,1,2,3,1,1,2,15,2,3,3,4,4,5,2,5,s1_below_8
322045,1,1,3,4,2,1,1,1,3,1,3,1,1,2,15,4,4,4,4,3,3,2,4,s1_below_8
322049,2,4,1,1,2,3,4,3,3,1,1,2,2,3,48,3,3,5,4,4,5,4,2,s1_below_8
322053,2,2,3,3,3,1,1,1,1,1,4,3,2,3,22,4,4,4,3,3,4,3,4,s1_below_8
322054,1,4,2,2,2,5,2,1,1,1,1,2,2,2,16,2,2,3,4,3,4,4,1,s2_8_36
322055,2,2,3,4,2,3,2,3,3,1,2,2,2,2,34,1,1,2,3,2,1,3,2,s2_8_36
322058,1,2,3,3,3,4,1,3,2,2,4,2,1,1,19,2,2,4,3,4,5,4,5,s3_36_up
322059,1,1,2,2,2,3,4,3,3,1,4,1,1,4,54,2,5,3,4,4,5,2,5,s3_36_up
322062,1,4,2,2,2,4,2,1,2,1,1,3,2,1,22,1,5,5,4,4,5,4,5,s1_below_8
322063,1,1,3,4,3,2,3,2,1,2,4,2,1,1,18,2,5,5,1,4,1,4,5,s2_8_36
322064,2,1,3,3,3,3,2,2,2,1,3,1,1,1,15,3,3,5,4,4,5,4,5,s3_36_up
322066,1,1,3,4,3,2,1,2,1,1,2,1,1,1,6,2,2,4,1,1,2,3,4,s2_8_36
322067,2,3,3,1,2,3,1,3,1,1,1,1,2,1,14,3,2,2,4,1,2,3,2,s1_below_8
322068,1,2,2,2,3,5,1,1,1,2,3,1,1,1,7,2,1,1,2,1,1,2,1,s3_36_up
322070,2,3,2,2,2,3,2,2,2,1,2,1,1,2,16,2,2,2,2,2,2,2,1,s2_8_36
322071,1,1,3,4,2,1,2,1,1,1,3,1,1,4,18,1,1,3,1,3,3,2,3,s1_below_8
322072,2,2,3,3,3,1,2,1,1,1,3,1,2,1,13,3,3,4,4,4,5,4,5,s2_8_36
322073,2,2,2,4,2,2,1,2,1,2,3,1,2,1,18,2,3,5,4,4,5,4,5,s1_below_8
322074,2,3,1,1,2,4,2,3,3,1,2,1,2,1,39,1,1,4,4,4,5,4,5,s3_36_up
322075,1,3,3,4,3,5,4,2,3,1,1,4,2,4,72,1,1,5,4,4,5,4,5,s2_8_36
322076,1,1,1,1,2,3,4,3,1,1,4,1,1,1,32,2,2,2,1,1,2,2,2,s3_36_up
322077,2,2,3,4,3,3,2,3,3,1,4,2,2,4,60,2,5,3,4,3,4,4,4,s2_8_36
322078,1,1,3,4,3,3,2,1,2,2,3,1,1,1,13,1,2,5,4,1,4,4,5,s3_36_up
322079,1,3,1,1,2,4,1,3,1,1,2,1,2,1,16,1,1,1,2,2,3,2,3,s3_36_up
322080,1,1,3,2,2,1,1,1,1,2,3,1,1,1,5,2,5,5,4,4,5,4,5,s2_8_36
322081,2,2,1,1,2,1,2,2,2,1,3,1,1,2,18,1,3,2,4,4,5,3,5,s1_below_8
322082,1,3,2,2,2,2,2,1,2,1,2,1,1,3,16,2,2,2,4,4,4,3,2,s2_8_36
322084,1,1,3,2,3,2,3,3,1,2,4,2,1,4,101,2,2,2,1,2,2,3,2,s2_8_36
322085,1,1,1,1,3,1,3,2,2,2,3,2,1,3,24,2,2,5,1,4,5,4,5,s1_below_8
322087,1,1,1,1,2,1,1,1,1,2,2,1,1,1,4,1,1,1,1,1,1,1,1,s2_8_36
322090,1,3,1,1,2,3,2,1,1,1,1,2,2,2,14,2,4,2,4,4,4,4,5,s1_below_8
322092,2,3,2,2,2,2,1,1,1,2,2,1,2,1,8,2,2,4,4,4,5,3,5,s2_8_36
322093,2,2,3,4,2,1,2,2,2,2,2,1,2,1,14,2,2,2,4,4,5,4,5,s2_8_36
322094,1,3,2,2,3,5,1,1,2,1,1,1,2,1,13,1,1,1,4,4,1,2,5,s1_below_8
322095,2,2,2,2,3,4,4,3,3,1,2,1,2,2,40,2,3,5,4,4,2,4,5,s1_below_8
322096,1,1,3,4,3,1,1,1,1,2,3,1,1,4,55,2,2,5,2,4,2,2,5,s1_below_8
322097,2,2,3,4,3,3,1,2,2,1,4,1,2,1,11,4,4,2,4,4,5,4,2,s2_8_36
322098,2,3,1,1,3,3,2,2,1,1,1,1,1,1,9,3,3,3,4,3,4,3,5,s2_8_36
322101,1,1,3,4,2,4,3,3,2,2,3,1,1,1,36,5,5,5,4,4,2,4,5,s3_36_up
322102,1,3,1,1,2,2,1,3,2,1,3,2,2,1,23,3,2,3,4,2,5,4,5,s1_below_8
322103,1,1,2,2,2,1,3,2,2,2,4,1,1,2,22,2,3,1,4,4,1,4,1,s2_8_36
322104,1,1,2,2,3,2,1,1,1,1,4,1,1,1,8,3,3,5,4,4,5,3,5,s1_below_8
322105,2,2,2,3,2,2,2,2,1,2,3,1,2,1,16,2,2,3,4,1,5,4,5,s2_8_36
322106,2,1,2,2,3,4,2,2,1,1,4,2,1,4,36,3,4,4,4,4,5,4,5,s3_36_up
322107,1,2,3,3,2,4,2,3,3,1,4,2,2,1,49,1,1,5,4,4,5,4,5,s3_36_up
322109,1,3,2,2,2,2,3,2,1,1,1,1,1,1,8,5,1,5,4,4,1,4,1,s2_8_36
322110,1,1,3,3,2,4,2,2,2,2,4,1,2,1,21,1,1,1,4,4,1,2,1,s3_36_up
322111,1,2,1,1,2,2,2,1,1,1,1,2,1,2,11,2,2,3,4,4,5,3,5,s1_below_8
322112,2,2,2,2,3,1,2,1,2,1,3,1,1,3,18,2,2,2,2,1,2,2,2,s2_8_36
322113,1,1,3,2,3,2,2,2,2,2,3,1,1,1,16,1,5,5,4,4,5,4,5,s3_36_up
322114,1,3,3,4,2,2,1,1,2,1,2,1,2,1,7,2,4,3,3,3,4,3,3,s1_below_8
322116,1,3,1,1,2,2,1,1,3,2,2,1,2,2,16,2,1,1,2,2,4,3,3,s1_below_8
322117,2,2,2,2,2,3,1,2,2,1,2,2,1,3,17,2,4,4,4,4,5,4,5,s2_8_36
322118,2,2,3,3,2,1,2,3,1,1,4,3,2,2,29,3,3,5,4,4,5,4,4,s2_8_36
322119,1,3,1,1,2,3,1,2,2,1,1,1,2,1,13,1,1,2,4,4,5,3,1,s2_8_36
322123,1,4,2,2,2,3,1,1,3,1,1,4,2,4,42,1,1,5,4,4,5,3,2,s1_below_8
322125,2,3,2,4,3,4,2,1,1,1,1,2,2,1,17,1,1,5,4,4,4,2,3,s2_8_36
322126,2,2,3,3,2,1,4,2,2,2,4,1,1,4,38,2,2,2,4,4,5,4,2,s2_8_36
322127,1,1,1,1,2,2,2,2,2,1,2,1,1,1,12,4,4,4,3,2,4,3,5,s2_8_36
322128,1,2,3,2,3,2,2,1,2,1,3,1,2,4,22,1,1,1,1,1,1,1,1,s1_below_8
322129,1,3,2,2,3,5,2,1,3,1,1,2,2,1,21,4,4,5,4,4,5,4,5,s1_below_8
322130,1,1,2,2,2,4,1,3,1,1,4,3,1,2,26,2,3,3,1,2,4,3,4,s3_36_up
322132,2,3,2,2,2,1,3,2,2,1,1,2,2,4,42,2,1,2,4,4,5,4,2,s2_8_36
322135,1,2,3,4,3,4,4,3,2,2,2,1,1,1,37,1,1,4,4,3,5,4,2,s3_36_up
322137,1,3,1,1,2,2,1,1,1,1,1,1,1,1,2,5,5,5,4,4,5,4,5,s1_below_8
322138,2,3,3,4,3,4,3,2,1,1,2,2,2,3,23,1,2,1,4,1,5,2,1,s3_36_up
322139,1,2,3,4,2,4,4,3,3,2,4,2,2,2,45,1,1,2,4,2,5,3,5,s3_36_up
322140,2,3,2,2,2,3,3,2,2,1,1,3,2,3,28,2,2,1,4,1,5,3,3,s2_8_36
322141,2,2,3,4,1,3,2,2,3,2,3,1,2,1,27,2,3,1,1,3,2,1,1,s2_8_36
322142,1,1,2,2,2,3,1,3,2,2,4,1,1,4,30,1,1,2,1,4,5,4,5,s2_8_36
322143,2,4,2,2,3,5,3,3,2,1,1,1,2,2,29,2,3,2,4,3,5,3,5,s2_8_36
322144,2,3,2,2,3,2,1,1,2,1,1,2,2,1,12,2,3,3,4,4,5,4,5,s1_below_8
322145,1,4,2,2,2,3,1,1,1,1,1,1,2,1,4,2,2,4,4,4,5,4,4,s1_below_8
322146,2,2,3,3,2,2,1,2,1,2,4,1,2,2,22,1,1,2,2,2,3,2,2,s2_8_36
322147,1,1,2,2,3,2,2,1,1,1,4,1,1,2,14,1,1,2,1,2,1,2,2,s2_8_36
322149,2,2,3,3,2,1,1,1,2,1,1,1,2,2,11,4,4,4,4,4,5,3,5,s1_below_8
322150,1,2,1,1,2,1,1,1,3,1,3,4,1,3,27,2,2,5,4,4,5,4,5,s3_36_up
322151,1,1,2,2,3,4,3,1,1,1,4,2,1,1,15,2,2,2,4,2,2,4,5,s3_36_up
322152,2,2,1,1,3,4,2,3,1,2,3,1,1,4,51,3,3,3,2,3,5,4,4,s3_36_up
322153,2,2,1,1,2,2,1,1,1,1,1,1,1,1,4,5,1,5,4,4,5,4,5,s1_below_8
322154,1,2,3,3,2,5,1,2,3,1,2,1,1,1,12,1,2,2,3,1,1,4,1,s3_36_up
322155,2,3,2,2,3,5,1,3,3,1,2,4,2,4,164,4,4,4,4,4,4,3,4,s3_36_up
322156,1,2,3,3,2,5,3,2,3,1,1,1,2,1,17,1,1,1,4,4,1,3,5,s3_36_up
322157,1,3,2,2,2,4,1,3,1,1,3,1,1,1,13,3,4,5,4,4,5,4,5,s3_36_up
322158,2,4,2,2,2,2,4,1,1,1,1,2,2,1,25,2,2,2,4,4,1,3,5,s1_below_8
322159,1,1,1,1,3,1,4,2,1,2,4,1,1,4,145,1,1,1,2,1,1,1,2,s1_below_8
322160,2,3,3,4,2,2,4,1,3,1,2,2,2,4,70,1,1,2,4,3,4,4,2,s1_below_8
322161,1,1,2,2,3,4,2,1,2,1,4,2,1,2,21,3,3,3,2,4,2,3,4,s3_36_up
322162,2,2,3,4,2,4,3,1,2,1,3,4,1,2,26,1,1,1,4,4,5,3,4,s1_below_8
322163,1,1,3,3,2,3,2,1,1,2,4,1,2,4,25,1,1,5,4,4,5,4,5,s1_below_8
322165,2,1,3,3,2,1,2,1,3,2,4,2,2,4,32,5,5,5,4,4,5,4,5,s1_below_8
322166,1,1,3,4,3,1,2,1,1,1,4,2,1,4,43,1,2,3,1,1,4,3,2,s1_below_8
322167,1,2,3,3,3,4,1,1,3,1,4,1,2,2,21,1,1,2,2,1,1,1,2,s3_36_up
322168,2,2,2,4,2,4,4,2,2,1,3,1,2,1,19,5,5,5,4,4,5,4,5,s3_36_up
322169,1,4,3,4,3,3,3,1,3,1,1,2,2,1,22,3,3,5,4,4,5,4,5,s2_8_36
322170,1,2,2,2,3,4,3,2,1,1,2,1,1,1,13,2,2,3,4,1,5,3,5,s3_36_up
322174,1,3,2,2,2,3,1,1,3,1,4,1,2,1,14,2,3,5,4,4,5,4,5,s1_below_8
322175,2,1,3,3,2,3,1,2,2,2,3,1,2,1,17,1,1,2,3,2,2,3,1,s3_36_up
322176,2,3,2,2,2,4,1,1,2,1,1,4,2,1,25,4,2,5,4,4,5,3,5,s1_below_8
322177,2,1,3,3,2,3,2,3,3,2,4,1,1,4,84,3,2,1,1,4,2,4,1,s2_8_36
322180,2,2,3,3,3,3,2,3,2,2,4,1,1,1,22,1,5,5,4,4,5,4,5,s2_8_36
322183,1,1,1,1,3,2,2,3,2,1,3,1,1,4,47,1,2,4,1,4,4,3,5,s2_8_36
322186,1,3,1,1,2,3,1,1,2,1,2,2,1,1,12,1,2,2,3,3,4,4,5,s3_36_up
322188,2,1,3,3,2,1,4,2,1,2,4,1,1,4,54,1,1,2,1,2,3,2,1,s1_below_8
322189,1,1,3,3,2,3,4,3,3,2,4,2,2,4,57,1,1,2,1,1,5,4,5,s3_36_up
322190,2,2,2,2,3,4,2,2,2,1,2,1,1,1,14,1,2,4,4,3,5,4,5,s2_8_36
322192,1,1,3,2,2,1,4,3,3,2,3,1,1,4,67,2,2,2,1,2,5,2,4,s2_8_36
322195,2,3,3,4,2,1,1,1,2,1,2,2,2,1,15,1,2,3,1,1,3,2,2,s1_below_8
322196,2,3,2,4,2,1,1,1,3,1,1,4,2,4,52,3,2,5,4,4,5,4,5,s1_below_8
322197,1,4,2,2,2,3,4,3,3,1,2,4,1,4,142,1,1,1,1,1,1,4,1,s1_below_8
322199,1,2,2,3,3,4,4,2,3,1,3,3,2,1,51,1,1,1,1,1,5,2,1,s3_36_up
322200,2,3,2,2,2,3,1,1,2,2,2,1,2,2,15,2,2,4,4,4,5,4,2,s1_below_8
322203,2,2,2,2,3,3,2,3,2,1,4,1,1,2,26,2,2,3,2,4,4,4,5,s2_8_36
322204,2,2,3,3,3,5,4,3,3,1,4,1,1,1,52,2,2,2,1,1,3,2,5,s2_8_36
322205,1,1,3,4,3,4,1,3,2,1,4,1,2,2,20,2,2,1,1,1,1,2,2,s3_36_up
322206,1,1,3,3,2,4,2,1,2,2,4,1,2,1,16,1,1,3,1,3,5,4,5,s3_36_up
322207,2,3,2,2,2,3,2,1,1,1,1,3,1,2,13,2,2,2,4,3,3,3,2,s1_below_8
322208,1,2,2,2,3,4,4,3,3,1,1,1,1,3,43,1,1,1,1,1,1,1,1,s3_36_up
322211,1,2,1,1,2,4,1,2,1,1,3,1,1,1,9,2,2,2,4,4,1,4,1,s3_36_up
322212,1,4,2,2,2,3,1,1,1,1,1,1,2,1,6,3,2,5,4,1,5,4,3,s2_8_36
322213,1,3,3,4,2,4,2,2,3,1,1,2,2,1,20,2,2,2,3,3,4,2,4,s3_36_up
322216,1,3,1,1,2,4,1,2,2,1,1,3,2,2,26,1,1,2,4,2,2,2,3,s3_36_up
322217,1,3,2,2,2,4,2,2,1,2,1,1,1,1,10,2,2,1,2,2,2,2,2,s3_36_up
322219,2,3,2,4,2,2,2,2,3,1,2,4,2,4,44,3,4,5,4,4,3,3,5,s2_8_36
322220,2,2,3,4,2,3,1,1,2,2,3,1,1,1,7,1,1,1,3,3,4,1,1,s1_below_8
322221,1,2,1,1,2,4,1,1,1,1,2,1,2,1,5,2,3,4,4,4,5,4,5,s3_36_up
322222,2,3,1,1,2,2,1,1,1,2,2,1,1,1,5,3,1,1,4,4,5,3,1,s1_below_8
322223,1,2,3,3,2,3,1,1,1,1,1,1,2,1,6,1,1,3,3,3,3,2,2,s3_36_up
322226,2,2,3,4,2,2,3,1,2,1,2,1,2,2,21,2,2,4,4,4,5,4,5,s2_8_36
322228,2,2,3,4,2,1,1,1,1,2,2,2,2,1,9,2,2,5,4,4,2,4,5,s2_8_36
322229,1,2,3,3,2,4,3,3,3,2,4,1,2,2,39,1,1,4,4,4,5,4,2,s3_36_up
322230,1,2,2,2,2,4,4,3,3,1,4,2,1,4,79,1,1,1,1,1,2,1,1,s3_36_up
322231,2,3,3,4,2,5,2,1,2,2,1,1,1,1,10,2,5,5,4,4,5,4,5,s1_below_8
322232,2,1,1,1,3,4,1,3,1,2,4,1,1,2,23,2,3,2,4,2,3,3,5,s3_36_up
322233,1,2,3,4,2,4,2,3,2,2,4,1,1,1,25,2,2,4,4,4,5,4,5,s3_36_up
322236,1,2,2,2,2,4,1,1,2,2,4,3,2,3,35,1,1,1,1,1,1,1,1,s3_36_up
322239,2,2,3,3,2,1,1,1,3,2,3,2,2,4,49,2,1,3,4,4,2,3,1,s1_below_8
322240,2,3,2,4,2,2,2,1,3,1,1,1,2,2,17,4,5,3,4,3,1,4,5,s1_below_8
322243,1,3,1,1,3,4,2,1,2,1,3,1,1,1,13,2,5,5,4,4,2,4,5,s3_36_up
322245,1,2,2,2,2,3,2,2,2,1,2,1,1,2,17,1,1,1,1,4,2,2,1,s3_36_up
322249,1,1,2,2,2,2,2,1,2,2,3,1,1,1,16,1,1,2,3,1,2,3,1,s1_below_8
322250,2,2,1,1,2,2,4,3,3,1,1,1,1,4,59,5,5,5,4,4,5,4,5,s1_below_8
322255,1,3,2,2,2,4,1,2,1,1,1,1,2,1,7,1,1,2,4,4,4,4,2,s3_36_up
322259,2,3,3,4,2,3,1,3,2,1,2,4,2,2,28,1,1,2,4,1,5,2,2,s2_8_36
322260,2,1,3,3,2,5,1,1,1,2,4,2,2,1,11,2,3,5,4,4,5,4,5,s1_below_8
322261,1,3,2,4,2,3,4,3,2,1,1,1,2,1,20,1,1,2,3,3,4,3,1,s3_36_up
322263,2,2,1,1,2,3,1,1,1,1,3,1,2,1,6,2,2,5,4,4,5,4,5,s2_8_36
322265,1,2,1,1,2,2,1,1,2,1,3,2,1,1,10,2,2,1,4,4,5,4,1,s1_below_8
322266,1,3,2,2,3,4,1,1,2,1,1,1,1,1,4,2,3,5,4,4,5,4,5,s1_below_8
322267,2,3,1,1,2,3,1,1,1,1,1,1,2,1,7,3,3,3,4,4,5,4,5,s1_below_8
322268,2,3,1,1,3,2,2,3,3,1,3,2,1,4,45,1,2,5,4,4,5,4,1,s1_below_8
322269,2,2,3,4,2,2,3,3,3,1,4,1,2,3,37,1,2,1,3,4,5,4,1,s2_8_36
322270,2,1,3,4,2,4,2,1,2,1,4,2,1,1,21,2,2,2,4,4,5,4,5,s3_36_up
322271,2,2,2,2,2,2,2,2,1,1,4,2,1,2,18,1,2,4,4,3,5,4,1,s2_8_36
322276,2,2,3,4,2,2,3,2,1,2,4,1,2,4,32,1,1,4,4,3,5,4,1,s2_8_36
322280,1,4,2,2,3,5,2,3,2,1,1,3,1,1,22,2,3,5,4,4,5,4,5,s1_below_8
322281,2,2,3,4,2,2,1,2,2,1,2,1,2,1,12,1,2,2,2,2,3,2,2,s2_8_36
322283,2,2,2,2,3,4,3,3,3,1,4,1,1,1,34,3,3,2,3,4,1,3,4,s2_8_36
322284,2,2,2,2,3,2,4,1,3,1,4,2,1,2,41,2,2,2,1,1,5,4,3,s1_below_8
322285,2,3,3,2,3,5,1,3,1,1,3,1,1,1,25,1,1,1,4,4,1,3,1,s3_36_up
322286,1,2,2,2,3,3,1,2,1,1,1,1,1,2,11,5,5,4,4,4,5,4,5,s3_36_up
322287,1,1,3,3,3,5,4,3,3,2,4,2,2,3,67,1,1,1,1,1,1,1,1,s3_36_up
322290,2,2,1,1,2,1,1,1,1,1,2,2,1,1,5,4,4,4,3,4,4,3,4,s2_8_36
322292,1,3,2,4,2,4,1,1,2,1,1,1,2,1,7,2,1,3,4,3,5,3,5,s1_below_8
322294,2,3,2,2,2,1,1,1,2,1,2,4,2,1,21,2,2,2,4,2,5,4,2,s1_below_8
322295,1,2,3,3,2,4,4,3,3,1,1,2,1,2,38,1,1,5,4,4,5,4,5,s3_36_up
322297,2,3,2,4,2,3,1,1,2,1,3,4,2,4,32,1,1,3,4,1,3,2,2,s1_below_8
322298,2,2,3,3,2,3,4,2,3,1,4,1,1,2,50,1,1,3,4,4,5,4,5,s2_8_36
322299,2,3,2,2,2,3,1,1,2,1,1,1,2,1,13,5,5,5,4,4,5,4,5,s1_below_8
322300,1,4,2,2,2,3,2,1,2,1,1,4,2,1,25,2,1,4,4,4,5,4,5,s1_below_8
322301,2,1,2,2,3,4,1,3,2,1,4,2,1,2,23,2,2,2,4,3,4,4,4,s3_36_up
322303,2,4,1,1,3,4,1,1,2,1,1,1,2,1,15,1,1,4,4,4,4,3,2,s1_below_8
322304,2,2,3,4,2,3,1,3,2,1,1,1,2,1,13,3,4,5,4,4,4,4,5,s3_36_up
322305,1,2,1,1,2,3,2,2,2,1,3,1,1,2,16,3,3,4,4,4,5,3,5,s3_36_up
322307,1,3,2,2,2,4,1,2,2,1,1,2,2,1,16,2,1,2,4,2,5,4,5,s2_8_36
322313,1,4,3,4,3,3,1,1,1,1,1,1,1,2,3,4,5,5,4,4,5,4,5,s2_8_36
322314,2,2,1,1,2,2,1,1,2,1,3,1,1,1,12,3,3,5,4,4,5,4,5,s1_below_8
322316,1,4,2,2,2,5,1,1,2,1,1,1,2,1,10,2,2,4,4,3,3,3,5,s1_below_8
322317,1,3,3,4,3,5,2,1,1,1,4,4,2,1,22,1,1,4,4,4,5,3,4,s3_36_up
322319,2,3,2,2,3,3,3,1,2,1,4,2,1,1,21,2,2,2,4,4,5,4,5,s2_8_36
322321,2,3,2,2,2,2,1,1,1,2,2,1,2,1,8,1,1,2,1,2,2,2,2,s3_36_up
322322,1,3,1,1,2,4,3,3,3,1,3,1,1,2,44,1,1,5,1,4,5,4,5,s3_36_up
322323,1,3,1,1,2,3,4,1,3,1,1,2,1,4,37,2,2,2,4,4,5,4,2,s1_below_8
322324,2,3,2,2,2,4,1,2,3,1,1,4,1,1,30,1,1,3,3,3,3,3,3,s3_36_up
322325,2,2,3,3,2,1,3,2,2,1,4,1,2,2,24,1,1,3,4,4,5,4,1,s2_8_36
322326,2,2,2,2,2,2,3,1,3,1,2,1,1,4,34,1,1,2,2,2,3,2,1,s1_below_8
322327,2,2,3,4,2,2,1,1,2,1,3,1,2,1,7,1,2,4,4,4,5,4,5,s1_below_8
322328,1,1,2,2,2,4,1,3,1,1,2,1,1,2,13,2,2,5,4,4,5,4,5,s3_36_up
322329,2,3,2,2,2,3,1,3,2,1,3,2,2,1,20,2,2,2,3,3,4,3,4,s3_36_up
322330,1,2,1,1,2,3,4,3,2,1,3,2,1,3,37,1,1,2,3,3,1,4,2,s3_36_up
322331,1,4,2,2,2,3,1,2,3,2,1,1,2,2,22,2,2,2,2,2,1,2,1,s1_below_8
322332,1,1,2,2,3,4,2,3,1,2,4,2,1,4,34,2,4,5,4,4,5,4,5,s3_36_up
322333,2,3,2,4,2,1,4,1,2,1,2,3,2,3,36,1,1,4,4,4,5,4,5,s1_below_8
322336,1,2,1,1,2,4,4,3,3,1,3,1,1,4,46,5,5,5,4,4,5,4,5,s3_36_up
322338,2,2,3,3,3,4,2,2,1,2,4,1,1,1,16,4,4,5,4,4,5,4,5,s3_36_up
322341,2,3,2,1,2,2,1,1,1,1,2,1,1,1,5,2,2,2,3,3,4,4,2,s1_below_8
322342,2,2,1,1,2,3,4,2,2,1,1,2,2,3,39,5,5,5,4,4,5,4,5,s2_8_36
322344,1,2,3,4,2,2,1,1,2,1,2,1,2,1,12,1,1,5,4,4,5,4,5,s1_below_8
322345,2,3,2,2,2,5,4,1,3,1,3,2,2,3,41,2,2,2,4,4,5,3,1,s1_below_8
322346,2,2,3,4,2,2,2,1,3,1,4,4,2,4,38,2,5,5,4,4,4,3,3,s2_8_36
322347,1,4,2,2,2,3,2,1,3,1,3,2,2,1,19,2,2,2,4,4,5,4,5,s1_below_8
322349,1,2,3,3,3,5,4,3,3,2,4,2,2,4,44,1,1,1,3,3,2,3,1,s3_36_up
322351,2,3,1,1,1,3,2,1,3,1,1,1,1,1,15,3,2,3,4,4,5,4,2,s1_below_8
322352,2,2,3,3,3,4,4,1,2,1,1,3,1,4,63,2,2,2,4,3,4,4,3,s2_8_36
322353,1,2,1,1,2,3,2,2,2,1,3,1,1,1,15,1,1,2,1,3,4,3,1,s2_8_36
322354,1,2,1,1,3,4,2,3,2,1,2,1,1,3,19,2,2,3,1,4,2,4,1,s3_36_up
322355,2,3,1,1,2,3,3,3,1,1,3,1,2,1,23,2,2,5,4,4,5,4,5,s2_8_36
322357,2,1,3,3,1,1,1,1,3,2,4,4,2,4,54,1,1,3,4,4,2,3,1,s1_below_8
322358,2,2,2,2,3,5,2,2,2,2,3,2,2,2,21,1,2,2,4,3,2,4,2,s3_36_up
322359,2,3,2,2,2,1,4,3,3,2,2,3,2,1,58,1,2,4,4,4,5,4,4,s2_8_36
322360,1,3,3,4,3,5,1,1,1,1,1,1,2,1,5,4,4,5,4,3,5,4,4,s3_36_up
322361,2,1,3,3,2,4,1,1,1,1,1,1,1,1,4,2,2,5,4,4,5,4,5,s3_36_up
322362,2,3,3,3,3,3,1,3,1,1,2,1,1,1,11,2,2,5,4,4,5,4,5,s2_8_36
322363,1,3,3,3,3,4,2,3,3,1,2,2,2,3,32,2,3,1,1,1,1,1,1,s3_36_up
322364,2,2,2,4,2,2,3,1,1,1,3,1,2,2,19,2,1,2,3,1,3,2,2,s1_below_8
322366,2,1,1,1,2,2,2,3,3,2,4,1,1,2,46,2,3,5,4,4,5,4,5,s2_8_36
322369,2,2,3,3,2,4,1,1,2,2,1,1,2,1,9,1,2,1,3,1,4,2,1,s1_below_8
322370,1,4,3,4,3,3,1,1,1,1,1,1,1,2,3,4,5,5,4,4,5,4,5,s3_36_up
322371,2,1,2,2,3,5,1,1,1,1,1,1,1,1,4,2,3,2,3,3,4,3,4,s2_8_36
322372,1,1,2,2,3,3,3,3,1,2,2,2,1,3,27,4,4,2,3,3,4,3,4,s2_8_36
322374,1,4,2,2,2,4,4,2,2,1,1,3,2,1,31,1,1,2,4,4,5,2,5,s2_8_36
322377,2,3,3,4,2,4,1,2,1,1,3,2,2,1,18,1,1,1,2,3,5,2,2,s3_36_up
322378,2,3,1,1,2,2,1,1,2,1,2,1,2,1,9,2,2,2,1,2,2,2,2,s2_8_36
322379,1,2,1,1,3,5,2,3,2,1,1,1,2,1,14,2,2,2,4,4,5,4,5,s3_36_up
322380,2,3,2,4,2,4,1,1,2,1,1,1,2,1,8,2,2,4,2,3,3,2,5,s1_below_8
322381,1,2,3,3,3,3,1,1,3,1,4,1,1,1,16,2,2,5,4,4,5,4,5,s3_36_up
322383,2,2,1,1,3,2,2,1,1,1,2,4,1,3,20,2,1,2,2,2,3,1,2,s1_below_8
322384,2,1,3,3,2,4,2,1,3,2,2,2,2,4,53,2,2,3,4,4,1,2,4,s1_below_8
322386,1,1,1,1,2,2,2,1,1,2,4,2,1,4,26,1,2,5,4,4,5,4,5,s1_below_8
322387,1,1,3,3,3,2,1,1,2,2,2,1,2,1,9,1,1,1,1,1,1,1,1,s3_36_up
322388,2,2,3,4,2,4,4,1,2,2,3,1,1,4,112,1,5,5,4,4,5,4,5,s1_below_8
322389,1,2,2,2,2,2,2,1,2,1,3,1,1,1,11,2,4,5,4,4,5,4,5,s1_below_8
322392,1,3,2,2,2,4,1,1,1,1,2,1,1,1,4,4,2,4,4,4,5,4,5,s3_36_up
322393,2,1,3,2,2,3,4,2,1,2,3,1,1,4,40,1,2,5,4,4,5,4,5,s3_36_up
322395,2,2,3,4,2,2,1,1,3,1,4,1,2,1,16,1,1,3,4,3,3,2,1,s2_8_36
322396,2,2,3,4,2,2,1,2,1,1,3,1,1,1,7,1,2,3,2,3,5,4,5,s2_8_36
322398,2,2,1,1,2,3,2,2,3,1,3,2,1,4,65,1,5,4,4,4,5,3,5,s3_36_up
322399,1,1,1,1,3,3,4,3,1,2,4,2,2,3,56,4,2,1,1,1,5,4,5,s3_36_up
322400,1,2,3,4,2,3,1,1,2,1,3,2,2,3,21,4,4,5,4,4,5,4,5,s3_36_up
322401,2,4,2,2,2,4,3,1,2,1,1,1,2,1,15,5,5,5,4,4,5,4,5,s1_below_8
322403,1,1,2,2,3,2,1,2,2,1,1,1,1,1,7,4,3,5,4,4,5,4,5,s2_8_36
322405,2,1,3,3,2,3,3,3,3,1,3,4,2,4,52,2,2,4,4,3,2,3,5,s2_8_36
322406,2,2,3,4,2,4,2,3,2,1,2,2,2,4,63,5,5,5,4,4,5,4,5,s3_36_up
322407,1,4,2,2,2,3,1,1,2,1,1,1,2,3,20,4,4,3,2,2,3,3,3,s1_below_8
322408,1,3,2,4,2,4,2,1,1,1,4,2,2,1,14,2,2,1,4,4,2,2,1,s3_36_up
322411,1,2,3,3,2,4,1,3,1,1,3,1,2,1,11,1,1,2,1,3,3,2,1,s3_36_up
322412,2,2,3,3,2,1,4,3,3,1,3,4,1,4,72,1,2,2,2,2,1,4,5,s2_8_36
322414,1,2,1,1,2,3,4,1,1,1,2,1,2,4,46,1,5,4,4,4,5,4,5,s1_below_8
322415,2,3,1,1,2,2,1,2,2,1,2,1,2,1,9,2,2,2,4,3,5,4,4,s2_8_36
322416,2,2,2,2,2,4,1,1,3,1,1,2,2,1,10,4,5,5,4,4,5,4,5,s3_36_up
322417,1,2,3,4,2,5,2,1,2,1,2,2,2,3,22,1,2,5,3,3,5,3,1,s2_8_36
322418,2,3,3,4,2,1,2,1,2,1,1,1,1,1,7,3,3,5,4,4,5,4,5,s2_8_36
322420,2,1,1,1,3,3,2,1,1,2,3,2,1,4,19,2,3,2,4,3,2,3,3,s3_36_up
322423,1,1,2,2,2,4,1,3,1,1,4,2,1,1,30,2,2,3,4,4,5,4,4,s2_8_36
322424,1,2,2,2,3,5,1,1,2,1,3,1,1,1,10,2,2,3,4,4,5,4,5,s3_36_up
322425,2,2,1,1,3,2,3,2,3,2,3,1,1,2,28,1,1,1,2,1,1,2,1,s2_8_36
322430,1,2,3,3,1,4,4,3,3,2,1,1,1,3,31,1,1,1,4,3,2,3,2,s3_36_up
322432,1,1,2,2,2,3,1,3,3,2,4,1,1,3,54,1,2,2,3,3,4,3,2,s3_36_up
322433,1,1,1,1,2,2,3,1,1,2,3,1,1,4,21,1,3,1,1,4,5,4,5,s2_8_36
322435,2,3,2,2,2,4,3,3,3,1,1,1,2,4,60,1,1,1,3,1,2,2,2,s3_36_up
322436,1,3,2,2,2,5,3,1,3,1,1,4,1,3,32,2,3,4,4,4,5,4,5,s2_8_36
322437,1,4,2,2,2,3,1,1,2,1,1,2,2,1,16,2,2,5,4,4,5,3,5,s1_below_8
322438,1,3,2,2,2,2,2,1,1,1,4,1,2,1,11,2,2,5,4,4,5,3,1,s2_8_36
322439,2,1,3,3,3,3,1,2,1,2,4,1,2,4,33,1,2,2,4,3,5,4,2,s2_8_36
322440,1,2,1,1,3,5,3,3,2,1,2,2,1,1,37,3,2,3,1,4,5,4,5,s3_36_up
322441,1,3,1,1,3,5,3,3,1,1,2,1,1,1,16,3,3,3,4,4,5,3,5,s3_36_up
322443,2,1,1,1,2,2,3,1,1,1,2,2,1,3,18,1,1,2,1,1,1,2,1,s1_below_8
322444,1,2,2,3,2,2,1,2,1,1,4,1,1,1,11,1,1,1,1,2,1,1,2,s2_8_36
322446,2,2,3,4,2,3,1,2,1,1,1,1,2,1,9,2,2,2,2,2,3,2,3,s2_8_36
322447,2,1,3,3,3,1,1,3,3,2,3,2,2,4,43,4,4,3,3,3,4,3,4,s1_below_8
322449,2,2,3,3,3,3,2,3,1,2,3,1,2,1,20,2,2,3,3,2,2,3,4,s2_8_36
322450,1,3,3,4,2,2,1,1,1,1,1,1,1,2,7,4,5,5,4,4,5,4,4,s1_below_8
322451,2,2,3,4,3,4,3,3,3,1,1,2,1,4,55,1,1,1,3,1,1,2,1,s3_36_up
322452,1,2,1,1,2,2,1,1,2,1,1,1,1,1,5,2,4,4,1,4,5,4,5,s1_below_8
322454,1,1,1,1,2,2,1,1,2,2,3,1,1,2,13,2,2,3,4,2,5,4,4,s2_8_36
322456,2,2,3,4,2,2,1,2,3,1,4,1,2,2,21,3,3,4,4,4,5,4,3,s2_8_36
322458,2,3,1,1,3,3,1,1,1,1,2,2,2,3,16,2,3,3,4,4,4,4,4,s3_36_up
322459,2,4,1,1,2,2,1,1,2,1,1,1,1,1,7,3,3,5,4,4,5,4,5,s1_below_8
322461,1,2,3,4,2,4,2,3,3,1,4,1,2,2,26,1,1,4,4,4,5,3,5,s3_36_up
322462,1,2,3,3,3,4,1,2,1,2,2,1,1,1,7,1,1,1,1,1,1,1,1,s3_36_up
322463,2,3,1,1,3,2,1,1,3,1,1,1,1,1,8,4,2,3,4,3,1,4,5,s1_below_8
322465,1,2,3,3,3,4,1,1,2,2,4,2,2,1,20,2,5,4,4,4,5,4,5,s2_8_36
322467,2,2,2,3,2,3,1,3,3,2,3,1,2,3,32,2,2,2,3,2,2,4,1,s2_8_36
322472,1,1,3,4,3,1,4,3,1,2,3,1,1,4,61,1,1,1,1,1,1,1,2,s1_below_8
322475,1,2,3,3,2,3,4,1,3,1,1,2,2,4,48,1,2,5,1,4,5,4,5,s1_below_8
322476,2,1,3,3,3,4,2,3,1,2,4,2,2,4,36,1,1,2,3,3,4,4,3,s2_8_36
322484,1,2,2,2,2,3,2,3,1,1,2,2,1,4,28,2,5,5,4,4,5,4,5,s3_36_up
322485,2,3,1,1,3,2,1,1,1,1,1,1,1,1,3,3,3,5,4,4,5,4,4,s1_below_8
322486,1,3,1,1,2,2,1,2,1,1,1,1,1,1,4,2,5,5,4,4,4,3,2,s2_8_36
322487,2,4,1,1,2,4,3,1,2,1,1,3,2,1,21,1,1,1,1,2,3,2,1,s1_below_8
322488,2,1,3,3,3,2,1,1,1,1,4,2,2,1,9,2,3,3,4,4,5,3,3,s2_8_36
322493,1,2,3,3,2,4,3,3,2,1,4,3,2,4,60,1,1,1,1,1,2,1,4,s3_36_up
322494,2,1,3,3,2,3,2,1,2,2,4,4,1,4,82,1,2,5,4,4,5,4,5,s2_8_36
322495,2,2,2,2,2,5,2,3,1,1,3,1,1,1,12,1,1,2,3,3,2,2,3,s3_36_up
322496,1,1,3,4,3,1,2,1,1,2,2,1,1,2,13,2,2,3,1,1,1,3,3,s1_below_8
322498,1,2,2,4,2,3,3,1,2,1,1,1,2,1,12,2,2,5,4,4,5,4,5,s3_36_up
322499,1,2,2,2,3,2,1,1,1,1,1,1,1,1,3,2,5,5,3,4,5,4,5,s1_below_8
322500,1,1,3,2,2,1,4,2,1,2,3,1,1,1,21,1,1,3,4,4,5,3,5,s2_8_36
322502,1,2,1,1,2,2,1,1,1,2,1,1,1,1,3,1,5,5,4,4,5,4,5,s1_below_8
322504,1,1,3,4,3,4,3,2,1,2,3,1,1,1,15,1,1,2,4,4,1,1,3,s3_36_up
322507,1,3,3,4,2,4,1,2,2,1,2,3,2,1,16,1,1,5,4,4,5,4,5,s3_36_up
322509,1,1,2,2,2,4,2,2,2,2,4,1,1,4,57,2,5,4,4,1,5,3,5,s3_36_up
322510,1,4,2,3,2,4,1,1,1,1,1,1,2,1,5,2,5,5,4,4,5,4,5,s1_below_8
322511,1,2,3,3,2,5,1,3,1,1,3,1,2,2,20,2,1,1,3,4,5,4,5,s3_36_up
322512,2,2,3,4,2,2,2,3,2,2,3,1,1,1,20,2,5,5,4,4,5,4,5,s2_8_36
322513,1,3,3,4,3,5,1,1,2,2,2,3,2,1,18,1,1,5,4,4,5,4,5,s3_36_up
322515,2,1,2,2,2,3,2,1,3,2,4,2,1,1,16,2,2,5,4,4,5,4,1,s2_8_36
322517,1,3,1,1,2,4,3,3,1,1,1,1,1,2,25,2,2,4,4,4,5,4,5,s3_36_up
322520,1,2,1,1,2,5,2,1,1,1,3,1,2,1,8,1,2,5,1,4,5,4,5,s3_36_up
322521,2,2,3,4,2,4,2,3,3,2,4,1,2,4,46,1,1,3,3,1,3,2,1,s2_8_36
322522,1,2,2,2,3,4,1,1,1,1,2,1,1,1,4,4,4,3,4,4,4,4,5,s3_36_up
322523,2,2,3,3,3,3,3,3,3,1,4,4,2,4,57,3,3,3,4,3,2,4,3,s2_8_36
322526,2,2,3,3,2,1,1,2,2,2,3,1,1,1,12,2,2,3,2,4,5,4,3,s2_8_36
322527,1,2,3,3,3,5,3,3,2,1,4,1,2,2,37,4,5,1,4,4,5,4,5,s3_36_up
322529,2,3,2,2,2,2,1,1,2,1,1,1,1,1,5,2,2,4,4,4,4,4,5,s1_below_8
322530,1,1,2,2,3,5,1,2,2,2,2,1,1,1,13,4,5,5,4,4,5,4,5,s3_36_up
322533,2,2,3,4,2,4,2,2,2,2,3,1,2,2,22,2,2,2,2,2,3,3,2,s2_8_36
322534,2,3,2,4,2,1,1,1,2,1,1,4,2,1,22,2,1,5,4,4,5,4,1,s1_below_8
322536,2,2,2,3,2,2,3,1,3,1,2,1,2,4,26,2,2,3,3,1,3,2,2,s1_below_8
322537,2,2,3,3,2,5,3,1,3,2,2,1,2,1,22,2,1,4,4,3,4,1,2,s2_8_36
322538,1,3,1,1,3,3,4,2,2,1,1,1,1,1,20,2,2,1,1,3,1,4,5,s1_below_8
322540,2,2,2,2,3,3,2,2,1,1,3,1,2,1,13,1,1,3,2,2,1,3,3,s2_8_36
322543,2,1,1,1,2,2,2,1,2,1,3,1,1,1,9,2,4,4,4,3,1,3,3,s1_below_8
322544,1,1,3,4,3,1,1,1,1,1,4,2,1,1,10,2,3,3,2,3,5,4,4,s1_below_8
322545,1,3,1,1,2,2,3,1,1,1,1,1,1,1,8,4,5,5,4,4,5,4,5,s1_below_8
322547,1,1,2,2,2,3,1,1,1,2,2,1,1,1,5,1,1,1,1,1,1,1,1,s3_36_up
322549,1,1,2,2,3,4,3,3,1,1,3,1,1,1,16,3,1,2,1,1,3,2,5,s2_8_36
322550,1,2,3,4,2,4,2,3,1,2,3,1,1,1,16,1,1,1,1,1,1,4,5,s3_36_up
322551,2,2,3,3,2,4,4,3,3,2,4,1,1,4,69,1,1,3,3,3,4,2,3,s2_8_36
322553,1,2,3,3,3,4,1,1,1,1,1,1,1,1,1,4,5,5,4,4,5,4,5,s3_36_up
322554,2,3,2,2,2,3,2,3,2,1,1,1,2,1,18,5,5,5,4,4,5,4,5,s1_below_8
322557,1,1,3,3,3,4,2,2,1,2,3,2,1,1,16,2,1,1,1,1,1,2,2,s3_36_up
322558,1,4,1,1,3,5,2,1,1,2,2,1,1,1,8,1,2,1,1,1,5,4,2,s1_below_8
322560,1,3,3,4,2,4,1,1,1,2,1,2,2,2,13,1,1,3,4,4,5,4,5,s3_36_up
322561,1,1,1,1,3,3,1,1,1,2,2,1,2,1,8,1,1,4,4,4,5,4,5,s3_36_up
322562,1,1,3,3,2,4,4,2,1,2,3,1,1,2,22,1,2,2,1,2,1,2,1,s3_36_up
322563,2,2,1,1,2,3,1,1,1,1,1,1,1,2,9,2,4,3,4,4,5,4,4,s3_36_up
322565,1,4,2,3,2,3,1,1,1,1,1,1,2,2,11,1,1,2,4,4,5,4,1,s2_8_36
322567,1,3,3,4,2,4,2,1,3,2,3,4,2,4,56,2,1,1,4,4,3,4,5,s3_36_up
322568,1,2,2,2,2,4,4,2,2,1,4,4,1,2,45,3,3,5,4,4,5,1,3,s3_36_up
322569,1,4,2,4,2,4,1,1,2,1,1,1,2,3,11,2,2,4,3,3,4,3,3,s1_below_8
322571,1,3,1,1,2,3,1,1,2,1,2,1,2,3,14,2,2,4,4,3,5,3,4,s3_36_up
322572,1,1,1,1,3,2,4,2,2,2,4,1,1,1,25,2,2,2,1,4,1,3,5,s1_below_8
322573,2,3,2,4,3,5,1,1,1,1,1,1,2,1,6,1,1,1,3,2,1,3,2,s3_36_up
322574,1,1,1,1,2,3,2,2,2,1,3,3,1,2,22,1,5,5,4,4,5,4,5,s3_36_up
322575,1,3,3,4,2,4,1,2,1,1,2,2,2,1,12,2,2,2,4,4,5,4,5,s3_36_up
322576,1,1,2,2,2,2,2,2,2,1,4,2,1,1,17,2,2,3,4,3,1,3,1,s1_below_8
322578,1,1,1,1,2,5,3,2,2,2,2,1,1,1,16,1,1,2,3,4,1,4,2,s3_36_up
322579,1,2,2,2,2,4,2,3,3,1,4,1,1,3,29,1,1,5,4,4,5,4,5,s3_36_up
322581,2,3,2,2,2,1,1,1,3,1,4,1,2,1,22,3,3,5,4,4,5,4,2,s1_below_8
322582,1,4,2,2,1,2,1,2,1,2,1,2,2,1,13,2,2,2,3,1,1,1,1,s1_below_8
322583,2,2,3,4,2,3,2,1,2,2,3,3,2,4,48,2,2,2,4,4,3,3,4,s2_8_36
322585,1,3,3,4,3,5,1,3,3,1,2,2,2,4,69,2,3,3,2,2,3,2,3,s3_36_up
322586,2,2,3,3,3,5,4,2,1,1,2,1,2,1,33,1,1,2,4,4,2,4,5,s3_36_up
322588,2,3,1,1,3,2,1,1,1,1,2,1,2,2,6,5,5,5,4,4,5,4,5,s2_8_36
322589,1,2,1,1,3,3,1,2,1,2,4,1,2,1,12,2,1,1,1,1,1,1,1,s3_36_up
322590,1,2,3,3,2,4,4,3,2,1,4,2,2,4,83,2,2,4,1,3,4,4,5,s3_36_up
322591,2,3,2,2,2,1,1,2,2,1,1,1,1,1,9,2,3,4,4,4,4,4,1,s2_8_36
322593,1,1,3,4,2,1,3,1,3,2,4,2,1,1,30,5,5,5,4,4,5,4,5,s1_below_8
322594,2,2,3,3,2,4,2,1,1,1,2,1,2,3,14,3,3,5,4,4,5,4,5,s1_below_8
322596,1,2,2,2,2,4,3,3,2,1,4,1,1,1,25,2,2,1,4,2,5,4,4,s2_8_36
322597,2,2,3,4,3,2,1,1,1,1,3,1,2,1,7,2,2,2,4,4,5,4,4,s2_8_36
322599,1,2,1,1,3,5,1,1,1,2,3,1,1,1,8,1,2,3,2,2,3,2,3,s3_36_up
322602,2,1,2,2,2,2,3,1,1,2,4,3,1,1,20,2,4,3,4,4,5,4,5,s2_8_36
322603,2,1,3,4,3,4,1,1,1,1,1,1,2,1,4,5,5,5,4,4,5,4,5,s3_36_up
322607,1,2,1,1,2,2,2,1,2,1,1,1,1,1,8,2,2,4,3,3,4,3,4,s1_below_8
322608,2,4,1,1,2,3,1,1,2,1,2,1,2,1,4,2,5,5,4,4,5,4,5,s1_below_8
322611,2,4,1,1,2,3,2,1,2,1,1,1,1,1,7,4,4,4,4,4,5,4,5,s1_below_8
322612,2,2,2,2,2,2,2,3,2,2,3,1,2,1,23,2,1,1,3,3,5,4,2,s2_8_36
322614,1,2,3,4,2,4,1,3,1,1,1,1,2,1,11,2,2,5,4,4,1,1,2,s3_36_up
322615,1,1,1,1,2,3,1,2,1,2,4,2,1,4,68,2,2,2,4,2,4,2,3,s3_36_up
322616,1,2,2,2,3,4,1,1,3,1,2,1,1,1,9,2,4,4,4,4,5,4,5,s2_8_36
322617,2,2,3,3,3,1,1,3,1,1,4,2,2,3,33,2,2,3,4,3,1,3,1,s1_below_8
322618,2,1,3,3,2,2,1,1,2,2,3,1,2,1,14,1,2,5,4,4,2,4,5,s2_8_36
322619,2,1,2,2,2,4,1,2,3,2,4,2,1,4,36,1,1,2,4,1,5,4,3,s3_36_up
322621,2,2,3,3,3,5,1,3,2,1,4,1,2,3,31,2,2,4,3,2,2,2,1,s3_36_up
322624,1,2,2,2,3,4,2,2,2,1,4,2,1,2,20,2,2,2,2,4,5,3,2,s2_8_36
322625,2,4,2,2,2,2,4,1,1,1,1,1,2,1,45,2,1,3,2,2,1,3,2,s1_below_8
322627,2,2,3,3,2,3,2,3,2,1,3,1,2,2,20,1,1,1,3,4,5,2,1,s2_8_36
322628,2,1,3,3,3,4,3,3,1,2,4,2,2,3,34,1,1,3,4,1,5,3,2,s3_36_up
322629,1,2,3,4,2,4,1,1,2,1,1,1,1,1,6,1,1,3,1,2,1,3,1,s1_below_8
322631,1,1,1,1,2,3,1,1,2,2,3,1,1,1,8,2,2,5,4,4,5,4,5,s3_36_up
322632,1,2,3,4,2,2,4,3,2,2,4,1,2,4,58,1,1,3,4,4,5,4,1,s2_8_36
322636,1,3,2,2,3,5,1,2,1,2,1,1,1,1,7,2,3,3,4,4,1,4,5,s3_36_up
322638,2,1,3,4,3,2,2,1,1,2,2,4,1,3,22,1,1,5,4,4,2,3,1,s1_below_8
322639,1,1,2,2,2,2,3,2,3,2,4,1,1,1,20,1,1,1,2,1,1,2,1,s2_8_36
322640,1,3,2,2,2,5,4,2,1,1,2,1,1,4,35,2,2,5,4,4,5,4,5,s3_36_up
322642,1,1,2,2,2,4,1,3,1,1,1,1,1,2,9,1,1,2,4,4,5,3,1,s3_36_up
322643,1,2,3,3,2,3,2,2,3,2,1,1,1,3,18,2,3,3,4,4,5,3,2,s3_36_up
322644,1,1,1,1,2,2,1,1,3,2,2,1,1,1,12,1,1,2,1,1,2,1,2,s1_below_8
322645,2,1,3,3,3,5,4,2,3,2,4,1,2,4,88,1,1,1,1,1,1,1,1,s3_36_up
322647,2,4,2,2,2,2,1,1,2,1,1,1,1,1,2,5,5,5,4,4,5,4,5,s1_below_8
322648,1,1,1,1,3,4,1,2,1,1,2,1,1,1,6,5,5,5,4,4,5,4,5,s3_36_up
322649,1,2,2,2,3,5,4,3,3,1,4,3,2,4,148,1,1,1,1,2,3,4,3,s3_36_up
322650,1,1,3,3,3,4,1,2,1,1,3,2,1,1,14,1,1,5,4,4,5,4,5,s3_36_up
322651,1,2,1,1,2,2,1,1,1,1,3,1,1,1,6,2,4,4,3,3,3,3,4,s1_below_8
322652,1,2,1,1,2,3,1,2,1,2,2,1,1,1,9,1,1,1,3,1,3,3,1,s2_8_36
322653,1,2,1,1,2,3,4,1,1,2,3,1,1,2,16,1,1,1,1,4,1,2,1,s1_below_8
322654,1,3,2,2,3,4,3,3,3,1,1,3,2,4,45,1,1,2,4,4,2,4,5,s2_8_36
322656,2,3,2,2,3,3,2,3,3,1,2,3,2,2,40,1,2,4,4,4,1,2,2,s2_8_36
322657,2,2,3,4,3,3,1,1,1,1,2,1,2,1,7,2,2,2,2,3,3,3,3,s2_8_36
322658,2,3,2,2,2,1,1,2,2,1,1,3,2,2,25,2,2,1,4,3,2,2,2,s2_8_36
322659,1,3,2,2,2,5,2,3,2,1,1,2,2,1,25,2,2,4,4,4,5,4,2,s3_36_up
322660,1,3,2,4,2,3,2,3,2,1,1,1,2,1,20,2,2,3,2,2,1,2,3,s3_36_up
322663,1,4,1,1,3,5,1,2,2,1,2,1,2,2,16,1,1,1,4,1,1,2,1,s1_below_8
322665,1,4,2,2,2,3,1,1,1,1,1,1,2,1,6,3,4,3,3,3,4,2,4,s1_below_8
322666,1,2,1,1,2,5,1,2,2,1,3,1,2,1,8,2,2,2,4,1,2,3,2,s3_36_up
322667,1,1,1,1,2,3,1,1,1,1,1,1,1,1,2,4,5,4,4,4,5,4,4,s3_36_up
322668,1,1,2,2,3,3,3,3,3,2,3,1,1,1,37,2,1,1,1,1,5,3,1,s3_36_up
322669,1,2,1,1,2,2,4,3,3,1,1,2,1,4,39,5,5,5,4,4,5,4,5,s2_8_36
322672,1,1,3,3,2,4,1,3,2,2,4,1,1,1,25,5,5,5,4,4,5,4,5,s3_36_up
322673,1,2,1,1,2,4,1,2,1,1,2,1,1,1,6,2,3,3,4,4,5,4,2,s3_36_up
322675,1,1,2,2,3,5,1,1,2,2,2,1,2,1,15,1,1,2,3,2,4,3,3,s3_36_up
322676,2,2,3,3,3,4,2,1,1,1,1,1,1,1,6,2,2,2,4,4,5,3,5,s2_8_36
322679,1,2,1,1,2,2,1,1,1,1,1,1,1,1,4,3,3,5,4,4,5,4,5,s2_8_36
322682,2,1,1,1,3,4,2,3,2,2,3,1,1,4,44,1,1,2,3,2,3,2,2,s3_36_up
322683,1,4,2,2,3,4,1,1,1,1,1,1,2,1,4,2,3,5,4,4,5,4,5,s1_below_8
322684,1,3,3,3,3,5,1,3,1,1,3,1,2,1,19,1,5,5,4,4,5,4,5,s3_36_up
322688,1,2,3,3,3,5,4,3,3,2,3,1,2,4,95,4,5,5,4,4,5,4,5,s3_36_up
322689,1,2,2,2,2,1,1,1,2,1,2,1,2,1,8,2,2,3,4,4,4,4,2,s1_below_8
322690,1,2,1,1,2,2,1,1,1,2,3,1,1,1,5,4,3,5,4,4,5,4,5,s1_below_8
322691,1,1,2,3,2,4,2,1,2,2,3,1,2,1,13,1,1,3,1,4,5,4,5,s3_36_up
322693,2,2,1,1,3,4,1,3,2,1,3,1,1,1,28,2,2,1,3,2,4,3,1,s3_36_up
322694,1,1,3,3,3,4,2,2,3,2,2,1,1,1,19,4,4,4,3,3,5,4,5,s3_36_up
322697,2,3,1,1,2,3,1,1,2,1,1,2,2,1,13,4,5,5,4,4,5,4,5,s1_below_8
322698,1,2,2,3,2,4,4,2,2,1,1,3,2,2,24,2,2,2,1,3,1,3,4,s3_36_up
322699,2,1,3,3,2,1,2,2,1,2,1,1,1,1,7,3,2,4,4,2,5,4,5,s2_8_36
322700,2,2,1,1,2,2,2,3,3,1,2,1,1,3,25,1,4,3,4,3,2,3,1,s2_8_36
322701,1,2,3,3,2,3,2,1,1,1,3,1,1,1,8,2,2,4,3,4,5,4,5,s2_8_36
322702,2,3,2,2,2,4,2,1,2,1,1,2,2,1,14,1,1,3,4,4,5,3,2,s1_below_8
322708,2,3,2,3,2,4,2,1,3,1,1,1,2,1,15,3,2,4,4,4,5,4,3,s1_below_8
322709,1,4,1,1,2,3,1,1,2,1,1,1,1,1,4,3,4,5,4,4,2,4,5,s1_below_8
322710,1,2,2,2,3,5,2,2,1,2,3,1,1,1,10,1,2,1,3,4,4,4,3,s3_36_up
322714,1,2,2,2,3,4,4,2,3,2,4,2,1,2,35,2,3,2,4,4,1,4,5,s3_36_up
322716,2,3,2,2,2,2,2,1,1,1,1,1,2,1,9,2,2,1,4,4,2,4,3,s1_below_8
322717,2,3,2,2,3,2,3,3,1,1,2,4,2,4,65,1,2,2,4,4,4,3,1,s2_8_36
322718,2,2,3,3,3,5,1,3,3,1,3,3,2,4,40,4,4,2,4,4,5,4,5,s3_36_up
322719,1,3,2,2,2,4,4,3,3,1,1,1,1,2,65,2,2,1,1,1,1,1,1,s3_36_up
322720,1,4,1,1,2,3,1,1,1,2,1,1,2,1,8,2,2,4,4,4,4,3,1,s1_below_8
322723,1,4,2,2,2,3,1,1,3,1,1,1,2,1,17,1,1,5,4,4,5,4,5,s1_below_8
322725,1,4,2,2,2,3,2,1,2,1,1,1,1,1,10,2,1,2,4,4,5,4,4,s1_below_8
322726,1,4,1,1,3,2,1,1,3,1,1,1,1,1,8,2,5,5,4,4,5,4,5,s1_below_8
322727,2,3,2,4,2,3,1,1,2,1,2,1,2,4,20,2,2,2,4,2,2,3,2,s1_below_8
322728,1,3,2,2,2,5,4,2,1,1,1,1,1,2,18,2,2,2,4,4,2,3,5,s3_36_up
322729,1,4,2,4,3,4,2,3,2,1,1,2,2,3,30,1,2,2,2,4,5,3,3,s1_below_8
322730,2,4,2,4,2,3,2,3,2,1,1,3,2,4,28,2,2,2,4,3,4,3,2,s1_below_8
322731,2,4,2,2,2,2,1,1,1,1,1,1,1,1,1,4,4,5,4,4,5,4,5,s1_below_8
322732,1,3,2,2,2,3,4,1,2,1,1,1,1,1,27,2,2,5,4,4,5,4,5,s1_below_8
322733,2,4,2,2,2,2,2,1,2,1,1,1,2,1,9,1,1,5,4,4,5,3,2,s1_below_8
322734,2,3,3,4,3,4,1,3,3,1,1,2,2,1,31,1,2,2,4,4,5,3,2,s3_36_up
322735,2,2,3,3,2,2,1,2,3,2,4,2,2,1,25,2,2,2,3,3,4,3,2,s2_8_36
322739,1,4,2,2,3,5,2,1,1,1,1,1,1,1,8,2,2,3,4,4,3,4,5,s1_below_8
322742,2,3,1,1,3,1,1,1,1,1,1,1,2,1,8,1,3,4,4,4,1,4,5,s2_8_36
322744,2,4,2,2,2,2,4,2,1,1,1,1,2,1,13,2,2,3,4,1,4,3,5,s1_below_8
322745,1,3,2,2,2,3,4,3,2,1,1,3,1,2,49,3,4,5,4,4,5,4,5,s3_36_up
322746,2,3,1,1,2,5,1,1,2,1,1,2,2,4,45,2,2,1,4,3,4,4,4,s1_below_8
322747,2,3,2,2,2,4,2,1,3,1,1,1,1,3,25,2,3,2,4,4,3,4,5,s1_below_8
322748,2,4,2,2,2,2,2,1,3,1,1,1,2,2,25,2,2,5,4,4,5,4,5,s1_below_8
322749,2,4,2,2,2,4,4,1,3,1,1,2,2,1,23,1,1,2,4,4,3,4,5,s1_below_8
322751,2,4,1,1,2,3,2,2,2,1,1,1,2,1,17,1,1,1,2,1,3,2,3,s1_below_8
322752,1,4,2,4,2,4,2,1,2,1,2,3,2,1,21,5,5,3,4,4,1,1,5,s1_below_8
322753,1,3,3,4,2,4,4,3,2,1,4,3,2,4,64,3,3,4,1,3,4,3,2,s3_36_up
322754,1,3,2,2,2,3,2,2,3,1,1,3,1,1,22,1,1,1,4,4,5,3,1,s3_36_up
322755,1,4,2,2,2,3,2,1,3,1,1,4,2,4,42,3,3,2,4,4,2,3,5,s1_below_8
322757,1,4,2,2,1,2,2,2,1,1,1,2,2,1,19,3,2,3,4,4,5,4,4,s1_below_8
322759,1,4,2,2,1,4,1,1,1,1,1,1,2,1,8,2,2,4,4,4,5,4,5,s1_below_8
322761,1,3,2,2,2,5,3,1,1,1,1,1,2,1,14,2,2,5,4,4,5,4,5,s3_36_up
322762,1,3,2,2,2,3,1,1,2,1,1,3,2,1,16,2,2,5,4,4,5,4,5,s1_below_8
322763,2,1,2,2,3,3,3,2,2,2,4,3,1,4,42,2,2,2,1,2,2,2,2,s2_8_36
322766,2,3,2,2,2,2,2,2,2,1,1,1,2,1,14,1,2,2,2,1,2,2,2,s1_below_8
322767,1,4,2,2,2,3,1,1,2,1,1,1,1,1,6,2,2,3,4,4,5,4,5,s1_below_8
322768,2,3,1,1,2,3,1,1,2,1,1,1,2,1,9,2,2,2,4,1,5,2,3,s2_8_36
322770,2,4,2,4,2,4,3,2,1,1,1,1,2,2,16,2,5,3,4,1,1,3,2,s1_below_8
322772,2,4,1,1,2,2,1,1,1,1,1,1,1,4,12,2,1,5,4,4,5,4,5,s1_below_8
322774,2,3,1,1,2,2,1,1,1,2,3,1,2,1,12,2,2,2,4,4,1,4,2,s1_below_8
322775,2,3,1,1,2,2,4,2,1,1,1,1,2,1,24,2,2,2,3,2,4,3,3,s2_8_36
322776,1,4,2,2,3,3,3,1,2,1,1,4,2,1,30,2,2,3,3,3,5,4,5,s1_below_8
322777,2,3,2,2,2,1,1,1,1,1,1,1,2,1,4,1,1,4,4,4,5,4,5,s1_below_8
322779,1,3,2,2,2,4,4,1,2,1,1,3,2,1,26,1,1,1,4,4,5,4,5,s2_8_36
322780,1,3,2,2,2,4,3,2,1,1,1,1,2,1,13,1,1,1,4,4,5,2,1,s3_36_up
322781,2,3,2,2,2,3,2,2,2,1,1,1,2,4,30,4,4,4,3,3,4,3,4,s2_8_36
322782,2,3,1,1,2,3,1,1,1,2,2,1,2,1,8,1,1,1,1,1,3,2,3,s2_8_36
322786,1,3,2,4,3,5,4,3,3,1,4,2,2,4,70,3,3,2,4,4,5,4,5,s2_8_36
322787,2,3,2,4,2,4,1,1,2,1,1,1,1,1,7,2,4,5,4,4,5,4,5,s1_below_8
322789,2,4,2,4,2,2,2,1,2,1,1,1,2,3,16,1,2,3,4,3,2,3,5,s1_below_8
322791,2,4,2,2,2,1,3,1,2,1,1,1,2,2,17,3,3,4,4,1,5,4,1,s1_below_8
322792,1,4,2,2,3,5,2,1,2,1,1,3,2,2,28,2,1,3,4,4,5,4,5,s1_below_8
322794,1,3,2,2,2,5,2,1,2,1,2,1,2,1,11,2,2,5,4,4,5,4,5,s3_36_up
322795,2,3,2,2,2,1,1,2,1,1,1,1,2,1,16,1,1,3,3,1,4,3,3,s1_below_8
322796,2,3,2,2,2,5,1,1,1,1,1,1,2,2,10,2,2,4,4,4,5,3,2,s1_below_8
322798,1,3,2,4,3,2,1,1,1,1,1,1,2,1,3,2,3,5,4,4,5,4,5,s1_below_8
322799,1,4,1,1,2,3,3,3,3,1,1,1,2,1,60,1,1,5,4,4,5,4,5,s1_below_8
322800,2,4,2,2,2,2,4,1,3,1,1,3,2,1,39,2,2,3,4,4,5,4,5,s1_below_8
322801,2,3,1,1,2,2,1,1,1,1,1,1,2,1,3,1,2,1,4,1,1,3,1,s1_below_8
322803,1,4,2,2,3,5,4,1,2,1,1,1,2,2,25,2,3,5,4,4,1,4,5,s1_below_8
322805,2,3,1,1,2,3,3,2,1,1,1,3,1,3,24,2,5,2,1,1,5,4,2,s2_8_36
322806,2,4,2,2,3,4,3,1,2,1,1,1,2,1,10,4,4,4,4,4,5,4,5,s1_below_8
322807,1,3,2,2,3,4,1,2,1,1,2,1,2,1,10,4,4,4,3,3,2,4,5,s3_36_up
322808,2,3,1,1,2,4,3,1,2,1,1,3,2,1,30,2,2,5,4,3,5,2,5,s2_8_36
322809,2,3,2,2,2,4,4,3,2,1,1,1,2,3,44,1,2,2,4,1,3,4,3,s2_8_36
322810,2,4,2,2,2,3,1,1,3,1,1,4,1,4,42,1,1,5,4,4,5,4,3,s1_below_8
322812,1,1,2,2,3,4,4,2,2,1,3,1,1,1,17,3,2,2,1,1,4,3,5,s3_36_up
322813,2,3,1,1,2,3,3,2,3,1,1,1,1,1,18,1,2,3,4,4,3,4,1,s1_below_8
322814,2,4,2,4,2,2,2,1,2,1,2,2,2,2,24,2,2,5,4,4,5,4,5,s1_below_8
322815,2,3,2,2,2,1,1,1,1,1,2,1,2,1,8,1,1,4,4,4,5,4,5,s1_below_8
322817,2,3,2,4,2,2,2,1,1,1,1,1,2,2,13,1,1,4,4,4,5,4,5,s2_8_36
322820,1,4,2,2,2,3,1,1,1,1,1,1,1,1,5,4,4,4,4,4,5,4,5,s1_below_8
322823,1,3,2,2,3,5,4,2,3,2,2,4,1,4,97,1,1,1,1,1,2,1,2,s3_36_up
322826,1,3,3,4,3,4,1,1,2,1,1,1,2,1,6,2,2,5,1,2,5,4,5,s3_36_up
322827,2,4,1,1,2,2,1,1,2,1,1,3,1,4,28,2,2,5,4,4,5,4,2,s1_below_8
322829,2,3,2,2,2,2,3,3,2,1,1,1,2,3,40,1,1,2,4,4,5,4,5,s2_8_36
322831,1,3,2,4,3,5,4,2,3,1,1,1,2,4,42,3,2,2,4,2,5,2,3,s3_36_up
322832,2,3,2,2,3,2,1,2,2,1,1,1,1,1,10,2,2,1,4,1,5,4,2,s1_below_8
322833,2,3,2,2,2,4,2,2,1,1,1,1,1,2,13,3,3,1,4,3,5,3,2,s2_8_36
322834,1,3,1,1,2,3,4,1,1,1,1,1,2,2,15,2,3,4,4,4,5,4,5,s1_below_8
322835,2,2,3,4,3,4,2,2,1,1,4,1,2,1,17,2,2,2,3,2,1,2,2,s2_8_36
322836,1,4,2,2,2,2,2,2,3,1,1,4,2,4,43,4,4,5,4,4,5,4,5,s1_below_8
322838,2,4,2,2,2,5,2,1,3,2,1,1,2,1,17,1,2,1,4,4,5,3,1,s2_8_36
322839,1,3,2,2,2,4,1,3,3,1,2,2,2,2,43,2,2,2,3,3,4,3,2,s3_36_up
322841,2,3,2,2,3,4,3,3,2,1,1,4,2,1,36,2,2,1,4,4,5,4,4,s3_36_up
322843,1,4,2,2,2,4,1,1,3,1,1,1,2,1,11,1,2,3,4,4,5,4,3,s1_below_8
322844,1,4,2,2,2,3,4,3,3,1,1,2,2,1,29,2,2,3,2,2,1,2,3,s1_below_8
322845,2,4,1,1,2,3,2,1,2,2,1,2,2,1,18,1,2,5,4,4,5,4,2,s1_below_8
322847,1,3,2,2,3,5,3,2,2,2,3,1,2,1,22,1,1,1,4,3,1,4,1,s2_8_36
322849,2,4,2,2,2,4,1,2,2,1,1,2,2,2,23,2,2,2,2,2,2,2,3,s1_below_8
322851,2,3,1,1,2,2,2,2,2,2,1,2,2,1,20,2,2,5,4,4,5,4,5,s2_8_36
322853,2,3,2,2,2,2,1,1,2,1,1,2,2,4,28,1,1,5,4,4,5,4,5,s2_8_36
322855,1,4,2,2,2,2,1,1,1,1,1,1,2,1,4,2,2,4,4,4,5,4,5,s1_below_8
322856,1,4,1,1,2,3,1,1,2,1,1,1,2,1,12,2,3,3,4,4,5,4,5,s1_below_8
322857,1,4,2,2,2,3,2,1,3,1,1,2,2,4,37,2,1,3,4,4,5,4,3,s1_below_8
322858,2,3,2,2,3,2,3,3,3,1,1,2,2,2,34,3,2,3,4,4,5,3,5,s2_8_36
322859,1,4,2,2,2,5,4,3,3,1,2,3,2,4,65,3,3,5,1,4,1,4,5,s1_below_8
322861,1,4,2,2,3,4,1,1,2,1,1,2,1,1,9,3,3,5,4,4,2,4,5,s1_below_8
322862,2,4,2,2,2,2,1,1,2,1,3,1,2,1,10,2,3,2,4,4,5,4,5,s1_below_8
322863,2,4,1,1,2,3,1,1,1,1,1,1,2,4,23,1,2,1,2,2,2,2,1,s1_below_8
322864,1,4,3,4,2,3,2,1,3,1,1,1,2,1,11,1,1,3,4,4,5,4,5,s1_below_8
322865,1,4,2,2,2,4,1,1,2,1,1,2,1,2,15,1,1,3,4,4,5,3,5,s1_below_8
322869,2,2,2,2,2,3,1,1,1,1,4,1,1,2,9,2,2,5,4,3,2,3,2,s3_36_up
322870,2,3,2,2,3,3,1,1,1,1,1,1,2,1,2,2,2,5,4,4,5,4,5,s1_below_8
322871,1,4,2,2,3,5,3,1,3,1,1,2,2,1,19,1,1,1,2,1,1,2,1,s3_36_up
322872,2,4,2,2,2,2,1,1,2,1,1,4,2,1,18,5,5,5,4,4,5,4,5,s1_below_8
322875,2,3,2,2,2,5,1,2,3,1,1,1,2,1,21,2,3,4,4,4,5,4,5,s1_below_8
322876,1,3,3,4,3,4,2,2,3,1,2,1,2,2,21,2,2,4,4,4,2,3,2,s3_36_up
322880,1,3,1,1,2,2,2,1,3,1,1,1,2,3,32,2,3,3,1,4,5,4,3,s1_below_8
322882,1,4,2,2,3,3,1,1,2,1,2,3,1,1,12,4,4,5,4,4,5,4,5,s2_8_36
322885,2,3,2,4,2,2,4,1,3,1,2,2,2,4,38,2,2,4,4,3,1,4,4,s1_below_8
322887,1,4,2,2,2,3,2,1,3,2,1,1,2,2,21,2,2,5,4,4,5,4,5,s1_below_8
322888,2,3,2,4,2,1,2,1,3,1,2,1,2,4,32,5,5,5,4,4,5,4,5,s1_below_8
322892,2,3,2,2,2,2,2,1,1,1,1,1,1,1,7,2,2,2,4,4,5,4,1,s2_8_36
322893,1,3,1,1,3,2,4,3,3,1,1,3,2,4,56,3,3,2,1,3,5,4,5,s2_8_36
322894,1,3,3,4,2,4,1,2,2,1,1,1,2,1,11,3,3,4,4,4,5,4,5,s3_36_up
322896,1,3,3,4,3,5,2,2,3,1,1,1,2,1,25,2,2,5,4,4,5,4,5,s3_36_up
322900,1,4,2,2,2,3,2,1,3,1,1,4,2,2,37,2,2,2,4,4,2,4,5,s1_below_8
322902,1,3,2,2,2,5,2,1,2,1,1,1,2,1,9,2,2,2,4,3,4,2,5,s3_36_up
322903,2,3,1,1,2,3,1,1,1,1,1,1,1,1,5,4,2,5,4,4,5,4,1,s1_below_8
322905,2,4,3,4,2,4,1,1,1,1,1,1,2,1,4,1,1,5,4,4,5,4,5,s1_below_8
322907,1,3,3,4,2,4,4,1,3,1,1,4,2,4,49,2,2,3,4,3,5,3,5,s3_36_up
322908,2,3,2,4,2,3,1,2,2,1,1,3,2,1,20,2,2,2,4,3,4,4,2,s2_8_36
322909,2,3,3,4,2,3,2,3,1,1,1,3,2,4,67,1,1,3,4,4,5,4,5,s2_8_36
322910,1,4,2,2,2,4,1,3,2,1,1,2,2,1,22,2,2,2,4,4,5,4,5,s1_below_8
322911,1,3,2,2,2,5,4,3,3,1,1,3,1,4,82,1,1,1,4,1,4,3,2,s3_36_up
322912,1,3,2,2,3,5,1,2,2,1,1,2,2,4,31,1,1,2,4,4,2,2,5,s3_36_up
322913,2,3,1,1,2,4,2,3,2,1,2,1,2,1,19,1,1,1,2,1,3,2,2,s2_8_36
322914,2,3,2,2,3,2,3,1,2,1,1,1,2,1,14,2,2,3,4,4,1,4,2,s1_below_8
322915,1,3,3,4,3,2,2,1,3,1,2,2,1,3,26,2,3,2,1,1,2,1,2,s2_8_36
322916,1,3,1,1,2,4,4,3,3,1,3,1,1,4,38,2,1,4,4,4,2,4,2,s3_36_up
322918,2,3,1,1,2,3,1,1,1,1,1,1,2,1,5,1,1,1,1,1,1,1,1,s2_8_36
322919,1,1,3,4,3,5,3,2,3,2,4,4,2,4,289,1,1,1,1,1,1,1,1,s3_36_up
322920,2,4,1,1,2,2,1,1,1,1,2,2,2,1,14,5,5,5,4,4,5,4,5,s1_below_8
322922,1,3,2,4,3,5,2,2,3,1,2,4,2,1,34,2,2,2,2,2,1,2,2,s2_8_36
322923,1,3,3,4,3,3,2,3,3,1,1,1,2,2,24,1,1,1,4,1,1,3,4,s2_8_36
322925,2,3,2,2,3,5,2,2,2,1,1,1,2,1,10,2,2,1,2,2,2,2,1,s3_36_up
322926,2,4,2,4,3,2,2,1,2,1,1,2,2,2,18,3,2,5,4,4,5,4,5,s1_below_8
322929,2,4,1,1,3,4,4,2,2,1,1,1,1,4,28,2,2,2,4,1,4,2,5,s1_below_8
322930,1,4,1,1,2,3,3,1,2,1,1,1,1,1,10,3,2,2,4,1,4,3,1,s1_below_8
322931,1,3,3,4,3,4,2,2,2,1,1,1,2,1,11,1,1,1,4,1,2,1,1,s3_36_up
322932,1,3,1,1,2,2,4,1,1,1,1,4,2,1,23,2,2,3,3,2,2,3,4,s1_below_8
322934,1,3,2,2,2,3,1,1,1,1,1,1,2,1,6,2,2,3,4,4,5,4,5,s2_8_36
322936,2,4,1,1,2,2,2,1,2,1,1,2,2,1,16,1,2,2,4,2,4,2,2,s1_below_8
322937,1,3,2,2,3,5,4,2,2,2,2,4,2,2,43,1,1,2,2,2,2,3,4,s3_36_up
322938,1,3,1,1,2,3,1,1,2,1,1,1,1,3,15,4,5,5,4,4,5,4,5,s1_below_8
322940,1,4,2,2,3,4,4,1,1,1,1,1,2,4,49,3,2,5,4,4,5,4,4,s1_below_8
322942,1,4,1,1,2,3,1,1,1,1,1,2,2,1,11,1,4,4,4,4,5,3,5,s1_below_8
322943,1,3,1,1,2,4,1,1,1,1,1,1,2,1,4,2,3,2,4,4,5,4,2,s1_below_8
322944,1,3,1,1,2,2,1,2,2,1,3,1,2,1,15,4,4,4,3,3,2,3,4,s3_36_up
322946,1,3,2,2,2,4,1,2,2,1,1,2,2,1,17,2,1,2,4,4,1,2,5,s2_8_36
322948,1,3,1,1,2,3,3,1,2,1,1,2,1,1,13,1,2,2,4,4,5,3,1,s3_36_up
322949,2,4,1,1,3,3,3,1,3,1,1,1,2,1,20,5,5,5,4,4,5,4,5,s1_below_8
322951,1,4,1,1,3,3,3,3,1,1,1,1,1,1,15,1,1,1,4,4,5,4,1,s1_below_8
322953,1,3,2,2,2,3,1,1,1,1,1,1,2,1,3,2,2,4,3,3,4,3,2,s1_below_8
322954,1,3,2,2,2,3,1,2,3,2,4,2,2,2,39,1,1,1,1,2,1,1,1,s3_36_up
322955,1,3,2,2,2,4,4,2,3,1,3,1,2,1,26,1,1,1,4,2,2,2,1,s3_36_up
322956,1,4,1,1,2,4,1,1,2,1,1,1,2,2,12,2,2,5,4,4,5,4,5,s1_below_8
322958,2,3,2,2,2,1,1,1,1,1,2,1,2,1,11,1,1,4,4,4,5,4,1,s1_below_8
