,id,Gender_A,Age_A,Householdsize,MaritalStatus,Education_A,Income,total_friends,total_colleagues,total_neighbors,total_grandparents,total_parents,total_siblings,total_children,total_relatives,total_allgroups,visit,receive,dining,bar,cinema,recreation,vacation,shopping,Paidwork
0,320991,1.0,4.0,3.0,4.0,2.0,4.0,1,3,1,1,2,2,2,1,11.0,2,3,5,4,4,5,4,5,40
1,320992,2.0,1.0,3.0,4.0,3.0,1.0,2,2,2,2,3,1,1,2,16.0,3,3,5,4,3,3,4,5,8
2,320993,1.0,3.0,1.0,1.0,2.0,3.0,1,3,3,1,1,4,1,1,32.0,1,2,4,4,4,5,3,5,40
3,320994,1.0,2.0,3.0,3.0,3.0,4.0,4,3,1,2,3,1,1,1,49.0,1,1,1,1,2,5,4,5,4
4,320995,1.0,4.0,3.0,4.0,3.0,5.0,4,3,3,2,4,4,2,2,77.0,1,1,2,1,1,2,1,2,40
5,320996,1.0,4.0,2.0,2.0,2.0,5.0,2,1,3,1,1,2,2,1,16.0,4,5,5,4,4,5,4,5,15
6,320998,1.0,4.0,2.0,2.0,3.0,4.0,4,3,2,1,2,1,2,4,33.0,2,3,3,4,3,5,4,5,40
7,321000,2.0,3.0,3.0,3.0,3.0,1.0,2,2,3,2,4,3,2,4,59.0,2,2,4,4,4,5,4,4,18
8,321001,2.0,3.0,3.0,3.0,3.0,3.0,4,2,2,2,4,3,2,4,62.0,2,2,2,2,2,2,2,2,24
9,321003,2.0,3.0,1.0,1.0,3.0,4.0,2,3,2,2,3,1,1,4,53.0,2,4,2,4,4,2,4,2,32
10,321004,2.0,3.0,3.0,3.0,3.0,2.0,1,1,1,1,2,2,2,2,12.0,2,2,3,4,2,2,3,1,0
11,321007,1.0,4.0,2.0,2.0,2.0,4.0,3,1,2,1,1,1,2,1,13.0,3,2,4,4,4,5,3,4,20
12,321008,1.0,5.0,2.0,2.0,2.0,4.0,1,3,1,1,1,1,2,3,35.0,2,2,2,4,2,5,3,4,0
13,321009,1.0,4.0,3.0,4.0,3.0,3.0,2,1,3,1,2,4,2,2,29.0,3,3,4,4,4,4,4,5,0
14,321010,1.0,5.0,2.0,2.0,2.0,5.0,2,3,1,1,1,1,2,2,20.0,1,1,5,4,4,1,4,5,10
15,321011,1.0,3.0,2.0,2.0,3.0,4.0,2,3,3,1,2,1,1,2,28.0,2,2,5,4,4,5,4,2,40
16,321012,2.0,2.0,3.0,3.0,2.0,3.0,3,2,3,2,4,1,2,4,37.0,1,1,1,2,2,1,2,1,32
17,321013,2.0,2.0,3.0,3.0,2.0,2.0,1,2,2,2,4,2,2,1,19.0,1,1,2,4,4,2,3,1,16
18,321014,2.0,3.0,1.0,1.0,3.0,2.0,3,2,1,1,2,2,1,1,14.0,2,3,3,2,2,2,4,3,13
19,321015,2.0,4.0,1.0,1.0,2.0,2.0,1,1,2,1,1,1,1,1,4.0,2,2,4,4,4,4,3,4,40
20,321017,1.0,3.0,2.0,2.0,2.0,4.0,4,3,2,1,4,1,1,3,61.0,1,3,2,1,1,1,2,1,40
21,321018,1.0,4.0,2.0,2.0,3.0,5.0,2,1,3,1,1,2,1,1,14.0,2,2,4,4,4,1,4,5,40
22,321019,2.0,1.0,3.0,3.0,2.0,1.0,4,1,3,2,4,3,2,4,65.0,1,2,3,1,4,1,4,5,0
23,321021,2.0,4.0,3.0,4.0,2.0,3.0,2,2,2,1,1,3,2,4,27.0,2,2,5,4,4,5,4,5,40
24,321023,1.0,2.0,1.0,1.0,2.0,3.0,3,1,2,1,4,1,1,1,18.0,1,1,5,1,1,1,3,2,36
25,321025,2.0,5.0,3.0,4.0,2.0,3.0,2,1,3,1,1,3,2,3,24.0,1,2,2,4,4,5,4,2,0
26,321026,2.0,2.0,3.0,3.0,3.0,4.0,1,1,1,2,4,4,2,1,27.0,1,1,2,3,3,2,3,4,0
27,321027,1.0,4.0,2.0,2.0,2.0,3.0,4,1,3,1,1,4,2,1,40.0,2,2,5,4,4,5,4,5,0
28,321028,1.0,3.0,3.0,4.0,3.0,4.0,1,3,2,1,3,1,2,1,22.0,5,5,5,4,4,5,4,5,36
29,321030,1.0,2.0,2.0,2.0,2.0,4.0,1,2,2,1,4,1,1,2,16.0,2,4,5,4,4,5,4,5,40
30,321032,2.0,1.0,2.0,2.0,3.0,1.0,1,1,1,1,3,1,1,1,7.0,1,1,1,1,1,1,1,2,10
31,321035,2.0,3.0,2.0,2.0,2.0,1.0,2,1,3,1,3,1,1,1,10.0,3,3,5,4,4,2,3,1,20
32,321036,2.0,3.0,1.0,1.0,2.0,3.0,2,2,1,1,3,1,1,1,13.0,1,2,3,1,3,1,4,2,26
33,321037,2.0,1.0,2.0,2.0,2.0,3.0,3,1,1,2,3,1,1,4,23.0,2,2,1,1,1,1,2,1,0
34,321038,1.0,1.0,3.0,4.0,3.0,1.0,2,3,1,1,3,1,1,1,27.0,4,5,5,1,4,2,4,5,11
35,321039,1.0,2.0,3.0,3.0,3.0,5.0,1,1,1,1,3,1,2,1,7.0,1,1,5,4,4,5,4,5,40
36,321040,1.0,1.0,3.0,4.0,2.0,1.0,1,2,2,2,4,2,1,1,20.0,1,1,1,1,1,1,1,1,0
37,321042,2.0,2.0,2.0,2.0,3.0,3.0,1,3,3,1,4,1,1,4,84.0,1,1,2,1,1,1,2,2,28
38,321043,1.0,2.0,3.0,3.0,3.0,5.0,2,3,3,1,4,1,2,1,21.0,4,4,4,3,3,4,3,4,36
39,321044,1.0,4.0,3.0,4.0,2.0,4.0,4,3,1,1,1,1,2,2,42.0,2,2,5,4,4,5,4,5,40
40,321045,2.0,2.0,3.0,3.0,2.0,3.0,2,2,1,2,3,1,1,3,19.0,1,3,1,4,4,5,4,5,40
41,321046,1.0,2.0,2.0,2.0,2.0,4.0,2,1,2,1,4,4,1,1,29.0,1,2,4,4,4,4,2,4,40
42,321047,2.0,2.0,2.0,2.0,3.0,4.0,3,3,2,2,4,2,1,4,91.0,1,3,1,4,4,5,4,2,40
43,321049,2.0,3.0,3.0,4.0,3.0,3.0,2,1,2,2,2,1,1,1,10.0,1,1,2,1,1,2,1,3,22
44,321051,2.0,1.0,3.0,4.0,2.0,1.0,2,3,2,2,3,1,1,3,28.0,1,1,2,1,3,5,4,5,10
45,321052,1.0,4.0,3.0,4.0,3.0,5.0,2,2,2,1,2,1,2,1,17.0,2,2,3,2,2,1,2,4,0
46,321053,2.0,1.0,3.0,4.0,1.0,1.0,2,1,3,2,3,1,1,4,26.0,1,1,1,2,2,1,2,1,0
47,321054,2.0,4.0,2.0,2.0,2.0,1.0,1,1,1,1,1,2,2,1,6.0,2,2,5,4,4,5,4,3,6
48,321055,2.0,3.0,1.0,1.0,3.0,4.0,3,1,1,1,3,4,1,4,37.0,1,2,1,4,4,1,2,3,32
49,321058,1.0,3.0,3.0,4.0,3.0,4.0,1,1,2,1,4,2,2,1,16.0,2,2,4,4,4,5,4,5,36
50,321059,2.0,4.0,3.0,4.0,2.0,4.0,1,1,1,1,2,2,2,1,12.0,1,1,3,3,4,2,3,1,9
51,321060,1.0,1.0,3.0,4.0,3.0,5.0,4,3,3,2,4,4,2,4,97.0,1,1,1,1,1,1,1,1,40
52,321061,1.0,3.0,1.0,1.0,2.0,3.0,3,3,2,1,3,1,2,2,30.0,2,2,1,1,1,5,3,2,0
53,321062,1.0,2.0,2.0,2.0,3.0,4.0,2,1,2,2,4,2,1,2,19.0,1,4,2,4,1,5,3,5,40
54,321063,1.0,2.0,1.0,1.0,3.0,4.0,4,3,2,1,3,1,1,1,26.0,2,2,4,4,4,5,4,5,38
55,321071,2.0,3.0,3.0,4.0,3.0,3.0,2,3,3,1,2,1,2,4,30.0,2,2,3,3,3,4,3,3,28
56,321072,2.0,4.0,2.0,4.0,2.0,2.0,1,1,1,2,2,2,2,3,18.0,1,2,5,4,4,2,3,1,20
57,321073,2.0,3.0,2.0,2.0,2.0,2.0,1,2,1,2,3,4,1,4,51.0,2,2,4,4,4,5,4,5,28
58,321075,1.0,5.0,2.0,2.0,2.0,5.0,3,3,2,1,1,1,2,2,27.0,2,2,1,4,4,5,4,5,16
59,321076,2.0,1.0,1.0,1.0,3.0,1.0,4,3,3,2,4,1,1,1,39.0,1,1,2,4,1,4,3,1,8
60,321078,2.0,4.0,2.0,2.0,2.0,4.0,3,3,3,1,1,4,2,4,76.0,1,1,2,4,4,5,3,2,32
61,321079,2.0,5.0,2.0,2.0,2.0,1.0,1,1,2,1,1,3,2,1,16.0,4,3,4,4,4,5,3,4,0
62,321080,2.0,4.0,2.0,2.0,2.0,2.0,2,1,2,1,1,1,2,1,9.0,2,2,4,4,4,4,4,5,0
63,321081,1.0,1.0,3.0,2.0,2.0,1.0,1,1,1,2,3,1,1,4,14.0,1,5,5,4,4,5,4,5,0
64,321082,1.0,4.0,4.0,4.0,2.0,2.0,1,1,1,1,1,1,2,1,3.0,2,2,5,4,4,5,4,5,0
65,321083,1.0,1.0,3.0,2.0,2.0,3.0,1,3,3,2,3,1,1,1,23.0,2,3,4,4,4,5,4,5,7
66,321084,2.0,4.0,3.0,4.0,2.0,1.0,3,1,3,1,2,3,2,3,49.0,3,2,4,4,4,5,4,4,15
67,321085,1.0,4.0,3.0,4.0,2.0,2.0,3,1,3,1,2,1,2,1,15.0,2,2,1,4,4,5,2,2,0
68,321086,1.0,4.0,3.0,4.0,2.0,4.0,1,3,3,2,1,1,2,2,45.0,5,5,5,4,4,5,4,5,40
69,321087,2.0,3.0,3.0,4.0,2.0,2.0,1,1,1,2,1,1,1,1,3.0,2,2,4,3,3,4,3,3,16
70,321088,2.0,2.0,3.0,3.0,2.0,1.0,4,1,3,2,4,3,1,4,62.0,1,1,2,3,3,4,4,2,10
71,321089,2.0,4.0,2.0,2.0,2.0,4.0,4,3,3,2,4,1,1,2,56.0,1,1,4,3,3,4,4,5,40
72,321090,2.0,4.0,1.0,1.0,2.0,2.0,1,2,1,1,2,4,2,1,16.0,3,3,4,4,4,5,4,1,0
73,321093,2.0,3.0,1.0,1.0,2.0,3.0,2,2,3,1,2,4,1,4,42.0,1,1,2,2,4,2,4,2,24
74,321095,1.0,2.0,1.0,1.0,2.0,4.0,2,2,2,1,3,1,1,1,14.0,2,1,4,4,4,5,4,5,38
75,321096,1.0,3.0,3.0,3.0,2.0,3.0,1,1,1,2,3,1,2,1,12.0,1,1,5,4,4,5,4,5,40
76,321097,2.0,4.0,3.0,4.0,2.0,2.0,4,2,2,1,1,2,2,3,27.0,2,1,4,4,4,5,4,2,20
77,321099,2.0,3.0,3.0,4.0,2.0,3.0,1,1,2,1,4,2,2,1,13.0,2,2,3,3,3,4,2,2,0
78,321101,1.0,2.0,2.0,2.0,3.0,4.0,3,2,2,1,4,1,1,4,28.0,1,3,4,4,3,1,3,2,40
79,321102,1.0,2.0,1.0,1.0,1.0,2.0,4,3,2,1,4,1,1,1,42.0,1,1,5,4,4,5,4,5,16
80,321104,1.0,2.0,2.0,2.0,2.0,4.0,3,3,3,1,4,3,1,3,36.0,2,3,3,2,2,3,2,2,40
81,321105,1.0,4.0,2.0,4.0,3.0,5.0,4,1,1,1,1,1,2,1,13.0,2,2,2,3,3,3,3,3,0
82,321106,1.0,2.0,2.0,2.0,2.0,4.0,1,2,1,1,4,2,1,2,17.0,1,3,1,3,3,2,3,2,40
83,321107,1.0,2.0,2.0,2.0,2.0,4.0,1,1,2,2,4,2,1,3,19.0,2,2,2,2,2,3,2,3,40
84,321108,2.0,5.0,1.0,1.0,2.0,2.0,1,2,1,1,1,1,2,1,10.0,2,2,2,2,1,3,3,3,0
85,321110,1.0,2.0,1.0,1.0,2.0,4.0,1,1,2,1,4,2,1,2,17.0,4,4,4,4,4,4,3,4,40
86,321112,1.0,5.0,2.0,2.0,3.0,5.0,2,1,1,1,1,1,2,1,8.0,3,3,5,4,4,5,4,5,0
87,321115,2.0,3.0,2.0,2.0,2.0,4.0,1,2,1,1,2,1,2,1,10.0,2,2,2,4,4,5,4,1,39
88,321116,1.0,3.0,3.0,3.0,3.0,5.0,4,3,2,2,4,1,1,2,38.0,1,1,1,1,1,1,1,1,36
89,321117,2.0,4.0,1.0,1.0,2.0,2.0,2,1,2,1,1,1,1,1,7.0,5,1,5,4,4,5,4,5,0
90,321118,1.0,4.0,2.0,2.0,3.0,3.0,2,3,2,2,2,2,2,1,19.0,2,2,3,2,2,3,2,2,5
91,321120,2.0,3.0,2.0,2.0,2.0,2.0,1,2,1,1,1,1,1,1,8.0,3,2,5,4,4,5,4,1,25
92,321121,2.0,3.0,3.0,3.0,2.0,2.0,4,3,3,2,4,3,2,4,74.0,2,2,1,2,4,5,4,3,28
93,321122,2.0,4.0,2.0,2.0,3.0,5.0,4,1,1,1,1,1,2,1,13.0,3,5,5,4,4,5,4,5,24
94,321123,2.0,2.0,1.0,1.0,2.0,2.0,2,2,1,1,2,1,1,4,20.0,1,1,2,3,3,1,4,2,40
95,321124,1.0,3.0,1.0,1.0,3.0,5.0,2,2,1,1,3,2,1,1,16.0,4,5,5,4,4,5,4,5,40
96,321125,2.0,3.0,2.0,2.0,3.0,2.0,4,2,3,2,4,1,2,1,28.0,1,1,2,4,1,1,3,1,20
97,321126,1.0,3.0,3.0,3.0,3.0,1.0,1,1,1,2,4,1,2,1,8.0,1,1,2,4,4,4,3,4,0
98,321127,1.0,2.0,3.0,3.0,3.0,3.0,2,2,2,2,3,1,1,1,12.0,1,1,1,1,1,1,1,1,40
99,321128,2.0,6.0,2.0,2.0,2.0,3.0,2,1,1,2,3,2,2,2,18.0,1,1,2,4,2,5,2,3,0
100,321129,1.0,2.0,1.0,1.0,3.0,4.0,3,3,3,1,3,1,1,1,25.0,3,3,3,1,4,5,3,5,36
101,321130,2.0,4.0,3.0,3.0,2.0,2.0,3,1,1,2,4,3,2,4,42.0,1,1,3,4,4,4,3,2,10
102,321131,1.0,2.0,3.0,3.0,3.0,4.0,4,2,2,2,4,3,2,1,31.0,1,2,1,1,1,1,1,2,38
103,321134,2.0,3.0,2.0,2.0,2.0,3.0,2,3,2,1,2,1,1,1,18.0,3,2,3,4,4,5,4,4,36
104,321135,1.0,3.0,1.0,1.0,2.0,2.0,2,2,2,1,2,1,1,1,9.0,2,3,4,4,4,5,4,4,24
105,321136,2.0,4.0,2.0,2.0,2.0,1.0,4,1,2,2,1,1,2,2,24.0,2,2,5,4,4,5,4,5,0
106,321137,2.0,2.0,2.0,2.0,2.0,1.0,2,1,2,2,4,1,1,1,11.0,1,1,2,2,2,1,2,1,0
107,321140,2.0,4.0,2.0,2.0,2.0,3.0,2,1,2,1,1,2,2,4,24.0,2,1,2,4,4,1,4,5,0
108,321141,2.0,2.0,2.0,2.0,2.0,2.0,1,3,2,1,4,2,1,1,20.0,3,3,5,4,4,5,4,5,24
109,321142,2.0,5.0,2.0,2.0,2.0,4.0,1,2,1,1,1,1,2,2,11.0,3,4,2,4,2,3,3,4,0
110,321143,2.0,4.0,2.0,2.0,3.0,4.0,4,1,2,2,3,1,2,1,26.0,1,2,5,4,4,5,4,2,0
111,321145,2.0,4.0,3.0,4.0,2.0,2.0,1,1,1,1,1,1,2,1,6.0,1,2,5,4,4,5,4,5,0
112,321146,1.0,3.0,1.0,1.0,2.0,3.0,1,1,1,1,3,1,1,1,5.0,2,5,5,4,4,5,4,5,30
113,321147,1.0,3.0,3.0,4.0,3.0,5.0,1,3,3,1,2,1,2,2,28.0,1,1,3,2,2,3,2,5,40
114,321148,1.0,3.0,2.0,2.0,2.0,2.0,1,1,3,1,4,1,2,4,39.0,2,2,1,3,3,1,3,5,40
115,321149,1.0,3.0,2.0,2.0,2.0,4.0,2,2,1,1,2,1,1,1,8.0,4,4,5,4,4,4,4,5,36
116,321150,2.0,1.0,2.0,2.0,3.0,3.0,1,3,1,2,4,1,1,4,44.0,1,1,3,3,1,2,2,3,0
117,321151,2.0,1.0,3.0,4.0,2.0,2.0,2,3,3,2,3,1,1,3,51.0,5,5,1,4,4,5,4,5,40
118,321152,2.0,3.0,3.0,3.0,2.0,3.0,2,3,3,1,3,1,2,1,18.0,2,2,3,4,3,2,3,2,28
119,321153,1.0,3.0,1.0,1.0,3.0,2.0,2,1,2,1,2,1,2,2,15.0,2,2,3,2,3,3,3,5,40
120,321154,1.0,2.0,3.0,2.0,2.0,3.0,2,1,1,1,4,1,1,1,14.0,1,1,2,1,3,4,3,4,40
121,321156,2.0,4.0,3.0,4.0,2.0,4.0,4,3,3,1,1,1,2,3,46.0,2,2,3,2,2,3,2,3,10
122,321157,2.0,2.0,3.0,3.0,3.0,2.0,4,3,3,2,4,1,1,4,67.0,2,3,3,1,2,2,2,2,20
123,321159,1.0,4.0,3.0,4.0,3.0,4.0,1,2,2,1,1,2,2,1,14.0,1,2,3,4,4,5,3,5,40
124,321161,1.0,4.0,2.0,2.0,2.0,1.0,2,1,3,1,1,1,2,2,19.0,2,2,3,3,3,4,3,4,0
125,321162,2.0,3.0,3.0,3.0,3.0,4.0,2,2,3,1,3,1,2,1,22.0,2,2,2,2,2,2,2,3,32
126,321163,2.0,1.0,2.0,2.0,3.0,3.0,2,2,1,2,4,1,1,2,19.0,2,2,1,2,2,5,3,2,36
127,321165,2.0,3.0,2.0,2.0,2.0,2.0,1,2,2,1,3,1,1,1,10.0,1,1,2,1,2,3,2,3,24
128,321166,2.0,2.0,1.0,1.0,3.0,2.0,3,1,3,2,4,2,2,4,64.0,1,2,1,4,4,5,4,5,30
129,321167,1.0,1.0,1.0,1.0,3.0,3.0,4,3,1,2,3,2,1,4,58.0,2,2,1,1,3,1,2,5,2
130,321169,2.0,1.0,4.0,3.0,2.0,2.0,4,1,1,1,3,2,2,1,24.0,1,1,1,1,1,5,2,2,12
131,321171,1.0,2.0,3.0,2.0,2.0,2.0,2,2,1,2,4,1,1,4,28.0,1,5,3,4,4,5,4,5,24
132,321172,2.0,3.0,2.0,2.0,3.0,5.0,1,3,1,1,4,3,1,4,34.0,2,2,2,4,4,2,3,4,28
133,321173,2.0,4.0,2.0,2.0,3.0,2.0,1,1,2,1,2,2,2,1,13.0,2,2,4,4,4,4,4,4,15
134,321175,2.0,4.0,3.0,4.0,2.0,3.0,1,2,1,1,2,2,2,1,11.0,4,4,4,3,3,4,3,4,40
135,321176,2.0,3.0,3.0,3.0,3.0,5.0,4,3,3,2,3,2,1,2,34.0,1,2,1,1,1,2,1,2,36
136,321177,2.0,2.0,1.0,1.0,3.0,4.0,2,1,1,1,2,2,1,1,10.0,2,2,2,1,3,1,4,4,40
137,321179,1.0,4.0,2.0,2.0,2.0,3.0,2,2,3,1,2,1,1,2,21.0,4,5,5,4,4,2,4,5,0
138,321180,2.0,5.0,2.0,4.0,2.0,4.0,4,3,2,1,1,1,2,1,26.0,3,3,3,4,4,5,3,5,0
139,321181,2.0,3.0,2.0,2.0,2.0,1.0,1,1,1,1,4,3,1,1,11.0,2,2,2,2,2,3,2,2,0
140,321182,1.0,3.0,3.0,3.0,3.0,5.0,1,1,2,1,2,1,2,1,10.0,3,5,2,4,1,4,3,2,40
141,321183,2.0,1.0,2.0,2.0,2.0,2.0,1,1,1,1,1,1,1,2,5.0,4,4,4,4,3,3,4,4,0
142,321184,1.0,5.0,1.0,1.0,2.0,2.0,1,1,1,1,1,1,1,1,1.0,2,5,5,4,4,5,4,5,32
143,321186,1.0,3.0,4.0,3.0,2.0,4.0,1,2,3,1,4,4,2,4,114.0,2,3,5,4,4,3,3,5,36
144,321187,1.0,5.0,3.0,2.0,2.0,3.0,2,2,2,1,1,1,1,2,13.0,1,1,1,4,4,5,4,5,0
145,321188,1.0,5.0,1.0,1.0,2.0,2.0,1,1,2,1,1,2,2,1,10.0,1,1,5,4,4,5,4,5,0
146,321189,1.0,3.0,1.0,1.0,2.0,3.0,1,1,1,1,3,1,1,1,7.0,2,2,4,3,2,4,3,2,40
147,321190,2.0,3.0,4.0,3.0,3.0,5.0,1,3,1,1,1,1,2,1,12.0,1,1,2,2,2,1,2,1,38
148,321191,2.0,1.0,3.0,4.0,2.0,1.0,4,3,1,2,4,3,1,4,47.0,1,1,2,1,4,1,4,2,12
149,321193,1.0,4.0,2.0,2.0,2.0,4.0,2,2,1,2,2,2,2,1,15.0,1,1,1,1,1,1,1,1,40
150,321194,2.0,2.0,1.0,1.0,3.0,3.0,4,3,2,1,2,1,1,2,24.0,2,3,2,1,1,5,3,2,32
151,321195,1.0,5.0,2.0,2.0,2.0,4.0,4,3,3,1,1,2,2,4,108.0,1,2,5,4,4,5,4,2,0
152,321197,1.0,4.0,1.0,1.0,2.0,3.0,2,3,1,1,1,2,2,1,25.0,2,2,4,4,4,1,3,5,36
153,321198,1.0,3.0,3.0,3.0,3.0,5.0,4,3,1,1,4,2,1,4,42.0,2,2,4,1,1,4,3,5,40
154,321199,1.0,4.0,2.0,2.0,3.0,4.0,1,1,3,1,1,3,1,3,23.0,2,2,5,4,4,5,2,5,0
155,321200,2.0,5.0,1.0,1.0,2.0,2.0,1,1,1,1,1,1,2,1,14.0,2,2,3,2,2,3,2,3,0
156,321201,2.0,4.0,2.0,2.0,1.0,4.0,2,1,3,1,2,1,1,1,12.0,4,4,5,4,4,5,4,5,0
157,321202,2.0,4.0,2.0,2.0,2.0,1.0,2,1,2,1,3,4,2,1,27.0,1,2,4,4,4,5,4,3,3
158,321203,2.0,2.0,3.0,3.0,2.0,2.0,2,1,1,2,4,1,1,4,22.0,2,1,2,2,2,2,1,2,16
159,321204,2.0,3.0,3.0,4.0,3.0,4.0,2,3,2,1,2,2,2,4,37.0,3,4,4,4,4,4,4,4,36
160,321205,2.0,1.0,4.0,2.0,3.0,1.0,2,1,1,2,3,1,1,4,21.0,1,2,5,1,4,5,4,5,0
161,321207,1.0,4.0,2.0,2.0,3.0,4.0,3,2,3,1,2,1,1,1,24.0,4,5,5,4,4,5,4,5,8
162,321208,1.0,2.0,3.0,3.0,2.0,4.0,4,3,2,1,1,2,1,4,53.0,5,5,5,4,4,5,4,5,40
163,321210,1.0,4.0,1.0,1.0,3.0,5.0,4,1,1,1,1,2,1,1,25.0,2,5,5,4,4,5,4,5,36
164,321211,2.0,1.0,3.0,4.0,3.0,2.0,3,3,1,2,3,1,1,2,21.0,1,5,2,1,2,1,3,2,10
165,321213,1.0,1.0,2.0,2.0,3.0,4.0,4,3,2,2,4,4,1,4,57.0,1,2,5,4,4,5,4,5,36
166,321214,2.0,3.0,3.0,3.0,3.0,3.0,1,3,1,2,4,3,2,3,27.0,2,2,3,3,2,4,3,3,16
167,321215,2.0,2.0,3.0,3.0,3.0,3.0,4,2,1,1,4,3,2,1,23.0,2,2,2,4,4,1,2,1,20
168,321216,2.0,4.0,2.0,2.0,2.0,4.0,1,1,3,1,2,1,2,2,17.0,5,5,5,4,4,5,4,5,0
169,321217,2.0,2.0,2.0,2.0,3.0,3.0,4,3,1,1,2,1,1,1,27.0,2,5,2,4,4,5,4,5,40
170,321218,2.0,4.0,2.0,2.0,3.0,3.0,2,3,3,1,1,3,2,2,41.0,4,4,2,4,4,4,4,4,30
171,321219,1.0,4.0,2.0,2.0,2.0,3.0,4,3,3,1,1,1,2,1,46.0,2,2,3,4,3,5,4,5,30
172,321220,1.0,3.0,2.0,2.0,2.0,4.0,1,3,1,1,3,1,2,1,28.0,1,1,4,4,3,4,3,2,40
173,321221,1.0,3.0,1.0,1.0,2.0,4.0,1,3,2,1,1,1,2,1,27.0,2,2,2,4,4,5,4,2,40
174,321222,1.0,3.0,1.0,1.0,3.0,4.0,3,1,3,1,3,1,1,3,23.0,2,3,4,4,3,2,3,2,40
175,321224,2.0,3.0,3.0,4.0,2.0,1.0,3,3,2,1,4,4,2,4,45.0,2,2,3,4,2,2,2,2,6
176,321225,2.0,3.0,3.0,3.0,2.0,4.0,2,3,3,1,4,2,2,4,45.0,1,1,2,4,3,5,4,3,0
177,321226,1.0,1.0,3.0,4.0,3.0,1.0,3,2,1,2,3,1,1,4,44.0,2,3,5,1,4,5,2,5,16
178,321227,1.0,5.0,2.0,2.0,2.0,5.0,1,1,2,1,1,3,2,1,22.0,3,3,3,2,2,3,2,3,0
179,321228,2.0,4.0,2.0,2.0,2.0,2.0,4,2,3,2,4,4,2,4,87.0,1,2,1,4,4,5,4,1,0
180,321229,1.0,1.0,2.0,2.0,2.0,4.0,2,2,3,2,4,3,2,3,39.0,1,1,1,1,1,1,1,1,40
181,321230,1.0,3.0,3.0,3.0,3.0,5.0,1,2,2,2,4,1,2,1,16.0,1,1,5,4,4,5,4,5,40
182,321231,1.0,2.0,2.0,2.0,3.0,4.0,2,2,2,1,2,1,1,4,40.0,1,1,1,1,1,1,1,1,40
183,321232,1.0,2.0,2.0,2.0,2.0,3.0,1,3,2,2,3,1,1,1,16.0,2,3,3,4,4,5,4,5,32
184,321233,2.0,4.0,2.0,2.0,3.0,5.0,1,2,1,1,2,2,2,3,18.0,2,2,3,4,3,4,3,2,32
185,321234,2.0,3.0,3.0,3.0,3.0,2.0,3,1,2,2,4,2,2,4,44.0,1,1,1,4,4,5,3,5,0
186,321235,2.0,2.0,3.0,2.0,2.0,4.0,1,1,3,1,1,2,1,4,22.0,2,2,2,1,1,2,1,2,32
187,321236,2.0,4.0,2.0,2.0,3.0,4.0,1,1,1,1,2,2,2,1,18.0,2,3,4,4,4,4,3,4,0
188,321237,2.0,2.0,3.0,3.0,3.0,1.0,1,1,2,2,4,1,1,1,15.0,3,2,5,4,4,5,4,5,0
189,321238,1.0,2.0,3.0,3.0,3.0,5.0,1,1,3,2,4,3,2,4,29.0,2,2,4,4,3,4,3,4,40
190,321240,1.0,2.0,3.0,3.0,3.0,3.0,3,3,2,2,4,2,2,3,38.0,4,3,3,2,2,2,2,3,40
191,321241,1.0,2.0,2.0,2.0,3.0,4.0,4,2,3,2,4,2,1,4,58.0,3,3,1,1,4,1,4,5,40
192,321242,2.0,3.0,1.0,1.0,2.0,4.0,1,3,1,1,2,1,1,2,20.0,2,1,5,4,4,5,4,2,38
193,321243,1.0,1.0,3.0,4.0,2.0,1.0,3,3,2,1,4,1,1,4,30.0,1,5,5,1,4,2,3,5,10
194,321244,1.0,3.0,2.0,2.0,3.0,5.0,3,3,3,1,3,1,2,4,35.0,2,2,2,1,1,2,1,2,40
195,321245,1.0,2.0,3.0,3.0,3.0,4.0,2,3,2,2,4,1,2,3,27.0,1,1,1,2,2,1,3,5,32
196,321246,2.0,3.0,3.0,3.0,3.0,3.0,3,3,2,2,3,1,2,1,26.0,1,1,1,1,1,1,1,1,32
197,321248,1.0,1.0,3.0,2.0,2.0,1.0,1,1,2,2,3,1,1,1,13.0,1,1,1,1,1,1,1,1,6
198,321252,2.0,2.0,2.0,2.0,3.0,4.0,3,1,1,1,4,1,1,1,13.0,1,3,4,4,4,5,4,5,40
199,321254,2.0,2.0,2.0,2.0,2.0,3.0,2,3,1,2,3,1,1,4,33.0,3,3,3,3,2,3,2,3,28
200,321256,2.0,4.0,3.0,2.0,2.0,3.0,2,1,1,1,1,1,2,2,9.0,1,1,1,1,1,1,1,1,40
201,321258,2.0,2.0,1.0,2.0,3.0,5.0,2,3,1,1,4,2,1,4,94.0,2,2,3,1,3,3,4,5,40
202,321275,2.0,1.0,2.0,2.0,3.0,4.0,2,2,2,2,4,2,1,4,33.0,4,4,3,3,3,1,4,4,40
203,321279,2.0,4.0,2.0,2.0,3.0,3.0,1,3,3,1,2,3,1,2,32.0,3,3,3,4,4,5,4,5,32
204,321280,2.0,4.0,3.0,4.0,2.0,2.0,1,2,2,1,2,3,2,1,15.0,1,1,3,4,4,4,4,2,15
205,321281,2.0,2.0,2.0,2.0,3.0,4.0,2,1,1,2,4,2,1,4,43.0,1,1,1,1,1,1,1,1,30
206,321282,2.0,2.0,2.0,2.0,2.0,3.0,4,2,2,2,3,1,1,4,47.0,1,1,1,1,1,2,1,1,40
207,321283,2.0,4.0,2.0,2.0,2.0,3.0,2,1,2,1,2,1,1,2,14.0,2,2,2,4,4,5,3,5,0
208,321284,1.0,3.0,3.0,3.0,3.0,5.0,4,3,2,1,4,1,1,1,39.0,1,1,1,1,1,1,1,1,36
209,321286,2.0,2.0,2.0,2.0,3.0,3.0,1,3,1,1,2,1,1,4,19.0,2,4,3,4,4,3,4,4,40
210,321287,2.0,1.0,2.0,2.0,2.0,2.0,1,2,1,2,4,1,1,2,12.0,1,1,2,2,2,1,2,1,30
211,321288,1.0,2.0,1.0,1.0,3.0,2.0,2,2,1,1,2,1,1,1,9.0,1,2,5,4,4,5,4,5,36
212,321289,1.0,1.0,2.0,4.0,3.0,1.0,4,3,1,2,2,1,1,4,31.0,1,1,2,1,1,1,1,2,0
213,321290,2.0,1.0,3.0,4.0,2.0,2.0,1,3,3,2,3,1,1,4,38.0,3,4,4,1,2,1,3,2,30
214,321291,1.0,3.0,3.0,3.0,2.0,4.0,1,3,1,1,2,1,2,1,26.0,4,4,5,4,4,5,4,5,40
215,321292,2.0,2.0,2.0,2.0,2.0,4.0,1,1,1,1,3,1,1,1,7.0,2,3,3,3,3,2,2,3,36
216,321293,2.0,1.0,2.0,3.0,2.0,2.0,1,1,1,1,4,1,2,1,6.0,3,4,5,4,4,5,4,5,30
217,321317,1.0,2.0,1.0,1.0,3.0,3.0,2,2,1,1,3,1,1,2,15.0,1,1,2,3,1,1,2,2,30
218,321318,2.0,3.0,3.0,4.0,3.0,5.0,2,2,1,1,3,1,2,1,9.0,1,1,2,4,1,1,3,4,36
219,321321,2.0,4.0,1.0,1.0,2.0,3.0,1,2,1,1,2,1,1,1,6.0,1,5,5,4,4,5,4,5,32
220,321343,2.0,3.0,3.0,4.0,2.0,2.0,3,1,1,1,1,1,1,1,9.0,4,4,2,2,2,3,2,3,0
221,321344,1.0,3.0,1.0,1.0,2.0,3.0,1,2,1,1,2,1,1,1,6.0,5,5,5,4,4,5,4,5,37
222,321346,2.0,4.0,2.0,4.0,2.0,2.0,2,1,3,1,1,3,2,3,45.0,2,2,3,4,4,5,4,3,0
223,321347,1.0,2.0,2.0,2.0,3.0,4.0,4,2,3,1,4,1,1,1,26.0,1,5,5,4,4,5,4,5,40
224,321348,1.0,4.0,3.0,4.0,2.0,2.0,1,1,1,1,1,3,1,3,16.0,2,1,5,4,4,5,4,5,0
225,321349,1.0,4.0,2.0,2.0,2.0,3.0,1,1,1,1,2,1,2,1,6.0,1,2,5,4,4,5,4,5,0
226,321350,1.0,3.0,3.0,3.0,3.0,4.0,2,2,2,1,3,1,2,1,16.0,4,5,5,4,4,5,4,5,36
227,321351,2.0,5.0,1.0,1.0,2.0,1.0,1,2,1,2,1,1,2,1,14.0,5,4,5,4,4,5,4,5,0
228,321352,2.0,2.0,2.0,2.0,2.0,3.0,1,2,1,2,4,2,1,1,16.0,4,4,4,4,4,5,4,5,36
229,321353,1.0,3.0,1.0,1.0,2.0,2.0,2,3,3,1,3,1,1,3,40.0,1,1,5,4,4,5,4,5,32
230,321355,2.0,4.0,1.0,1.0,2.0,2.0,1,1,2,1,1,2,2,4,37.0,1,1,1,2,2,2,1,2,0
231,321357,2.0,3.0,1.0,1.0,2.0,2.0,1,1,2,1,2,1,2,1,5.0,4,4,5,4,4,5,4,5,0
232,321358,2.0,3.0,2.0,2.0,3.0,4.0,2,1,1,1,2,1,1,1,9.0,3,5,3,4,4,5,4,4,38
233,321360,2.0,4.0,1.0,1.0,2.0,2.0,3,1,1,1,1,1,2,1,10.0,2,2,4,3,4,4,3,2,0
234,321361,1.0,1.0,4.0,4.0,2.0,1.0,3,3,3,2,3,3,1,4,123.0,1,1,5,1,4,1,4,5,40
235,321362,1.0,4.0,2.0,2.0,3.0,2.0,4,3,2,1,1,2,1,1,32.0,2,5,5,4,4,5,4,5,30
236,321364,1.0,3.0,1.0,1.0,1.0,2.0,1,3,1,1,1,1,1,1,22.0,2,3,1,4,4,5,4,2,32
237,321367,2.0,3.0,3.0,4.0,2.0,2.0,1,1,2,1,1,1,1,1,4.0,1,1,5,4,4,5,4,5,0
238,321369,2.0,4.0,2.0,3.0,2.0,1.0,1,1,2,1,1,1,2,1,6.0,4,2,4,3,3,4,3,1,0
239,321370,1.0,2.0,2.0,2.0,2.0,4.0,3,2,2,2,4,1,1,1,23.0,1,1,2,4,4,5,4,4,36
240,321373,1.0,3.0,1.0,1.0,3.0,4.0,3,3,1,1,3,1,1,3,24.0,2,2,1,1,2,5,3,5,40
241,321374,2.0,2.0,2.0,2.0,3.0,4.0,3,1,1,1,3,1,1,4,18.0,5,5,5,4,4,5,4,5,40
242,321375,1.0,2.0,3.0,3.0,2.0,4.0,3,2,2,1,4,2,2,2,28.0,2,1,5,4,4,1,3,5,40
243,321377,1.0,4.0,1.0,1.0,3.0,3.0,2,1,1,1,1,1,1,1,7.0,2,3,1,4,4,5,4,5,24
244,321378,2.0,2.0,2.0,2.0,2.0,2.0,1,2,2,1,1,1,1,1,9.0,1,1,1,4,3,2,3,2,36
245,321379,2.0,4.0,3.0,4.0,3.0,3.0,2,1,2,1,2,1,2,1,12.0,1,1,4,4,1,1,2,4,24
246,321381,1.0,2.0,2.0,2.0,2.0,3.0,2,2,2,1,3,2,1,2,21.0,1,1,2,4,4,1,3,1,36
247,321383,2.0,3.0,3.0,3.0,2.0,2.0,1,1,1,2,2,1,1,1,4.0,1,1,2,4,4,5,4,5,26
248,321384,2.0,2.0,3.0,3.0,2.0,2.0,1,1,2,2,2,1,2,1,11.0,2,3,5,4,4,5,3,2,0
249,321385,1.0,3.0,2.0,2.0,3.0,4.0,2,2,3,2,4,2,2,3,41.0,2,1,1,4,4,5,4,5,38
250,321386,1.0,1.0,1.0,1.0,2.0,2.0,4,3,1,2,2,2,1,4,49.0,3,5,4,1,4,5,3,5,20
251,321387,1.0,3.0,2.0,2.0,2.0,3.0,1,2,2,1,2,1,2,1,9.0,2,3,3,4,4,5,4,3,40
252,321388,1.0,3.0,3.0,4.0,2.0,5.0,2,2,2,1,4,1,2,3,21.0,1,2,2,3,4,5,4,5,36
253,321389,2.0,2.0,1.0,1.0,2.0,4.0,1,1,1,1,3,1,1,1,5.0,1,2,2,4,4,5,4,5,40
254,321390,2.0,4.0,1.0,1.0,2.0,3.0,3,2,3,1,1,1,1,1,23.0,1,5,5,4,4,5,4,1,25
255,321391,1.0,3.0,3.0,4.0,2.0,3.0,2,2,2,1,4,2,2,2,23.0,2,1,4,4,4,2,2,4,28
256,321392,2.0,1.0,2.0,2.0,3.0,3.0,4,3,1,2,4,2,1,4,56.0,1,1,2,1,1,2,2,2,40
257,321396,2.0,5.0,1.0,1.0,2.0,2.0,1,1,1,1,1,1,2,1,4.0,4,4,4,3,3,4,3,4,0
258,321399,2.0,5.0,2.0,2.0,2.0,2.0,1,1,1,1,1,2,2,1,12.0,2,2,3,4,4,5,3,5,0
259,321400,2.0,4.0,3.0,4.0,2.0,2.0,1,1,2,1,2,1,2,1,9.0,2,2,5,4,4,2,3,2,16
260,321401,2.0,3.0,2.0,2.0,3.0,2.0,2,1,2,1,3,2,1,1,12.0,2,3,2,4,4,5,4,5,0
261,321403,1.0,2.0,2.0,2.0,3.0,4.0,4,3,1,2,4,2,1,2,34.0,1,1,1,1,2,4,3,2,36
262,321404,1.0,3.0,3.0,3.0,3.0,4.0,4,3,2,2,4,2,1,4,93.0,5,5,5,4,4,5,4,5,40
263,321406,2.0,3.0,3.0,3.0,2.0,3.0,1,3,1,1,3,1,1,2,11.0,5,5,5,4,4,5,4,5,40
264,321407,1.0,4.0,3.0,4.0,3.0,4.0,3,3,2,1,1,1,1,1,21.0,2,2,2,4,4,4,3,5,40
265,321408,1.0,2.0,3.0,3.0,2.0,3.0,4,2,3,2,4,1,1,4,52.0,3,3,3,1,1,4,4,2,40
266,321409,2.0,6.0,1.0,1.0,2.0,2.0,1,1,2,1,1,2,2,1,12.0,3,1,4,4,4,5,4,4,0
267,321410,2.0,1.0,1.0,1.0,2.0,4.0,2,3,1,2,4,1,1,3,39.0,2,2,2,1,1,2,3,2,40
268,321412,1.0,3.0,2.0,2.0,2.0,2.0,1,1,3,2,3,1,1,1,10.0,1,1,4,3,3,5,3,2,0
269,321416,2.0,1.0,2.0,2.0,2.0,2.0,2,2,2,1,4,1,1,2,21.0,1,1,3,2,3,4,2,1,0
270,321418,2.0,3.0,3.0,4.0,2.0,2.0,1,1,2,1,4,2,2,4,24.0,5,5,5,4,4,5,4,5,20
271,321419,1.0,4.0,1.0,1.0,2.0,3.0,2,1,1,1,1,1,1,1,8.0,2,2,3,3,3,3,3,4,0
272,321420,2.0,3.0,3.0,3.0,2.0,5.0,1,2,1,2,4,1,1,1,12.0,4,4,5,4,4,5,4,5,38
273,321421,1.0,3.0,3.0,3.0,2.0,4.0,4,3,2,2,4,2,2,1,42.0,2,2,5,4,4,5,4,5,40
274,321422,1.0,3.0,3.0,3.0,3.0,4.0,4,2,1,2,4,2,2,1,27.0,1,1,2,1,2,3,1,3,40
275,321424,2.0,4.0,1.0,1.0,2.0,2.0,1,2,1,1,2,1,1,1,7.0,3,2,2,4,4,5,4,5,30
276,321428,1.0,2.0,3.0,3.0,3.0,3.0,2,2,2,2,4,4,1,3,34.0,2,2,3,4,4,5,4,5,40
277,321430,2.0,4.0,2.0,4.0,2.0,2.0,1,3,1,1,4,2,2,1,24.0,2,2,3,4,4,5,4,2,24
278,321431,1.0,2.0,2.0,2.0,3.0,4.0,4,2,1,2,4,2,1,1,26.0,2,2,2,1,3,5,4,5,40
279,321436,2.0,4.0,2.0,4.0,2.0,2.0,3,1,1,1,2,1,2,1,13.0,1,1,3,4,3,3,3,3,15
280,321437,2.0,4.0,2.0,2.0,3.0,4.0,1,1,1,1,1,1,1,1,3.0,2,2,4,4,3,4,3,4,32
281,321438,2.0,2.0,3.0,4.0,3.0,1.0,1,3,1,1,2,1,2,1,14.0,3,4,1,4,2,3,3,3,0
282,321440,2.0,2.0,3.0,2.0,3.0,2.0,2,1,2,2,3,1,1,4,20.0,2,2,4,4,2,1,3,2,16
283,321441,2.0,1.0,3.0,3.0,2.0,4.0,3,2,1,2,4,1,1,4,37.0,1,2,2,1,4,5,3,5,40
284,321442,1.0,6.0,2.0,2.0,2.0,5.0,1,1,2,1,1,1,2,1,12.0,3,3,5,4,4,5,4,5,0
285,321443,1.0,2.0,2.0,2.0,2.0,3.0,1,3,1,1,2,1,1,1,20.0,1,5,5,4,4,5,4,5,40
286,321444,2.0,2.0,4.0,3.0,2.0,2.0,3,2,3,1,1,1,1,4,47.0,4,4,5,4,4,5,4,4,10
287,321445,2.0,3.0,2.0,2.0,3.0,3.0,2,2,1,1,1,2,1,1,9.0,2,1,5,4,4,1,3,4,0
288,321446,1.0,2.0,2.0,2.0,3.0,2.0,1,1,1,1,4,1,1,2,8.0,2,1,5,4,4,5,4,5,0
289,321447,1.0,4.0,2.0,2.0,3.0,3.0,1,1,2,1,2,3,2,1,23.0,2,2,3,4,4,5,4,5,0
290,321448,1.0,4.0,2.0,2.0,2.0,4.0,2,2,2,1,2,1,1,2,15.0,2,2,5,4,4,5,3,1,36
291,321449,1.0,3.0,3.0,3.0,2.0,3.0,2,1,2,1,3,1,2,1,11.0,4,3,5,4,4,5,4,5,0
292,321450,1.0,3.0,3.0,4.0,3.0,3.0,1,1,1,1,4,4,2,1,16.0,1,1,2,4,3,2,2,4,12
293,321452,1.0,3.0,3.0,3.0,3.0,5.0,4,3,3,2,4,1,2,1,38.0,2,2,2,4,1,1,2,2,40
294,321453,2.0,4.0,3.0,4.0,2.0,1.0,3,3,3,1,1,1,2,2,32.0,1,1,2,1,2,3,3,3,0
295,321454,1.0,3.0,3.0,4.0,2.0,3.0,2,1,1,1,1,1,1,1,3.0,2,5,5,4,4,5,4,5,0
296,321458,2.0,1.0,2.0,2.0,3.0,1.0,3,2,2,1,3,2,1,3,22.0,3,3,2,2,4,5,4,3,8
297,321459,1.0,2.0,1.0,1.0,2.0,3.0,2,2,1,2,3,1,1,1,16.0,1,1,5,4,4,5,4,5,40
298,321460,2.0,5.0,2.0,4.0,2.0,2.0,1,1,2,1,1,4,2,1,18.0,2,2,5,4,4,5,4,4,0
299,321461,2.0,3.0,3.0,4.0,2.0,2.0,1,1,1,1,1,1,1,2,7.0,4,5,5,4,4,5,4,5,20
300,321462,2.0,2.0,1.0,1.0,2.0,2.0,4,3,3,1,4,1,1,3,40.0,2,3,3,1,4,1,4,2,0
301,321463,2.0,2.0,2.0,2.0,2.0,4.0,2,2,1,2,4,1,1,1,12.0,1,2,1,1,2,1,3,2,40
302,321464,2.0,1.0,2.0,2.0,3.0,1.0,2,2,2,2,4,4,1,4,71.0,2,2,3,4,4,3,3,3,15
303,321465,2.0,3.0,2.0,2.0,3.0,4.0,2,3,1,1,1,2,1,1,12.0,3,3,2,3,1,2,3,3,32
304,321466,2.0,4.0,1.0,1.0,2.0,3.0,2,2,3,1,2,1,2,2,23.0,1,2,2,4,4,1,1,3,12
305,321468,1.0,4.0,3.0,3.0,2.0,3.0,2,3,2,2,2,2,1,2,24.0,2,2,3,3,4,4,4,4,30
306,321469,2.0,2.0,1.0,1.0,2.0,2.0,1,1,2,1,3,1,1,4,23.0,3,2,2,4,4,5,4,4,0
307,321471,2.0,2.0,2.0,3.0,2.0,3.0,4,3,2,1,1,2,1,3,35.0,2,2,1,1,2,3,2,5,9
308,321472,2.0,2.0,2.0,2.0,2.0,2.0,3,3,3,2,3,1,1,3,33.0,2,2,4,4,4,5,4,3,15
309,321473,2.0,3.0,2.0,2.0,2.0,1.0,1,1,2,2,4,2,1,4,32.0,2,2,2,4,4,5,3,3,0
310,321475,1.0,2.0,3.0,3.0,2.0,4.0,4,3,2,2,1,1,2,3,30.0,3,3,4,4,3,4,4,4,40
311,321477,2.0,4.0,3.0,4.0,2.0,1.0,1,2,2,1,1,1,1,3,17.0,2,2,2,2,4,5,3,1,8
312,321478,1.0,3.0,3.0,4.0,2.0,3.0,3,2,2,1,2,1,2,2,18.0,1,2,2,1,2,2,1,2,36
313,321479,2.0,1.0,2.0,2.0,2.0,3.0,4,2,2,2,4,2,1,4,44.0,2,2,2,1,1,5,4,5,40
314,321480,1.0,4.0,3.0,4.0,3.0,5.0,1,2,2,1,3,1,2,1,13.0,1,1,3,4,3,4,4,5,40
315,321481,2.0,4.0,2.0,2.0,2.0,2.0,2,1,2,1,1,4,2,4,34.0,2,2,2,3,2,4,4,3,0
316,321482,1.0,2.0,3.0,3.0,2.0,4.0,4,3,1,1,4,2,1,4,82.0,1,1,1,1,1,1,1,2,36
317,321483,2.0,2.0,3.0,3.0,3.0,2.0,2,3,2,2,4,4,1,4,94.0,2,2,5,4,4,5,4,5,20
318,321484,1.0,5.0,2.0,2.0,3.0,5.0,2,2,2,1,1,1,2,1,13.0,1,2,1,4,1,2,2,2,8
319,321485,1.0,2.0,2.0,2.0,2.0,3.0,1,3,3,2,4,2,1,4,37.0,2,2,4,4,4,5,4,5,40
320,321486,2.0,4.0,2.0,2.0,2.0,1.0,2,1,2,1,1,1,2,1,10.0,2,2,3,3,3,4,3,4,0
321,321488,1.0,3.0,3.0,4.0,2.0,5.0,1,3,2,2,1,1,2,2,18.0,2,2,2,4,4,2,3,1,40
322,321489,2.0,1.0,2.0,2.0,3.0,2.0,2,1,2,2,4,2,1,1,20.0,2,2,3,4,4,5,4,5,22
323,321490,2.0,3.0,3.0,3.0,2.0,2.0,2,3,1,1,1,2,2,1,12.0,2,2,4,4,3,2,3,1,17
324,321491,1.0,4.0,3.0,4.0,2.0,2.0,1,1,3,1,1,3,2,2,21.0,2,1,5,4,4,5,4,5,0
325,321492,1.0,1.0,3.0,4.0,3.0,4.0,2,1,1,1,1,1,1,1,4.0,5,5,5,4,4,5,4,5,38
326,321493,2.0,1.0,3.0,2.0,3.0,4.0,4,2,2,2,3,2,1,4,88.0,1,1,2,1,1,1,2,3,12
327,321494,2.0,4.0,3.0,4.0,2.0,5.0,2,1,2,1,1,1,2,2,15.0,2,2,3,4,4,5,4,5,0
328,321495,2.0,3.0,3.0,3.0,3.0,1.0,2,1,2,1,3,3,2,1,18.0,3,3,3,4,4,3,4,4,10
329,321496,2.0,5.0,2.0,2.0,2.0,4.0,2,1,2,2,2,1,2,1,12.0,1,2,4,4,3,4,3,4,0
330,321501,2.0,5.0,2.0,2.0,2.0,2.0,1,1,1,1,1,1,2,1,5.0,2,2,5,4,4,5,4,5,0
331,321503,1.0,3.0,3.0,3.0,2.0,3.0,3,2,2,2,4,4,2,4,67.0,3,4,2,2,3,3,3,4,40
332,321505,2.0,3.0,2.0,2.0,3.0,5.0,3,1,1,1,2,2,1,3,19.0,2,3,2,4,2,4,4,5,30
333,321506,2.0,1.0,3.0,4.0,3.0,1.0,1,2,1,2,3,3,1,1,18.0,5,5,5,4,4,5,4,1,8
334,321507,2.0,4.0,2.0,2.0,3.0,2.0,2,3,3,1,2,1,1,4,73.0,2,2,1,2,2,2,2,4,18
335,321509,1.0,4.0,2.0,2.0,2.0,3.0,2,1,1,1,3,1,2,1,11.0,1,1,2,4,1,4,2,1,36
336,321510,2.0,2.0,3.0,4.0,2.0,3.0,3,2,3,2,4,1,1,4,53.0,1,2,3,3,3,5,4,3,30
337,321512,2.0,2.0,2.0,2.0,3.0,4.0,1,3,1,2,2,1,1,2,17.0,1,2,1,1,1,1,3,1,36
338,321514,1.0,4.0,2.0,4.0,2.0,4.0,1,1,2,1,1,1,1,1,7.0,3,3,3,4,4,2,4,5,40
339,321515,2.0,3.0,2.0,2.0,2.0,4.0,1,1,1,1,3,1,1,1,5.0,2,3,5,4,4,5,4,4,0
340,321516,2.0,3.0,1.0,1.0,2.0,2.0,1,2,2,1,3,1,2,1,13.0,1,1,1,1,3,5,4,5,32
341,321517,2.0,2.0,3.0,3.0,2.0,3.0,2,1,1,2,4,2,2,1,18.0,2,2,3,2,3,4,3,3,24
342,321518,1.0,4.0,3.0,4.0,2.0,4.0,3,3,2,1,1,1,2,4,41.0,1,1,2,4,2,5,2,1,40
343,321519,2.0,2.0,1.0,1.0,2.0,2.0,2,2,2,2,2,2,1,1,15.0,1,1,1,1,2,1,1,1,20
344,321520,1.0,4.0,3.0,4.0,3.0,5.0,1,1,1,2,1,1,2,1,6.0,3,3,4,4,4,5,4,5,40
345,321521,1.0,3.0,1.0,1.0,2.0,2.0,3,3,2,1,2,1,1,2,24.0,2,2,2,1,4,5,3,3,0
346,321523,2.0,6.0,2.0,2.0,2.0,3.0,1,1,3,1,1,3,2,2,21.0,1,1,4,4,4,5,4,1,0
347,321524,2.0,3.0,2.0,2.0,2.0,4.0,3,2,2,1,2,1,1,1,17.0,3,3,2,4,2,3,4,3,40
348,321525,1.0,2.0,2.0,2.0,3.0,5.0,2,2,2,1,4,1,1,1,13.0,2,3,3,1,2,4,4,4,40
349,321528,2.0,4.0,2.0,4.0,3.0,5.0,2,2,1,2,4,1,2,3,25.0,2,2,1,3,3,1,4,1,40
350,321530,1.0,2.0,2.0,2.0,2.0,4.0,4,2,2,1,4,1,1,4,33.0,3,3,2,1,4,5,3,5,40
351,321531,2.0,3.0,3.0,4.0,3.0,3.0,2,3,2,2,4,2,2,2,50.0,2,3,4,3,3,3,3,3,18
352,321533,2.0,1.0,3.0,4.0,3.0,1.0,2,3,3,2,3,2,1,4,59.0,2,2,2,3,1,1,2,1,6
353,321534,2.0,3.0,3.0,3.0,2.0,3.0,1,2,3,1,3,2,2,1,17.0,1,1,1,4,4,5,4,5,24
354,321536,2.0,1.0,3.0,2.0,3.0,1.0,2,2,1,1,3,1,1,4,20.0,1,2,3,1,2,3,2,3,12
355,321537,2.0,2.0,1.0,1.0,2.0,2.0,1,1,1,1,2,1,1,1,2.0,2,2,4,3,3,4,3,2,0
356,321538,2.0,3.0,1.0,1.0,2.0,4.0,2,1,2,1,2,1,1,1,9.0,2,3,3,4,4,4,4,4,36
357,321539,1.0,4.0,1.0,1.0,2.0,3.0,1,1,2,1,2,3,1,1,11.0,2,4,5,4,4,5,4,1,0
358,321540,2.0,4.0,2.0,4.0,2.0,4.0,3,1,2,1,2,2,2,3,23.0,2,1,3,4,4,1,3,5,0
359,321541,2.0,4.0,1.0,1.0,3.0,2.0,1,2,2,1,2,1,1,2,12.0,2,2,3,4,4,5,4,4,38
360,321543,1.0,5.0,2.0,2.0,3.0,4.0,4,1,3,1,1,1,2,1,20.0,1,1,1,4,4,5,4,5,0
361,321544,1.0,3.0,2.0,2.0,3.0,5.0,1,3,1,1,3,1,2,1,11.0,4,4,5,4,4,5,4,5,40
362,321545,1.0,2.0,1.0,1.0,3.0,4.0,4,3,1,1,3,1,1,1,27.0,2,5,3,1,4,5,2,5,36
363,321546,1.0,2.0,3.0,3.0,3.0,4.0,4,3,2,2,4,2,1,2,41.0,5,5,5,4,4,5,4,5,36
364,321549,2.0,4.0,3.0,4.0,2.0,5.0,2,1,2,2,4,2,2,3,27.0,2,2,4,4,4,5,3,2,0
365,321551,2.0,1.0,3.0,4.0,3.0,1.0,1,3,1,2,3,2,1,3,19.0,1,1,3,2,2,3,2,3,32
366,321552,1.0,1.0,2.0,2.0,2.0,4.0,2,1,1,2,4,2,1,2,23.0,1,1,2,4,4,5,4,5,36
367,321554,1.0,4.0,1.0,1.0,2.0,2.0,3,2,2,1,2,2,1,1,22.0,2,2,2,2,2,2,2,2,0
368,321555,2.0,4.0,3.0,4.0,3.0,3.0,3,2,3,1,1,4,2,4,42.0,1,1,3,4,2,4,4,3,24
369,321556,2.0,3.0,3.0,3.0,3.0,4.0,4,3,3,2,3,1,2,4,60.0,5,5,2,4,4,5,4,5,40
370,321557,2.0,4.0,3.0,3.0,3.0,2.0,2,3,2,1,3,3,2,3,33.0,2,2,3,4,4,5,4,1,10
371,321558,1.0,3.0,1.0,1.0,2.0,4.0,4,3,1,1,3,2,1,4,65.0,2,4,5,4,3,1,4,5,32
372,321559,1.0,3.0,2.0,2.0,2.0,5.0,2,2,3,1,3,1,1,4,27.0,2,2,1,3,3,3,3,2,40
373,321560,1.0,2.0,1.0,1.0,2.0,2.0,2,1,1,1,3,1,1,1,7.0,1,4,5,4,4,5,4,5,0
374,321561,2.0,1.0,2.0,2.0,2.0,2.0,3,1,3,2,4,2,1,1,23.0,2,2,3,4,4,5,3,2,0
375,321563,1.0,3.0,2.0,2.0,2.0,4.0,1,1,2,1,2,2,1,1,9.0,2,2,3,2,2,3,2,3,36
376,321564,1.0,3.0,1.0,1.0,2.0,4.0,1,2,1,1,1,1,2,1,4.0,3,3,4,4,3,5,4,3,40
377,321565,2.0,4.0,2.0,2.0,2.0,2.0,1,1,2,1,2,1,2,1,7.0,2,3,5,4,4,5,4,2,0
378,321566,1.0,2.0,3.0,3.0,3.0,4.0,1,2,2,1,4,2,2,2,18.0,2,2,2,4,4,1,2,3,40
379,321567,2.0,1.0,3.0,2.0,3.0,2.0,3,2,1,2,3,1,1,3,25.0,2,3,4,2,1,1,4,4,3
380,321568,1.0,2.0,2.0,2.0,3.0,4.0,2,3,2,1,1,1,1,4,32.0,1,1,1,1,1,1,1,2,40
381,321569,2.0,1.0,2.0,2.0,3.0,3.0,1,1,1,2,3,1,1,1,6.0,2,2,5,4,4,5,4,5,25
382,321570,2.0,2.0,2.0,2.0,3.0,4.0,4,2,1,1,2,1,1,1,31.0,1,1,1,2,1,1,1,1,40
383,321572,1.0,4.0,3.0,4.0,3.0,5.0,2,1,2,1,1,1,2,1,6.0,1,1,2,4,3,3,3,4,40
384,321573,2.0,3.0,3.0,4.0,2.0,4.0,4,3,3,2,2,3,2,4,67.0,5,5,5,4,4,5,4,5,32
385,321574,1.0,4.0,1.0,1.0,3.0,2.0,2,1,2,1,2,1,1,1,12.0,3,3,4,3,3,4,3,4,24
386,321575,2.0,2.0,3.0,3.0,2.0,2.0,1,2,3,2,2,1,2,4,31.0,2,3,5,4,4,5,4,5,18
387,321576,1.0,4.0,3.0,4.0,2.0,5.0,2,2,1,2,3,1,1,1,14.0,5,5,5,4,4,5,4,5,40
388,321577,1.0,3.0,2.0,2.0,2.0,3.0,1,2,2,1,3,1,1,1,10.0,2,2,3,3,4,3,4,5,38
389,321578,2.0,3.0,3.0,4.0,3.0,3.0,4,3,3,2,4,2,2,1,53.0,1,1,2,4,4,2,2,1,30
390,321579,1.0,3.0,3.0,3.0,3.0,3.0,4,3,1,1,3,1,1,1,17.0,1,1,2,4,4,5,2,2,36
391,321580,2.0,4.0,1.0,1.0,2.0,3.0,2,1,1,1,1,1,1,1,7.0,2,2,3,3,2,3,2,3,0
392,321581,2.0,4.0,3.0,4.0,2.0,2.0,3,2,3,2,3,3,2,1,32.0,1,1,3,4,4,5,4,5,15
393,321582,1.0,3.0,1.0,1.0,2.0,2.0,1,1,1,1,3,1,1,1,3.0,2,2,3,3,3,2,3,4,0
394,321583,1.0,4.0,1.0,1.0,2.0,3.0,1,1,1,1,2,1,2,1,3.0,2,3,5,4,4,5,4,5,0
395,321584,1.0,3.0,3.0,4.0,2.0,5.0,1,3,3,1,3,1,2,2,21.0,1,1,2,2,4,2,2,2,36
396,321585,2.0,4.0,2.0,2.0,2.0,5.0,1,3,3,1,1,1,1,3,28.0,3,4,5,4,4,5,4,5,25
397,321586,2.0,3.0,3.0,3.0,2.0,3.0,1,2,2,2,4,3,2,4,46.0,1,1,2,4,4,5,4,5,40
398,321588,1.0,4.0,2.0,2.0,3.0,5.0,1,2,2,1,1,1,2,2,20.0,2,2,1,2,2,2,3,2,40
399,321589,2.0,4.0,2.0,2.0,2.0,3.0,1,3,2,1,2,1,2,1,15.0,1,1,1,3,3,3,2,1,24
400,321590,1.0,4.0,1.0,1.0,2.0,2.0,4,1,3,1,2,1,2,2,27.0,2,2,3,1,2,3,2,3,0
401,321591,2.0,1.0,3.0,4.0,2.0,2.0,1,3,1,2,4,2,1,2,37.0,2,2,3,4,4,5,4,5,10
402,321593,1.0,4.0,2.0,2.0,2.0,4.0,1,2,1,1,1,1,2,1,12.0,1,1,1,1,1,1,1,1,24
403,321594,1.0,4.0,1.0,1.0,3.0,5.0,1,1,1,1,3,2,1,1,6.0,4,4,4,4,4,4,3,4,38
404,321595,1.0,3.0,3.0,3.0,3.0,4.0,2,1,2,1,3,1,2,1,14.0,1,1,1,4,2,4,3,1,40
405,321596,2.0,2.0,2.0,2.0,3.0,2.0,3,3,1,2,4,1,1,1,22.0,2,2,4,3,3,4,3,4,22
406,321598,2.0,3.0,2.0,4.0,2.0,2.0,2,1,1,1,2,2,2,2,14.0,1,1,2,1,2,2,2,2,0
407,321599,1.0,2.0,3.0,3.0,3.0,3.0,2,2,2,1,3,1,1,4,31.0,1,1,3,1,2,3,2,2,40
408,321601,1.0,3.0,1.0,1.0,3.0,2.0,1,1,1,1,1,1,1,1,3.0,4,5,5,4,4,5,4,5,20
409,321602,2.0,1.0,3.0,4.0,2.0,1.0,4,2,2,2,3,2,1,4,41.0,2,2,1,4,4,1,4,1,30
410,321603,2.0,1.0,1.0,1.0,2.0,3.0,3,3,1,1,2,1,1,2,28.0,2,2,1,1,1,1,2,3,40
411,321604,1.0,2.0,2.0,2.0,3.0,4.0,1,2,2,1,4,1,1,2,15.0,2,2,3,1,4,2,4,5,40
412,321605,2.0,3.0,3.0,3.0,2.0,2.0,2,2,1,1,2,1,2,1,11.0,4,3,4,3,3,2,4,5,24
413,321607,2.0,2.0,2.0,2.0,3.0,3.0,2,1,2,2,3,1,1,1,12.0,2,2,4,4,1,5,3,4,36
414,321608,1.0,3.0,2.0,2.0,2.0,3.0,2,3,3,1,3,1,2,2,26.0,2,2,2,1,4,5,4,3,36
415,321613,1.0,4.0,2.0,2.0,3.0,4.0,4,2,2,1,2,3,2,1,33.0,1,1,1,1,1,1,1,2,0
416,321614,2.0,3.0,3.0,3.0,2.0,2.0,3,3,3,2,4,2,2,4,55.0,1,1,2,4,2,4,3,4,20
417,321615,2.0,2.0,2.0,2.0,2.0,2.0,2,3,1,1,2,1,1,1,11.0,2,2,1,1,1,1,1,1,30
418,321616,2.0,1.0,4.0,4.0,3.0,1.0,1,3,2,2,4,3,1,4,50.0,2,5,2,2,4,5,4,5,15
419,321617,1.0,1.0,3.0,4.0,2.0,2.0,4,3,2,1,3,1,1,4,54.0,1,1,1,1,4,5,4,5,30
420,321619,1.0,5.0,2.0,2.0,3.0,4.0,2,1,2,1,1,1,2,1,14.0,2,2,4,4,3,5,4,4,0
421,321620,2.0,4.0,2.0,4.0,2.0,2.0,1,1,1,1,1,1,2,1,4.0,4,1,3,3,3,3,3,3,0
422,321621,2.0,5.0,2.0,2.0,3.0,4.0,3,1,2,1,2,2,1,2,21.0,2,2,5,4,4,5,4,5,0
423,321622,1.0,2.0,3.0,3.0,2.0,4.0,1,3,3,2,4,3,2,4,48.0,1,1,1,3,3,1,3,2,32
424,321624,2.0,4.0,2.0,4.0,2.0,1.0,3,1,3,1,1,4,2,1,38.0,2,2,5,4,4,5,4,5,0
425,321626,2.0,1.0,1.0,1.0,3.0,1.0,3,1,1,1,4,1,1,1,13.0,1,1,2,3,1,2,2,3,32
426,321628,1.0,4.0,1.0,1.0,2.0,3.0,2,2,1,1,2,3,1,2,18.0,1,2,5,4,4,5,4,5,36
427,321629,1.0,2.0,2.0,2.0,3.0,5.0,4,3,3,1,1,1,1,1,53.0,1,2,1,1,1,2,1,1,40
428,321630,1.0,2.0,2.0,2.0,3.0,4.0,2,3,2,1,3,1,1,2,22.0,2,3,1,1,1,3,2,2,40
429,321631,2.0,1.0,2.0,2.0,2.0,3.0,1,3,1,2,3,1,1,1,13.0,5,5,5,4,4,5,4,5,36
430,321632,1.0,5.0,3.0,4.0,3.0,4.0,1,1,2,1,1,1,2,1,7.0,2,2,5,4,4,5,4,5,0
431,321633,2.0,4.0,2.0,2.0,2.0,1.0,2,1,2,1,1,1,2,2,16.0,1,2,5,4,4,5,4,5,0
432,321634,2.0,1.0,2.0,2.0,2.0,2.0,2,2,1,2,4,2,1,1,15.0,1,2,5,4,4,5,4,5,32
433,321636,2.0,4.0,2.0,2.0,2.0,3.0,1,1,2,1,2,2,2,1,15.0,3,3,4,4,4,5,4,5,0
434,321637,2.0,2.0,3.0,3.0,2.0,3.0,4,3,3,2,4,2,2,4,48.0,1,1,1,2,4,1,2,1,24
435,321638,2.0,2.0,1.0,1.0,2.0,3.0,1,3,1,1,3,1,1,1,10.0,2,2,1,1,3,4,3,2,40
436,321639,1.0,3.0,3.0,3.0,3.0,5.0,2,3,3,1,4,1,2,1,26.0,2,2,2,4,4,1,4,5,38
437,321641,1.0,4.0,2.0,2.0,3.0,5.0,4,1,2,1,1,1,1,1,16.0,2,2,2,4,4,1,2,3,0
438,321643,1.0,4.0,3.0,4.0,3.0,5.0,1,3,3,2,2,1,2,1,39.0,3,3,2,4,4,5,4,5,40
439,321645,2.0,1.0,3.0,4.0,3.0,1.0,2,1,1,2,4,2,1,1,15.0,1,1,1,1,1,2,2,1,8
440,321646,1.0,2.0,2.0,2.0,2.0,3.0,2,2,2,2,3,1,1,1,15.0,1,1,2,1,1,1,1,2,32
441,321647,1.0,1.0,3.0,3.0,2.0,4.0,2,1,3,1,1,2,1,1,28.0,5,5,5,4,4,5,4,5,40
442,321648,1.0,2.0,3.0,4.0,3.0,5.0,2,1,1,2,3,1,1,1,9.0,2,2,2,4,4,5,4,5,40
443,321649,2.0,1.0,3.0,4.0,3.0,4.0,2,3,1,2,4,1,1,4,53.0,1,1,3,3,4,5,3,3,35
444,321650,1.0,4.0,3.0,4.0,2.0,5.0,2,2,2,1,3,1,1,3,20.0,1,1,2,1,4,3,3,1,36
445,321651,1.0,4.0,3.0,4.0,2.0,4.0,2,2,2,1,1,1,2,1,12.0,2,2,2,2,3,2,2,1,36
446,321652,2.0,1.0,3.0,4.0,2.0,2.0,1,1,3,1,3,1,1,2,15.0,1,1,1,3,3,2,3,2,15
447,321653,2.0,3.0,2.0,4.0,2.0,3.0,1,1,1,1,1,1,2,1,3.0,1,2,5,4,4,5,4,1,0
448,321654,2.0,3.0,3.0,3.0,2.0,1.0,2,1,3,1,3,1,2,1,16.0,1,1,2,4,2,3,3,2,0
449,321655,1.0,1.0,2.0,4.0,2.0,1.0,1,1,2,1,2,4,1,4,27.0,2,2,5,4,4,5,4,4,12
450,321656,1.0,3.0,1.0,1.0,2.0,3.0,1,2,1,1,3,1,1,3,16.0,3,3,5,4,4,5,3,5,40
451,321658,2.0,3.0,2.0,4.0,2.0,3.0,1,1,1,2,4,1,2,1,13.0,1,1,2,4,4,5,4,2,32
452,321659,1.0,1.0,3.0,3.0,3.0,4.0,2,2,2,2,3,1,1,1,17.0,5,5,5,4,4,5,4,5,40
453,321660,1.0,3.0,1.0,1.0,3.0,2.0,2,1,1,1,1,1,1,2,9.0,2,2,3,4,1,1,3,3,0
454,321661,2.0,2.0,2.0,2.0,2.0,3.0,2,3,1,2,4,1,1,1,24.0,2,2,3,3,3,4,3,4,40
455,321663,2.0,4.0,3.0,4.0,2.0,3.0,3,3,2,1,1,2,2,2,27.0,2,2,1,4,1,4,2,2,40
456,321664,2.0,2.0,2.0,2.0,2.0,4.0,4,1,1,1,2,1,1,1,17.0,2,4,4,4,4,5,4,5,0
457,321667,1.0,3.0,2.0,2.0,3.0,5.0,2,2,1,1,1,1,2,1,13.0,2,2,2,2,2,2,2,3,40
458,321671,2.0,4.0,2.0,2.0,2.0,1.0,2,1,3,1,1,3,2,1,24.0,3,2,5,4,4,5,4,5,0
459,321675,2.0,3.0,3.0,4.0,2.0,3.0,2,3,2,1,3,1,2,4,28.0,2,2,1,4,1,1,3,2,28
460,321677,1.0,5.0,2.0,2.0,2.0,5.0,2,3,2,1,1,3,2,1,43.0,2,2,2,4,2,1,4,5,0
461,321678,2.0,2.0,3.0,3.0,3.0,3.0,1,1,1,1,4,2,2,1,11.0,1,1,1,1,1,1,1,1,28
462,321679,2.0,2.0,2.0,2.0,3.0,3.0,1,2,3,2,4,4,1,4,35.0,2,2,2,4,4,5,4,5,38
463,321682,2.0,2.0,2.0,2.0,3.0,3.0,3,2,3,1,4,2,1,4,42.0,2,2,2,1,4,2,2,4,36
464,321683,2.0,3.0,3.0,4.0,3.0,4.0,3,1,2,2,2,2,2,4,38.0,2,2,4,3,4,2,3,2,0
465,321684,2.0,3.0,3.0,4.0,2.0,3.0,2,1,2,1,3,3,2,1,18.0,3,3,5,4,4,5,4,5,32
466,321685,2.0,3.0,3.0,3.0,2.0,2.0,1,3,1,1,3,3,2,4,39.0,1,1,5,4,4,5,4,2,32
467,321686,1.0,2.0,1.0,1.0,2.0,3.0,2,1,1,2,3,1,1,1,7.0,1,1,3,1,3,4,3,4,40
468,321688,1.0,1.0,3.0,4.0,2.0,1.0,3,1,2,2,4,1,1,3,26.0,2,2,2,1,1,5,4,4,0
469,321689,2.0,3.0,3.0,4.0,2.0,2.0,1,2,1,2,4,2,2,1,17.0,2,2,1,4,4,5,2,2,16
470,321691,1.0,3.0,3.0,3.0,3.0,5.0,2,1,3,2,4,3,2,4,59.0,2,2,3,1,4,1,3,5,40
471,321692,1.0,3.0,3.0,3.0,3.0,5.0,1,1,1,1,3,2,2,1,9.0,1,1,1,4,2,2,1,1,40
472,321696,2.0,1.0,1.0,1.0,3.0,4.0,2,3,3,1,3,1,1,4,31.0,2,2,2,4,1,5,4,2,20
473,321697,2.0,1.0,2.0,2.0,3.0,1.0,3,2,1,2,4,3,1,4,53.0,1,1,5,1,3,1,3,1,12
474,321698,1.0,4.0,1.0,1.0,2.0,5.0,1,1,1,1,1,3,1,1,9.0,2,1,2,2,2,3,2,2,40
475,321699,1.0,3.0,2.0,2.0,3.0,5.0,1,1,2,1,3,1,1,1,6.0,2,2,5,4,4,5,4,5,40
476,321700,2.0,5.0,2.0,2.0,2.0,2.0,2,1,2,1,1,1,2,4,23.0,1,2,4,4,4,5,4,5,0
477,321701,1.0,1.0,1.0,1.0,3.0,4.0,4,3,3,1,4,1,1,4,66.0,2,2,2,1,2,2,3,4,40
478,321702,1.0,3.0,3.0,3.0,3.0,4.0,1,1,1,1,2,1,2,1,5.0,5,5,5,1,4,5,4,5,40
479,321704,2.0,3.0,3.0,4.0,2.0,5.0,3,2,2,2,4,1,1,4,33.0,1,1,2,4,3,5,3,2,20
480,321706,1.0,3.0,1.0,1.0,2.0,1.0,1,3,1,1,2,2,1,1,14.0,3,5,5,4,4,5,4,5,8
481,321707,2.0,3.0,2.0,3.0,3.0,5.0,3,2,2,2,2,1,2,4,26.0,2,2,2,4,4,5,4,5,32
482,321708,1.0,4.0,2.0,2.0,3.0,5.0,2,3,1,1,1,1,1,1,11.0,2,2,2,4,4,5,3,5,40
483,321709,2.0,5.0,2.0,2.0,2.0,1.0,2,1,3,1,1,3,2,2,26.0,2,2,5,4,4,5,3,5,0
484,321710,2.0,1.0,3.0,2.0,3.0,1.0,2,1,2,1,3,1,1,4,22.0,1,1,1,1,1,5,2,1,4
485,321711,2.0,1.0,1.0,1.0,2.0,2.0,3,3,1,2,3,1,1,4,39.0,2,2,2,1,2,2,2,2,18
486,321712,1.0,3.0,3.0,4.0,2.0,3.0,3,2,3,1,1,2,2,4,37.0,1,1,1,3,1,1,2,1,40
487,321713,2.0,3.0,3.0,3.0,2.0,3.0,3,3,3,1,3,3,2,4,70.0,1,1,1,1,1,2,1,2,22
488,321714,1.0,3.0,4.0,3.0,3.0,4.0,1,1,2,1,1,1,2,1,14.0,2,2,1,4,1,1,3,1,36
489,321715,2.0,1.0,3.0,4.0,3.0,1.0,3,3,1,1,3,1,1,3,23.0,2,3,3,1,2,2,2,3,0
490,321716,1.0,3.0,3.0,3.0,3.0,4.0,4,2,1,1,2,1,2,3,33.0,2,5,5,4,4,5,4,5,40
491,321717,2.0,2.0,2.0,2.0,2.0,3.0,1,1,1,2,4,1,1,1,7.0,2,2,3,3,3,3,3,2,32
492,321718,2.0,1.0,2.0,2.0,3.0,3.0,4,3,2,2,4,2,1,4,46.0,2,5,2,1,4,5,3,5,30
493,321719,1.0,2.0,3.0,3.0,2.0,5.0,4,3,1,2,4,1,1,2,33.0,1,2,5,4,4,5,4,5,36
494,321722,1.0,1.0,1.0,1.0,2.0,3.0,1,1,1,1,3,1,1,1,3.0,1,1,4,4,4,5,4,5,32
495,321723,1.0,4.0,2.0,2.0,3.0,3.0,4,1,3,1,1,1,2,1,43.0,1,3,5,4,4,5,4,5,0
496,321724,2.0,3.0,2.0,2.0,2.0,1.0,1,3,1,1,1,1,2,1,12.0,2,2,2,4,3,4,4,4,12
497,321725,1.0,1.0,3.0,4.0,3.0,1.0,2,1,3,2,4,2,1,4,64.0,1,1,3,1,1,2,2,3,10
498,321727,2.0,4.0,2.0,2.0,2.0,1.0,2,1,3,2,4,4,2,4,38.0,2,2,5,4,4,5,4,1,12
499,321729,1.0,5.0,2.0,2.0,3.0,5.0,1,1,1,1,1,1,1,1,1.0,4,4,4,4,4,5,4,5,2
500,321733,2.0,3.0,3.0,3.0,2.0,3.0,2,2,2,2,4,2,2,1,21.0,1,1,2,4,4,2,2,4,38
501,321734,2.0,2.0,2.0,2.0,2.0,2.0,1,3,2,1,1,1,1,3,35.0,2,2,4,3,3,5,4,2,30
502,321735,1.0,5.0,3.0,4.0,3.0,5.0,1,2,1,2,2,1,1,1,8.0,2,3,5,4,4,5,4,1,8
503,321736,1.0,6.0,2.0,4.0,2.0,5.0,1,1,2,1,1,1,2,1,10.0,1,1,2,4,4,1,3,5,0
504,321738,2.0,2.0,2.0,2.0,3.0,3.0,1,1,1,1,3,1,1,1,7.0,2,2,2,1,4,5,4,5,40
505,321764,2.0,3.0,3.0,4.0,2.0,2.0,2,1,3,1,2,1,1,1,13.0,2,2,5,4,4,5,4,5,0
506,321765,2.0,2.0,3.0,3.0,3.0,4.0,2,2,1,1,4,1,2,3,20.0,5,5,5,4,4,5,4,5,36
507,321767,2.0,3.0,2.0,2.0,3.0,4.0,2,3,3,2,3,2,1,4,68.0,2,5,5,4,4,5,4,5,32
508,321768,1.0,2.0,3.0,3.0,2.0,3.0,2,2,3,1,3,1,2,2,20.0,1,1,2,3,4,5,2,5,40
509,321769,2.0,2.0,3.0,3.0,2.0,3.0,1,1,2,1,4,2,2,3,20.0,4,4,5,4,4,5,4,5,27
510,321771,1.0,4.0,1.0,1.0,2.0,2.0,4,2,1,1,1,1,1,1,18.0,2,3,3,4,4,5,4,3,20
511,321772,2.0,1.0,1.0,1.0,2.0,3.0,3,2,2,1,3,1,1,3,22.0,2,2,2,1,2,2,2,2,40
512,321773,2.0,2.0,2.0,2.0,3.0,4.0,2,1,1,1,3,2,1,4,43.0,1,1,1,3,2,3,3,3,39
513,321774,2.0,3.0,3.0,4.0,3.0,4.0,1,2,1,1,2,1,2,1,5.0,5,5,5,4,4,5,4,5,36
514,321775,2.0,2.0,2.0,2.0,3.0,2.0,1,3,3,2,4,2,1,4,36.0,4,4,4,4,4,4,4,4,22
515,321776,2.0,4.0,3.0,4.0,2.0,1.0,1,3,2,1,4,1,2,1,17.0,4,4,4,4,4,5,4,5,0
516,321777,2.0,3.0,1.0,1.0,2.0,2.0,1,1,2,1,2,1,1,1,6.0,2,2,2,3,4,5,4,2,0
517,321778,1.0,3.0,1.0,1.0,3.0,5.0,1,1,1,1,3,1,1,1,7.0,1,3,3,4,4,4,4,5,40
518,321779,2.0,4.0,3.0,4.0,3.0,4.0,2,1,2,1,4,1,2,1,12.0,1,1,5,4,4,5,4,5,0
519,321780,1.0,4.0,2.0,2.0,3.0,3.0,4,3,2,2,4,1,2,2,73.0,2,2,2,4,4,4,4,5,0
520,321782,1.0,1.0,2.0,2.0,2.0,2.0,3,2,2,2,3,1,1,1,22.0,1,2,2,1,1,1,3,2,32
521,321783,2.0,3.0,3.0,4.0,3.0,2.0,2,3,3,1,1,1,2,4,43.0,1,1,2,3,1,2,2,1,32
522,321784,1.0,4.0,2.0,2.0,2.0,4.0,2,1,2,1,1,3,1,1,15.0,5,5,5,4,4,1,4,5,10
523,321786,1.0,1.0,2.0,2.0,2.0,4.0,1,2,3,2,4,2,1,3,29.0,1,1,1,1,1,1,2,1,36
524,321787,2.0,4.0,3.0,4.0,2.0,1.0,2,2,3,1,3,1,2,1,43.0,1,1,2,3,3,4,4,2,3
525,321789,2.0,2.0,1.0,1.0,3.0,2.0,2,2,1,2,3,1,1,2,16.0,3,3,3,1,4,5,4,4,24
526,321791,1.0,4.0,3.0,3.0,2.0,4.0,1,3,2,1,1,1,2,1,10.0,3,5,5,4,4,5,4,5,40
527,321792,2.0,1.0,2.0,2.0,3.0,3.0,4,3,1,1,1,3,1,3,48.0,3,3,3,3,1,5,4,5,40
528,321793,1.0,4.0,2.0,2.0,2.0,3.0,1,2,1,1,1,2,1,1,9.0,2,2,3,3,3,4,4,5,36
529,321797,2.0,1.0,2.0,2.0,2.0,2.0,1,2,1,1,4,1,1,3,15.0,1,1,2,4,1,2,3,3,0
530,321801,2.0,3.0,2.0,2.0,3.0,5.0,1,2,2,1,2,1,1,1,9.0,3,4,4,4,3,5,4,5,40
531,321804,1.0,4.0,3.0,4.0,3.0,5.0,2,2,2,1,1,1,2,2,25.0,2,1,1,3,2,4,3,5,0
532,321807,2.0,3.0,3.0,4.0,2.0,1.0,1,2,2,1,4,3,1,1,18.0,2,2,3,4,4,4,3,3,11
533,321808,2.0,1.0,3.0,4.0,2.0,1.0,3,3,1,2,4,2,1,4,35.0,1,3,2,4,4,5,3,5,0
534,321811,2.0,3.0,2.0,2.0,2.0,2.0,1,3,2,1,2,2,2,2,22.0,2,2,2,3,3,1,3,2,8
535,321812,1.0,2.0,3.0,3.0,3.0,5.0,3,2,3,1,4,2,2,1,39.0,1,1,3,3,3,3,3,4,32
536,321814,2.0,1.0,3.0,3.0,3.0,1.0,1,1,1,1,4,3,2,1,18.0,2,2,5,4,4,5,4,5,10
537,321815,1.0,4.0,1.0,1.0,2.0,3.0,3,1,3,1,2,4,2,1,28.0,2,3,5,4,4,5,4,5,0
538,321817,2.0,1.0,3.0,2.0,3.0,1.0,2,1,1,1,4,1,1,3,15.0,3,4,4,3,3,3,3,4,6
539,321819,1.0,2.0,3.0,3.0,2.0,4.0,4,3,3,2,4,2,2,2,77.0,2,3,1,4,4,5,4,5,40
540,321821,2.0,2.0,2.0,2.0,3.0,4.0,3,3,2,2,4,2,1,1,24.0,2,5,5,4,4,5,4,5,40
541,321822,2.0,2.0,2.0,2.0,3.0,4.0,1,3,2,2,1,1,1,4,48.0,2,3,2,3,3,3,3,3,40
542,321823,2.0,1.0,1.0,1.0,3.0,1.0,2,1,1,1,2,2,1,4,20.0,2,3,5,4,4,5,4,5,10
543,321824,2.0,3.0,4.0,3.0,2.0,2.0,2,2,1,2,3,2,2,3,25.0,1,1,2,4,4,2,1,3,15
544,321825,2.0,2.0,3.0,3.0,3.0,1.0,4,2,3,1,4,4,2,4,66.0,2,2,5,4,4,5,4,5,20
545,321826,1.0,2.0,1.0,1.0,2.0,3.0,1,3,2,2,3,1,1,4,26.0,2,2,4,4,4,5,4,5,38
546,321827,2.0,3.0,1.0,1.0,3.0,4.0,3,3,1,1,2,1,1,1,21.0,2,2,4,4,4,5,3,3,32
547,321828,1.0,4.0,2.0,2.0,3.0,5.0,4,3,3,1,1,1,1,4,39.0,1,1,2,2,2,3,2,3,32
548,321829,2.0,2.0,3.0,3.0,2.0,4.0,1,3,2,1,4,2,2,1,24.0,2,2,3,4,4,5,4,4,28
549,321830,2.0,4.0,3.0,4.0,3.0,1.0,2,3,2,1,2,2,2,1,34.0,5,5,5,4,4,1,4,1,6
550,321831,1.0,2.0,3.0,3.0,3.0,3.0,1,2,1,2,3,1,1,1,11.0,1,1,2,4,4,5,4,5,40
551,321832,2.0,1.0,4.0,3.0,3.0,1.0,2,1,1,1,4,2,1,3,16.0,1,3,2,4,4,5,4,5,0
552,321833,1.0,2.0,1.0,1.0,2.0,4.0,4,2,3,1,2,1,1,2,28.0,2,2,1,1,3,1,1,5,40
553,321835,1.0,4.0,1.0,1.0,2.0,4.0,2,3,3,1,1,2,1,1,40.0,1,5,5,4,4,5,4,5,36
554,321836,2.0,2.0,2.0,2.0,3.0,3.0,2,1,1,1,4,1,1,2,14.0,2,2,3,1,3,5,4,3,40
555,321837,1.0,2.0,2.0,2.0,3.0,5.0,3,3,2,1,3,1,1,4,35.0,2,2,2,1,3,1,2,5,27
556,321839,2.0,4.0,2.0,4.0,2.0,3.0,1,1,2,1,2,1,1,1,9.0,2,4,5,4,3,5,3,4,15
557,321840,2.0,4.0,3.0,4.0,3.0,5.0,2,2,2,2,1,4,2,2,28.0,2,2,5,4,4,5,4,5,38
558,321841,2.0,1.0,1.0,1.0,3.0,2.0,4,1,1,2,3,2,1,3,24.0,1,2,2,4,2,5,4,3,0
559,321842,2.0,2.0,1.0,1.0,3.0,4.0,4,1,2,2,4,2,1,4,45.0,2,3,2,1,3,1,3,3,40
560,321848,1.0,4.0,2.0,2.0,2.0,3.0,1,1,2,2,2,1,2,1,11.0,1,1,1,1,1,1,1,1,40
561,321852,1.0,3.0,2.0,2.0,2.0,3.0,3,2,2,1,4,2,2,3,27.0,2,3,5,1,4,5,4,5,40
562,321853,1.0,4.0,4.0,4.0,3.0,5.0,2,2,2,1,4,2,2,3,27.0,2,2,1,4,4,5,4,5,40
563,321855,2.0,2.0,2.0,3.0,2.0,2.0,2,1,1,2,3,1,2,4,30.0,1,2,2,3,4,5,2,2,10
564,321856,2.0,2.0,3.0,3.0,3.0,5.0,2,1,1,1,3,1,2,1,11.0,4,4,2,4,4,5,4,5,40
565,321857,2.0,2.0,1.0,1.0,3.0,4.0,2,3,1,2,3,1,1,1,18.0,2,2,4,3,4,5,4,5,38
566,321858,1.0,3.0,3.0,4.0,3.0,5.0,1,3,2,1,4,1,2,2,23.0,3,4,2,3,4,5,4,5,38
567,321859,1.0,4.0,3.0,3.0,2.0,3.0,1,1,2,2,2,2,2,1,13.0,1,2,2,4,4,1,3,1,32
568,321861,1.0,2.0,2.0,2.0,3.0,3.0,1,3,2,2,4,1,1,3,29.0,1,3,4,3,3,1,3,1,38
569,321862,2.0,1.0,3.0,2.0,3.0,2.0,4,1,1,2,3,1,1,2,21.0,1,2,1,1,2,1,3,2,0
570,321863,1.0,3.0,3.0,3.0,3.0,5.0,4,3,3,2,4,2,2,4,104.0,2,2,2,3,3,4,2,2,36
571,321865,2.0,2.0,3.0,3.0,3.0,4.0,1,3,1,1,4,3,2,3,33.0,1,1,2,2,2,3,2,3,40
572,321866,1.0,4.0,2.0,2.0,2.0,3.0,3,2,2,1,1,3,2,2,34.0,2,5,5,4,4,5,4,5,8
573,321867,1.0,2.0,2.0,2.0,3.0,5.0,1,2,2,1,3,1,1,1,9.0,1,2,1,1,2,2,2,3,40
574,321869,2.0,2.0,3.0,3.0,2.0,3.0,1,1,2,2,4,1,1,4,24.0,1,1,2,4,3,5,4,1,0
575,321870,1.0,4.0,2.0,2.0,2.0,5.0,2,2,2,1,1,2,2,1,21.0,2,2,3,4,4,5,4,5,15
576,321873,1.0,3.0,3.0,3.0,3.0,4.0,2,1,1,1,4,1,2,3,19.0,4,4,4,3,3,3,3,4,32
577,321874,1.0,2.0,3.0,3.0,3.0,3.0,4,1,2,1,4,2,2,1,26.0,2,1,2,1,4,1,2,1,40
578,321876,2.0,3.0,4.0,4.0,2.0,3.0,1,1,3,1,3,3,2,4,43.0,3,2,3,4,4,2,2,2,0
579,321877,2.0,3.0,3.0,4.0,3.0,4.0,2,2,2,2,3,4,1,1,24.0,2,2,5,4,4,5,3,5,0
580,321879,1.0,5.0,2.0,2.0,3.0,5.0,2,1,2,1,1,2,2,1,19.0,2,2,3,4,4,5,4,5,0
581,321881,2.0,2.0,2.0,2.0,3.0,3.0,1,1,1,1,1,1,1,1,2.0,1,1,2,3,1,1,3,1,38
582,321882,1.0,2.0,3.0,3.0,2.0,3.0,1,1,1,1,2,1,1,1,8.0,2,2,3,2,1,5,4,2,40
583,321883,2.0,4.0,2.0,2.0,2.0,1.0,2,1,2,1,2,1,1,1,10.0,2,2,2,4,3,1,4,2,8
584,321884,2.0,4.0,3.0,4.0,3.0,4.0,2,1,2,1,1,1,2,1,12.0,4,3,4,4,3,3,4,5,0
585,321886,2.0,4.0,2.0,4.0,2.0,5.0,2,1,2,1,3,1,2,3,20.0,2,2,2,4,2,2,3,2,0
586,321888,1.0,2.0,3.0,3.0,3.0,4.0,1,2,1,2,1,1,2,1,8.0,2,2,5,4,4,5,4,5,40
587,321889,2.0,4.0,2.0,2.0,2.0,1.0,1,1,2,1,2,1,1,1,6.0,2,3,4,4,4,5,4,4,0
588,321890,2.0,4.0,1.0,1.0,2.0,2.0,3,1,3,1,1,1,2,1,17.0,2,2,4,4,4,1,4,2,0
589,321891,2.0,3.0,3.0,4.0,3.0,4.0,4,1,1,1,4,1,2,4,43.0,1,5,5,4,4,5,4,5,28
590,321894,2.0,3.0,3.0,3.0,3.0,3.0,1,2,2,1,3,1,1,1,8.0,4,4,5,4,4,1,4,5,25
591,321895,1.0,2.0,3.0,3.0,3.0,4.0,2,2,1,2,2,1,2,1,12.0,1,1,1,1,1,1,1,1,40
592,321896,2.0,2.0,2.0,2.0,3.0,3.0,3,3,1,2,2,1,1,2,24.0,1,1,3,2,4,5,2,3,20
593,321900,2.0,3.0,1.0,1.0,3.0,2.0,1,3,3,2,4,2,1,4,55.0,2,5,5,4,4,5,4,5,0
594,321901,2.0,2.0,3.0,3.0,2.0,3.0,2,3,1,2,4,4,2,4,78.0,2,2,3,4,3,2,3,3,24
595,321903,2.0,2.0,1.0,1.0,2.0,2.0,2,1,3,2,2,1,2,1,17.0,2,2,2,4,4,4,4,1,20
596,321905,2.0,4.0,1.0,1.0,3.0,4.0,3,1,2,1,1,2,1,1,15.0,1,1,1,4,4,5,4,5,38
597,321906,1.0,3.0,3.0,3.0,2.0,4.0,3,2,1,2,2,1,1,1,17.0,2,2,3,1,4,5,2,5,40
598,321907,2.0,4.0,2.0,2.0,3.0,4.0,3,2,2,1,3,1,1,1,17.0,2,2,2,3,3,5,4,4,0
599,321908,1.0,3.0,2.0,2.0,3.0,3.0,1,3,2,1,2,1,1,2,20.0,3,4,1,1,1,1,4,2,32
600,321909,2.0,4.0,3.0,4.0,3.0,1.0,3,3,3,2,2,1,2,2,28.0,1,1,3,4,4,5,3,3,40
601,321910,2.0,3.0,3.0,3.0,3.0,4.0,1,3,2,2,2,1,2,1,19.0,1,1,2,2,2,3,2,2,24
602,321911,2.0,2.0,3.0,3.0,2.0,3.0,1,1,1,2,3,1,2,1,8.0,2,3,4,3,3,4,3,4,27
603,321912,1.0,4.0,2.0,4.0,2.0,3.0,1,2,3,1,1,2,2,1,16.0,2,4,5,4,4,5,4,5,4
604,321914,1.0,3.0,3.0,3.0,2.0,4.0,2,2,2,1,3,2,2,1,19.0,1,1,2,4,4,2,2,4,36
605,321919,1.0,1.0,3.0,4.0,2.0,1.0,2,1,1,1,1,1,1,1,7.0,5,5,5,4,3,5,4,5,0
606,321920,2.0,1.0,3.0,4.0,3.0,1.0,3,1,1,2,4,1,1,4,61.0,1,1,3,3,3,4,3,4,10
607,321924,1.0,2.0,3.0,3.0,3.0,1.0,1,1,2,1,1,1,1,1,4.0,1,2,2,4,4,5,4,2,0
608,321925,1.0,1.0,3.0,4.0,3.0,3.0,1,2,1,1,4,1,1,1,11.0,1,3,2,4,3,2,3,2,40
609,321926,2.0,4.0,2.0,4.0,2.0,2.0,3,3,2,1,1,3,2,4,43.0,1,1,4,4,4,5,4,5,18
610,321927,1.0,3.0,3.0,3.0,2.0,3.0,3,3,2,2,2,1,2,2,33.0,1,1,3,2,2,5,4,3,28
611,321928,2.0,4.0,2.0,2.0,2.0,1.0,3,1,2,1,3,4,1,4,65.0,2,2,2,1,2,3,2,1,0
612,321930,2.0,4.0,1.0,1.0,3.0,3.0,4,2,1,1,3,2,2,1,21.0,2,2,3,4,2,2,2,5,24
613,321933,1.0,4.0,1.0,1.0,3.0,3.0,1,1,1,1,1,1,1,1,4.0,2,2,1,4,1,1,3,2,34
614,321936,2.0,3.0,2.0,2.0,2.0,4.0,2,1,2,1,4,1,1,4,32.0,1,3,2,2,2,3,2,2,22
615,321937,2.0,2.0,1.0,1.0,3.0,4.0,2,3,1,2,2,3,1,4,31.0,2,3,2,1,2,1,3,2,40
616,321940,1.0,2.0,2.0,2.0,2.0,3.0,3,3,2,2,3,2,1,4,44.0,2,2,2,4,4,5,4,5,40
617,321941,1.0,4.0,1.0,1.0,2.0,2.0,3,1,1,1,1,1,2,1,12.0,2,2,3,4,4,5,4,5,0
618,321943,2.0,3.0,3.0,4.0,2.0,3.0,1,3,2,1,4,2,1,4,46.0,2,2,3,4,4,2,4,4,36
619,321945,2.0,5.0,2.0,2.0,3.0,3.0,4,1,3,1,1,3,1,2,29.0,2,2,2,4,4,1,3,2,0
620,321946,1.0,1.0,1.0,1.0,2.0,4.0,1,2,2,2,3,1,2,4,24.0,1,1,2,3,1,2,1,5,40
621,321950,2.0,3.0,2.0,2.0,3.0,1.0,1,3,2,1,1,3,1,2,18.0,1,5,5,4,4,5,4,5,0
622,321951,1.0,4.0,1.0,1.0,2.0,2.0,1,2,3,1,1,2,1,4,27.0,5,5,5,4,4,5,4,5,0
623,321952,1.0,4.0,2.0,2.0,2.0,3.0,1,2,1,1,1,1,1,2,9.0,3,2,3,2,2,1,2,3,0
624,321953,1.0,1.0,3.0,4.0,2.0,1.0,4,3,1,2,3,1,1,4,68.0,1,3,5,4,4,5,4,5,7
625,321955,1.0,3.0,3.0,3.0,2.0,4.0,3,3,3,2,2,1,1,4,38.0,1,1,1,2,2,5,3,2,40
626,321956,2.0,2.0,3.0,3.0,3.0,1.0,3,1,3,2,4,4,2,4,55.0,2,2,1,4,4,1,2,1,3
627,321957,1.0,1.0,1.0,1.0,3.0,1.0,2,1,1,1,3,1,1,1,8.0,1,2,5,4,4,1,4,5,4
628,321958,1.0,1.0,3.0,4.0,2.0,1.0,3,2,1,2,4,2,1,4,29.0,1,1,1,1,1,1,1,2,10
629,321959,1.0,1.0,3.0,2.0,3.0,4.0,2,2,2,1,1,1,1,1,12.0,2,2,2,4,4,5,4,5,32
630,321965,2.0,3.0,1.0,1.0,3.0,2.0,3,3,3,1,2,1,2,2,34.0,1,1,5,4,4,5,4,5,40
631,321966,1.0,3.0,1.0,1.0,3.0,5.0,2,2,1,1,2,1,1,2,10.0,2,4,4,3,4,4,4,4,40
632,321967,2.0,2.0,1.0,1.0,3.0,2.0,1,1,2,2,2,1,1,1,6.0,3,3,4,4,4,5,4,5,0
633,321968,2.0,2.0,3.0,3.0,2.0,2.0,4,1,1,1,4,2,2,1,25.0,2,4,4,4,4,5,4,2,10
634,321969,2.0,3.0,3.0,3.0,3.0,2.0,2,2,3,1,4,3,1,1,26.0,3,3,3,3,2,1,3,5,6
635,321971,2.0,5.0,2.0,2.0,2.0,4.0,2,1,1,1,2,3,2,3,26.0,2,1,2,4,2,3,1,2,0
636,321972,2.0,4.0,3.0,4.0,2.0,1.0,3,1,2,1,1,1,2,2,19.0,2,2,1,4,4,5,4,4,0
637,321973,2.0,2.0,1.0,1.0,3.0,1.0,2,2,1,2,2,2,1,1,11.0,1,1,1,4,2,4,2,1,30
638,321974,2.0,2.0,3.0,3.0,3.0,1.0,1,1,1,1,2,1,2,1,8.0,1,1,1,4,4,5,4,5,0
639,321978,2.0,2.0,3.0,3.0,3.0,3.0,4,3,3,2,4,2,2,3,70.0,2,2,3,3,4,5,4,4,28
640,321979,2.0,4.0,2.0,2.0,2.0,4.0,2,1,2,1,1,1,2,3,20.0,1,1,2,4,3,5,3,4,0
641,321980,2.0,3.0,3.0,3.0,2.0,2.0,1,1,3,2,4,2,2,1,20.0,2,2,4,4,4,5,4,5,10
642,321982,2.0,3.0,3.0,4.0,2.0,3.0,1,2,2,1,1,1,2,1,11.0,3,3,2,4,4,5,4,5,27
643,321984,2.0,4.0,2.0,2.0,2.0,5.0,1,2,2,1,3,1,2,1,10.0,3,4,5,4,4,5,4,5,40
644,321985,2.0,4.0,2.0,4.0,2.0,1.0,1,1,3,1,3,1,2,1,14.0,2,1,5,4,4,5,4,5,20
645,321986,1.0,2.0,2.0,2.0,3.0,4.0,1,3,1,1,3,1,1,1,11.0,2,2,5,1,4,5,4,5,40
646,321987,1.0,5.0,2.0,2.0,2.0,4.0,1,3,3,1,1,1,2,1,18.0,2,3,3,4,4,5,4,5,0
647,321988,2.0,3.0,2.0,2.0,3.0,1.0,1,3,1,1,4,2,1,2,19.0,2,2,4,4,4,3,4,2,9
648,321989,2.0,3.0,2.0,2.0,2.0,2.0,3,3,2,1,1,2,2,2,27.0,2,2,1,2,2,3,2,1,20
649,321991,2.0,5.0,2.0,2.0,2.0,4.0,4,3,3,1,1,4,2,4,76.0,1,5,5,4,4,1,4,5,0
650,321993,1.0,1.0,2.0,2.0,3.0,3.0,3,3,3,2,4,2,1,2,53.0,3,3,2,1,1,4,3,4,40
651,321994,1.0,5.0,2.0,2.0,3.0,5.0,3,1,2,1,2,1,2,1,20.0,2,2,5,4,4,5,4,5,5
652,321995,1.0,6.0,2.0,2.0,2.0,3.0,4,2,3,1,1,1,1,1,20.0,2,3,1,4,4,5,4,5,0
653,321996,1.0,2.0,3.0,2.0,3.0,2.0,1,1,1,1,2,2,1,1,5.0,5,5,5,4,4,5,4,5,0
654,321997,2.0,2.0,1.0,1.0,3.0,3.0,2,2,1,1,3,1,1,1,9.0,4,4,4,3,2,3,3,2,34
655,321998,2.0,3.0,2.0,3.0,2.0,4.0,2,2,1,2,3,1,2,1,13.0,2,2,3,4,4,2,3,2,34
656,322001,1.0,1.0,2.0,2.0,2.0,2.0,1,1,1,2,2,1,1,1,5.0,1,1,2,3,2,4,2,2,28
657,322002,2.0,4.0,2.0,2.0,2.0,3.0,3,2,2,1,1,1,2,3,22.0,2,2,3,4,4,3,4,3,24
658,322004,2.0,4.0,2.0,2.0,3.0,4.0,4,1,1,1,3,1,2,2,21.0,2,2,3,4,2,3,3,4,36
659,322005,2.0,4.0,2.0,2.0,2.0,1.0,2,2,1,1,1,4,1,1,19.0,3,3,4,3,4,5,4,5,20
660,322007,1.0,1.0,3.0,4.0,2.0,1.0,2,2,2,2,3,2,1,4,38.0,2,2,4,1,1,1,3,4,12
661,322008,2.0,2.0,4.0,3.0,3.0,1.0,1,1,3,1,4,4,2,2,36.0,2,2,4,4,4,3,3,5,0
662,322009,2.0,4.0,2.0,2.0,2.0,4.0,4,2,2,1,1,1,2,1,25.0,2,2,2,4,3,5,2,5,0
663,322011,1.0,3.0,2.0,2.0,2.0,5.0,1,2,1,1,3,1,1,1,7.0,3,3,3,1,4,5,4,5,40
664,322014,2.0,3.0,1.0,1.0,3.0,3.0,1,2,2,1,1,1,1,1,9.0,1,5,5,4,4,5,4,5,40
665,322016,1.0,3.0,3.0,4.0,2.0,2.0,4,1,2,1,1,1,1,3,20.0,1,5,5,4,4,5,4,1,0
666,322017,1.0,1.0,3.0,4.0,2.0,3.0,1,2,1,1,1,1,1,1,7.0,1,1,4,3,3,4,3,4,40
667,322018,1.0,3.0,3.0,3.0,2.0,2.0,2,1,2,2,4,1,2,2,17.0,2,3,3,3,4,5,4,5,40
668,322022,1.0,4.0,2.0,2.0,2.0,3.0,1,2,2,1,2,1,2,1,9.0,4,4,4,4,4,5,4,5,36
669,322024,1.0,2.0,3.0,4.0,2.0,4.0,2,2,2,2,3,1,1,1,13.0,1,5,5,4,4,5,4,5,40
670,322025,1.0,3.0,1.0,1.0,3.0,5.0,4,1,2,1,2,1,1,1,26.0,2,4,2,4,1,5,3,2,40
671,322026,2.0,3.0,1.0,1.0,2.0,2.0,1,1,2,1,3,1,1,1,10.0,2,2,2,3,3,5,4,4,28
672,322027,2.0,3.0,1.0,1.0,2.0,3.0,1,1,1,1,2,1,1,1,5.0,2,5,4,4,4,5,4,5,0
673,322028,1.0,4.0,3.0,3.0,2.0,5.0,1,1,2,1,2,1,2,1,8.0,1,2,2,2,2,1,2,3,40
674,322029,2.0,2.0,3.0,3.0,2.0,2.0,4,2,2,2,3,1,2,4,41.0,1,1,1,1,1,2,2,1,25
675,322031,1.0,2.0,1.0,1.0,3.0,2.0,1,1,1,1,3,2,1,1,8.0,3,2,3,4,2,2,4,3,8
676,322032,2.0,3.0,2.0,4.0,2.0,3.0,3,2,2,1,1,1,2,2,22.0,2,2,3,3,3,3,3,2,36
677,322033,1.0,1.0,3.0,4.0,3.0,2.0,4,1,2,2,4,2,1,4,49.0,2,2,3,1,3,2,3,3,5
678,322034,1.0,2.0,2.0,2.0,3.0,4.0,4,2,1,1,2,1,1,4,30.0,5,5,5,4,4,5,4,5,40
679,322035,1.0,4.0,3.0,4.0,3.0,5.0,4,3,1,1,3,2,2,1,37.0,3,4,1,4,4,1,3,3,40
680,322036,1.0,1.0,2.0,2.0,3.0,4.0,1,1,1,1,3,1,1,1,4.0,2,5,5,4,4,5,4,5,40
681,322039,2.0,4.0,2.0,2.0,3.0,3.0,2,1,2,1,1,1,2,1,10.0,2,2,4,4,4,5,4,2,0
682,322041,2.0,2.0,3.0,3.0,2.0,4.0,1,2,1,1,2,2,1,1,8.0,5,5,5,4,4,5,4,5,40
683,322043,1.0,2.0,3.0,3.0,2.0,4.0,2,3,2,1,3,1,2,3,25.0,1,2,5,4,4,5,4,5,38
684,322044,1.0,2.0,1.0,1.0,3.0,1.0,2,1,1,2,3,1,1,2,15.0,2,3,3,4,4,5,2,5,0
685,322045,1.0,1.0,3.0,4.0,2.0,1.0,1,1,3,1,3,1,1,2,15.0,4,4,4,4,3,3,2,4,4
686,322049,2.0,5.0,1.0,1.0,2.0,3.0,4,3,3,1,1,2,2,3,48.0,3,3,5,4,4,5,4,2,0
687,322053,2.0,3.0,3.0,3.0,3.0,1.0,1,1,1,1,4,3,2,3,22.0,4,4,4,3,3,4,3,4,0
688,322054,1.0,5.0,2.0,2.0,2.0,5.0,2,1,1,1,1,2,2,2,16.0,2,2,3,4,3,4,4,1,8
689,322055,2.0,3.0,3.0,4.0,2.0,3.0,2,3,3,1,2,2,2,2,34.0,1,1,2,3,2,1,3,2,32
690,322058,1.0,3.0,3.0,3.0,3.0,4.0,1,3,2,2,4,2,1,1,19.0,2,2,4,3,4,5,4,5,38
691,322059,1.0,2.0,2.0,2.0,2.0,3.0,4,3,3,1,4,1,1,4,54.0,2,5,3,4,4,5,2,5,40
692,322062,1.0,5.0,2.0,2.0,2.0,4.0,2,1,2,1,1,3,2,1,22.0,1,5,5,4,4,5,4,5,0
693,322063,1.0,1.0,3.0,4.0,3.0,2.0,3,2,1,2,4,2,1,1,18.0,2,5,5,1,4,1,4,5,10
694,322064,2.0,2.0,3.0,3.0,3.0,3.0,2,2,2,1,3,1,1,1,15.0,3,3,5,4,4,5,4,5,40
695,322066,1.0,1.0,3.0,4.0,3.0,2.0,1,2,1,1,2,1,1,1,6.0,2,2,4,1,1,2,3,4,12
696,322067,2.0,4.0,3.0,1.0,2.0,3.0,1,3,1,1,1,1,2,1,14.0,3,2,2,4,1,2,3,2,0
697,322068,1.0,3.0,2.0,2.0,3.0,5.0,1,1,1,2,3,1,1,1,7.0,2,1,1,2,1,1,2,1,40
698,322070,2.0,4.0,2.0,2.0,2.0,3.0,2,2,2,1,2,1,1,2,16.0,2,2,2,2,2,2,2,1,32
699,322071,1.0,1.0,3.0,4.0,2.0,1.0,2,1,1,1,3,1,1,4,18.0,1,1,3,1,3,3,2,3,0
700,322072,2.0,3.0,3.0,3.0,3.0,1.0,2,1,1,1,3,1,2,1,13.0,3,3,4,4,4,5,4,5,12
701,322073,2.0,3.0,2.0,4.0,2.0,2.0,1,2,1,2,3,1,2,1,18.0,2,3,5,4,4,5,4,5,3
702,322074,2.0,4.0,1.0,1.0,2.0,4.0,2,3,3,1,2,1,2,1,39.0,1,1,4,4,4,5,4,5,40
703,322075,1.0,4.0,3.0,4.0,3.0,5.0,4,2,3,1,1,4,2,4,72.0,1,1,5,4,4,5,4,5,30
704,322076,1.0,2.0,1.0,1.0,2.0,3.0,4,3,1,1,4,1,1,1,32.0,2,2,2,1,1,2,2,2,38
705,322077,2.0,3.0,3.0,4.0,3.0,3.0,2,3,3,1,4,2,2,4,60.0,2,5,3,4,3,4,4,4,23
706,322078,1.0,1.0,3.0,4.0,3.0,3.0,2,1,2,2,3,1,1,1,13.0,1,2,5,4,1,4,4,5,36
707,322079,1.0,4.0,1.0,1.0,2.0,4.0,1,3,1,1,2,1,2,1,16.0,1,1,1,2,2,3,2,3,40
708,322080,1.0,1.0,3.0,2.0,2.0,1.0,1,1,1,2,3,1,1,1,5.0,2,5,5,4,4,5,4,5,20
709,322081,2.0,3.0,1.0,1.0,2.0,1.0,2,2,2,1,3,1,1,2,18.0,1,3,2,4,4,5,3,5,2
710,322082,1.0,4.0,2.0,2.0,2.0,2.0,2,1,2,1,2,1,1,3,16.0,2,2,2,4,4,4,3,2,12
711,322084,1.0,2.0,3.0,2.0,3.0,2.0,3,3,1,2,4,2,1,4,101.0,2,2,2,1,2,2,3,2,8
712,322085,1.0,1.0,1.0,1.0,3.0,1.0,3,2,2,2,3,2,1,3,24.0,2,2,5,1,4,5,4,5,0
713,322087,1.0,2.0,1.0,1.0,2.0,1.0,1,1,1,2,2,1,1,1,4.0,1,1,1,1,1,1,1,1,20
714,322090,1.0,4.0,1.0,1.0,2.0,3.0,2,1,1,1,1,2,2,2,14.0,2,4,2,4,4,4,4,5,0
715,322092,2.0,4.0,2.0,2.0,2.0,2.0,1,1,1,2,2,1,2,1,8.0,2,2,4,4,4,5,3,5,24
716,322093,2.0,3.0,3.0,4.0,2.0,1.0,2,2,2,2,2,1,2,1,14.0,2,2,2,4,4,5,4,5,26
717,322094,1.0,4.0,2.0,2.0,3.0,5.0,1,1,2,1,1,1,2,1,13.0,1,1,1,4,4,1,2,5,0
718,322095,2.0,3.0,2.0,2.0,3.0,4.0,4,3,3,1,2,1,2,2,40.0,2,3,5,4,4,2,4,5,0
719,322096,1.0,1.0,3.0,4.0,3.0,1.0,1,1,1,2,3,1,1,4,55.0,2,2,5,2,4,2,2,5,6
720,322097,2.0,3.0,3.0,4.0,3.0,3.0,1,2,2,1,4,1,2,1,11.0,4,4,2,4,4,5,4,2,24
721,322098,2.0,4.0,1.0,1.0,3.0,3.0,2,2,1,1,1,1,1,1,9.0,3,3,3,4,3,4,3,5,24
722,322101,1.0,1.0,3.0,4.0,2.0,4.0,3,3,2,2,3,1,1,1,36.0,5,5,5,4,4,2,4,5,40
723,322102,1.0,4.0,1.0,1.0,2.0,2.0,1,3,2,1,3,2,2,1,23.0,3,2,3,4,2,5,4,5,0
724,322103,1.0,1.0,2.0,2.0,2.0,1.0,3,2,2,2,4,1,1,2,22.0,2,3,1,4,4,1,4,1,26
725,322104,1.0,2.0,2.0,2.0,3.0,2.0,1,1,1,1,4,1,1,1,8.0,3,3,5,4,4,5,3,5,0
726,322105,2.0,3.0,2.0,3.0,2.0,2.0,2,2,1,2,3,1,2,1,16.0,2,2,3,4,1,5,4,5,24
727,322106,2.0,2.0,2.0,2.0,3.0,4.0,2,2,1,1,4,2,1,4,36.0,3,4,4,4,4,5,4,5,40
728,322107,1.0,3.0,3.0,3.0,2.0,4.0,2,3,3,1,4,2,2,1,49.0,1,1,5,4,4,5,4,5,36
729,322109,1.0,4.0,2.0,2.0,2.0,2.0,3,2,1,1,1,1,1,1,8.0,5,1,5,4,4,1,4,1,20
730,322110,1.0,1.0,3.0,3.0,2.0,4.0,2,2,2,2,4,1,2,1,21.0,1,1,1,4,4,1,2,1,40
731,322111,1.0,3.0,1.0,1.0,2.0,2.0,2,1,1,1,1,2,1,2,11.0,2,2,3,4,4,5,3,5,0
732,322112,2.0,3.0,2.0,2.0,3.0,1.0,2,1,2,1,3,1,1,3,18.0,2,2,2,2,1,2,2,2,8
733,322113,1.0,1.0,3.0,2.0,3.0,2.0,2,2,2,2,3,1,1,1,16.0,1,5,5,4,4,5,4,5,40
734,322114,1.0,4.0,3.0,4.0,2.0,2.0,1,1,2,1,2,1,2,1,7.0,2,4,3,3,3,4,3,3,0
735,322116,1.0,4.0,1.0,1.0,2.0,2.0,1,1,3,2,2,1,2,2,16.0,2,1,1,2,2,4,3,3,0
736,322117,2.0,3.0,2.0,2.0,2.0,3.0,1,2,2,1,2,2,1,3,17.0,2,4,4,4,4,5,4,5,20
737,322118,2.0,3.0,3.0,3.0,2.0,1.0,2,3,1,1,4,3,2,2,29.0,3,3,5,4,4,5,4,4,14
738,322119,1.0,4.0,1.0,1.0,2.0,3.0,1,2,2,1,1,1,2,1,13.0,1,1,2,4,4,5,3,1,16
739,322123,1.0,5.0,2.0,2.0,2.0,3.0,1,1,3,1,1,4,2,4,42.0,1,1,5,4,4,5,3,2,0
740,322125,2.0,4.0,2.0,4.0,3.0,4.0,2,1,1,1,1,2,2,1,17.0,1,1,5,4,4,4,2,3,32
741,322126,2.0,3.0,3.0,3.0,2.0,1.0,4,2,2,2,4,1,1,4,38.0,2,2,2,4,4,5,4,2,12
742,322127,1.0,1.0,1.0,1.0,2.0,2.0,2,2,2,1,2,1,1,1,12.0,4,4,4,3,2,4,3,5,24
743,322128,1.0,3.0,3.0,2.0,3.0,2.0,2,1,2,1,3,1,2,4,22.0,1,1,1,1,1,1,1,1,0
744,322129,1.0,4.0,2.0,2.0,3.0,5.0,2,1,3,1,1,2,2,1,21.0,4,4,5,4,4,5,4,5,0
745,322130,1.0,2.0,2.0,2.0,2.0,4.0,1,3,1,1,4,3,1,2,26.0,2,3,3,1,2,4,3,4,40
746,322132,2.0,4.0,2.0,2.0,2.0,1.0,3,2,2,1,1,2,2,4,42.0,2,1,2,4,4,5,4,2,8
747,322135,1.0,3.0,3.0,4.0,3.0,4.0,4,3,2,2,2,1,1,1,37.0,1,1,4,4,3,5,4,2,40
748,322137,1.0,4.0,1.0,1.0,2.0,2.0,1,1,1,1,1,1,1,1,2.0,5,5,5,4,4,5,4,5,0
749,322138,2.0,4.0,3.0,4.0,3.0,4.0,3,2,1,1,2,2,2,3,23.0,1,2,1,4,1,5,2,1,40
750,322139,1.0,3.0,3.0,4.0,2.0,4.0,4,3,3,2,4,2,2,2,45.0,1,1,2,4,2,5,3,5,40
751,322140,2.0,4.0,2.0,2.0,2.0,3.0,3,2,2,1,1,3,2,3,28.0,2,2,1,4,1,5,3,3,24
752,322141,2.0,3.0,3.0,4.0,1.0,3.0,2,2,3,2,3,1,2,1,27.0,2,3,1,1,3,2,1,1,35
753,322142,1.0,1.0,2.0,2.0,2.0,3.0,1,3,2,2,4,1,1,4,30.0,1,1,2,1,4,5,4,5,30
754,322143,2.0,5.0,2.0,2.0,3.0,5.0,3,3,2,1,1,1,2,2,29.0,2,3,2,4,3,5,3,5,12
755,322144,2.0,4.0,2.0,2.0,3.0,2.0,1,1,2,1,1,2,2,1,12.0,2,3,3,4,4,5,4,5,0
756,322145,1.0,5.0,2.0,2.0,2.0,3.0,1,1,1,1,1,1,2,1,4.0,2,2,4,4,4,5,4,4,6
757,322146,2.0,3.0,3.0,3.0,2.0,2.0,1,2,1,2,4,1,2,2,22.0,1,1,2,2,2,3,2,2,20
758,322147,1.0,1.0,2.0,2.0,3.0,2.0,2,1,1,1,4,1,1,2,14.0,1,1,2,1,2,1,2,2,10
759,322149,2.0,3.0,3.0,3.0,2.0,1.0,1,1,2,1,1,1,2,2,11.0,4,4,4,4,4,5,3,5,2
760,322150,1.0,3.0,1.0,1.0,2.0,1.0,1,1,3,1,3,4,1,3,27.0,2,2,5,4,4,5,4,5,40
761,322151,1.0,2.0,2.0,2.0,3.0,4.0,3,1,1,1,4,2,1,1,15.0,2,2,2,4,2,2,4,5,40
762,322152,2.0,3.0,1.0,1.0,3.0,4.0,2,3,1,2,3,1,1,4,51.0,3,3,3,2,3,5,4,4,36
763,322153,2.0,3.0,1.0,1.0,2.0,2.0,1,1,1,1,1,1,1,1,4.0,5,1,5,4,4,5,4,5,0
764,322154,1.0,3.0,3.0,3.0,2.0,5.0,1,2,3,1,2,1,1,1,12.0,1,2,2,3,1,1,4,1,40
765,322155,2.0,4.0,2.0,2.0,3.0,5.0,1,3,3,1,2,4,2,4,164.0,4,4,4,4,4,4,3,4,40
766,322156,1.0,3.0,3.0,3.0,2.0,5.0,3,2,3,1,1,1,2,1,17.0,1,1,1,4,4,1,3,5,38
767,322157,1.0,4.0,2.0,2.0,2.0,4.0,1,3,1,1,3,1,1,1,13.0,3,4,5,4,4,5,4,5,36
768,322158,2.0,5.0,2.0,2.0,2.0,2.0,4,1,1,1,1,2,2,1,25.0,2,2,2,4,4,1,3,5,0
769,322159,1.0,1.0,1.0,1.0,3.0,1.0,4,2,1,2,4,1,1,4,145.0,1,1,1,2,1,1,1,2,5
770,322160,2.0,4.0,3.0,4.0,2.0,2.0,4,1,3,1,2,2,2,4,70.0,1,1,2,4,3,4,4,2,0
771,322161,1.0,2.0,2.0,2.0,3.0,4.0,2,1,2,1,4,2,1,2,21.0,3,3,3,2,4,2,3,4,40
772,322162,2.0,3.0,3.0,4.0,2.0,4.0,3,1,2,1,3,4,1,2,26.0,1,1,1,4,4,5,3,4,0
773,322163,1.0,2.0,3.0,3.0,2.0,3.0,2,1,1,2,4,1,2,4,25.0,1,1,5,4,4,5,4,5,0
774,322165,2.0,2.0,3.0,3.0,2.0,1.0,2,1,3,2,4,2,2,4,32.0,5,5,5,4,4,5,4,5,0
775,322166,1.0,1.0,3.0,4.0,3.0,1.0,2,1,1,1,4,2,1,4,43.0,1,2,3,1,1,4,3,2,0
776,322167,1.0,3.0,3.0,3.0,3.0,4.0,1,1,3,1,4,1,2,2,21.0,1,1,2,2,1,1,1,2,40
777,322168,2.0,3.0,2.0,4.0,2.0,4.0,4,2,2,1,3,1,2,1,19.0,5,5,5,4,4,5,4,5,36
778,322169,1.0,5.0,3.0,4.0,3.0,3.0,3,1,3,1,1,2,2,1,22.0,3,3,5,4,4,5,4,5,18
779,322170,1.0,3.0,2.0,2.0,3.0,4.0,3,2,1,1,2,1,1,1,13.0,2,2,3,4,1,5,3,5,36
780,322174,1.0,4.0,2.0,2.0,2.0,3.0,1,1,3,1,4,1,2,1,14.0,2,3,5,4,4,5,4,5,0
781,322175,2.0,2.0,3.0,3.0,2.0,3.0,1,2,2,2,3,1,2,1,17.0,1,1,2,3,2,2,3,1,38
782,322176,2.0,4.0,2.0,2.0,2.0,4.0,1,1,2,1,1,4,2,1,25.0,4,2,5,4,4,5,3,5,0
783,322177,2.0,2.0,3.0,3.0,2.0,3.0,2,3,3,2,4,1,1,4,84.0,3,2,1,1,4,2,4,1,30
784,322180,2.0,3.0,3.0,3.0,3.0,3.0,2,3,2,2,4,1,1,1,22.0,1,5,5,4,4,5,4,5,24
785,322183,1.0,1.0,1.0,1.0,3.0,2.0,2,3,2,1,3,1,1,4,47.0,1,2,4,1,4,4,3,5,21
786,322186,1.0,4.0,1.0,1.0,2.0,3.0,1,1,2,1,2,2,1,1,12.0,1,2,2,3,3,4,4,5,38
787,322188,2.0,2.0,3.0,3.0,2.0,1.0,4,2,1,2,4,1,1,4,54.0,1,1,2,1,2,3,2,1,7
788,322189,1.0,2.0,3.0,3.0,2.0,3.0,4,3,3,2,4,2,2,4,57.0,1,1,2,1,1,5,4,5,40
789,322190,2.0,3.0,2.0,2.0,3.0,4.0,2,2,2,1,2,1,1,1,14.0,1,2,4,4,3,5,4,5,32
790,322192,1.0,1.0,3.0,2.0,2.0,1.0,4,3,3,2,3,1,1,4,67.0,2,2,2,1,2,5,2,4,8
791,322195,2.0,4.0,3.0,4.0,2.0,1.0,1,1,2,1,2,2,2,1,15.0,1,2,3,1,1,3,2,2,0
792,322196,2.0,4.0,2.0,4.0,2.0,1.0,1,1,3,1,1,4,2,4,52.0,3,2,5,4,4,5,4,5,0
793,322197,1.0,5.0,2.0,2.0,2.0,3.0,4,3,3,1,2,4,1,4,142.0,1,1,1,1,1,1,4,1,0
794,322199,1.0,3.0,2.0,3.0,3.0,4.0,4,2,3,1,3,3,2,1,51.0,1,1,1,1,1,5,2,1,38
795,322200,2.0,4.0,2.0,2.0,2.0,3.0,1,1,2,2,2,1,2,2,15.0,2,2,4,4,4,5,4,2,0
796,322203,2.0,3.0,2.0,2.0,3.0,3.0,2,3,2,1,4,1,1,2,26.0,2,2,3,2,4,4,4,5,32
797,322204,2.0,3.0,3.0,3.0,3.0,5.0,4,3,3,1,4,1,1,1,52.0,2,2,2,1,1,3,2,5,32
798,322205,1.0,2.0,3.0,4.0,3.0,4.0,1,3,2,1,4,1,2,2,20.0,2,2,1,1,1,1,2,2,41
799,322206,1.0,2.0,3.0,3.0,2.0,4.0,2,1,2,2,4,1,2,1,16.0,1,1,3,1,3,5,4,5,36
800,322207,2.0,4.0,2.0,2.0,2.0,3.0,2,1,1,1,1,3,1,2,13.0,2,2,2,4,3,3,3,2,0
801,322208,1.0,3.0,2.0,2.0,3.0,4.0,4,3,3,1,1,1,1,3,43.0,1,1,1,1,1,1,1,1,36
802,322211,1.0,3.0,1.0,1.0,2.0,4.0,1,2,1,1,3,1,1,1,9.0,2,2,2,4,4,1,4,1,40
803,322212,1.0,5.0,2.0,2.0,2.0,3.0,1,1,1,1,1,1,2,1,6.0,3,2,5,4,1,5,4,3,35
804,322213,1.0,4.0,3.0,4.0,2.0,4.0,2,2,3,1,1,2,2,1,20.0,2,2,2,3,3,4,2,4,37
805,322216,1.0,4.0,1.0,1.0,2.0,4.0,1,2,2,1,1,3,2,2,26.0,1,1,2,4,2,2,2,3,40
806,322217,1.0,4.0,2.0,2.0,2.0,4.0,2,2,1,2,1,1,1,1,10.0,2,2,1,2,2,2,2,2,40
807,322219,2.0,4.0,2.0,4.0,2.0,2.0,2,2,3,1,2,4,2,4,44.0,3,4,5,4,4,3,3,5,20
808,322220,2.0,3.0,3.0,4.0,2.0,3.0,1,1,2,2,3,1,1,1,7.0,1,1,1,3,3,4,1,1,0
809,322221,1.0,3.0,1.0,1.0,2.0,4.0,1,1,1,1,2,1,2,1,5.0,2,3,4,4,4,5,4,5,40
810,322222,2.0,4.0,1.0,1.0,2.0,2.0,1,1,1,2,2,1,1,1,5.0,3,1,1,4,4,5,3,1,0
811,322223,1.0,3.0,3.0,3.0,2.0,3.0,1,1,1,1,1,1,2,1,6.0,1,1,3,3,3,3,2,2,40
812,322226,2.0,3.0,3.0,4.0,2.0,2.0,3,1,2,1,2,1,2,2,21.0,2,2,4,4,4,5,4,5,24
813,322228,2.0,3.0,3.0,4.0,2.0,1.0,1,1,1,2,2,2,2,1,9.0,2,2,5,4,4,2,4,5,16
814,322229,1.0,3.0,3.0,3.0,2.0,4.0,3,3,3,2,4,1,2,2,39.0,1,1,4,4,4,5,4,2,40
815,322230,1.0,3.0,2.0,2.0,2.0,4.0,4,3,3,1,4,2,1,4,79.0,1,1,1,1,1,2,1,1,38
816,322231,2.0,4.0,3.0,4.0,2.0,5.0,2,1,2,2,1,1,1,1,10.0,2,5,5,4,4,5,4,5,0
817,322232,2.0,2.0,1.0,1.0,3.0,4.0,1,3,1,2,4,1,1,2,23.0,2,3,2,4,2,3,3,5,40
818,322233,1.0,3.0,3.0,4.0,2.0,4.0,2,3,2,2,4,1,1,1,25.0,2,2,4,4,4,5,4,5,40
819,322236,1.0,3.0,2.0,2.0,2.0,4.0,1,1,2,2,4,3,2,3,35.0,1,1,1,1,1,1,1,1,40
820,322239,2.0,3.0,3.0,3.0,2.0,1.0,1,1,3,2,3,2,2,4,49.0,2,1,3,4,4,2,3,1,3
821,322240,2.0,4.0,2.0,4.0,2.0,2.0,2,1,3,1,1,1,2,2,17.0,4,5,3,4,3,1,4,5,0
822,322243,1.0,4.0,1.0,1.0,3.0,4.0,2,1,2,1,3,1,1,1,13.0,2,5,5,4,4,2,4,5,40
823,322245,1.0,3.0,2.0,2.0,2.0,3.0,2,2,2,1,2,1,1,2,17.0,1,1,1,1,4,2,2,1,38
824,322249,1.0,1.0,2.0,2.0,2.0,2.0,2,1,2,2,3,1,1,1,16.0,1,1,2,3,1,2,3,1,0
825,322250,2.0,3.0,1.0,1.0,2.0,2.0,4,3,3,1,1,1,1,4,59.0,5,5,5,4,4,5,4,5,0
826,322255,1.0,4.0,2.0,2.0,2.0,4.0,1,2,1,1,1,1,2,1,7.0,1,1,2,4,4,4,4,2,40
827,322259,2.0,4.0,3.0,4.0,2.0,3.0,1,3,2,1,2,4,2,2,28.0,1,1,2,4,1,5,2,2,24
828,322260,2.0,2.0,3.0,3.0,2.0,5.0,1,1,1,2,4,2,2,1,11.0,2,3,5,4,4,5,4,5,0
829,322261,1.0,4.0,2.0,4.0,2.0,3.0,4,3,2,1,1,1,2,1,20.0,1,1,2,3,3,4,3,1,40
830,322263,2.0,3.0,1.0,1.0,2.0,3.0,1,1,1,1,3,1,2,1,6.0,2,2,5,4,4,5,4,5,20
831,322265,1.0,3.0,1.0,1.0,2.0,2.0,1,1,2,1,3,2,1,1,10.0,2,2,1,4,4,5,4,1,0
832,322266,1.0,4.0,2.0,2.0,3.0,4.0,1,1,2,1,1,1,1,1,4.0,2,3,5,4,4,5,4,5,5
833,322267,2.0,4.0,1.0,1.0,2.0,3.0,1,1,1,1,1,1,2,1,7.0,3,3,3,4,4,5,4,5,0
834,322268,2.0,4.0,1.0,1.0,3.0,2.0,2,3,3,1,3,2,1,4,45.0,1,2,5,4,4,5,4,1,0
835,322269,2.0,3.0,3.0,4.0,2.0,2.0,3,3,3,1,4,1,2,3,37.0,1,2,1,3,4,5,4,1,15
836,322270,2.0,2.0,3.0,4.0,2.0,4.0,2,1,2,1,4,2,1,1,21.0,2,2,2,4,4,5,4,5,40
837,322271,2.0,3.0,2.0,2.0,2.0,2.0,2,2,1,1,4,2,1,2,18.0,1,2,4,4,3,5,4,1,12
838,322276,2.0,3.0,3.0,4.0,2.0,2.0,3,2,1,2,4,1,2,4,32.0,1,1,4,4,3,5,4,1,20
839,322280,1.0,5.0,2.0,2.0,3.0,5.0,2,3,2,1,1,3,1,1,22.0,2,3,5,4,4,5,4,5,0
840,322281,2.0,3.0,3.0,4.0,2.0,2.0,1,2,2,1,2,1,2,1,12.0,1,2,2,2,2,3,2,2,20
841,322283,2.0,3.0,2.0,2.0,3.0,4.0,3,3,3,1,4,1,1,1,34.0,3,3,2,3,4,1,3,4,32
842,322284,2.0,3.0,2.0,2.0,3.0,2.0,4,1,3,1,4,2,1,2,41.0,2,2,2,1,1,5,4,3,0
843,322285,2.0,4.0,3.0,2.0,3.0,5.0,1,3,1,1,3,1,1,1,25.0,1,1,1,4,4,1,3,1,38
844,322286,1.0,3.0,2.0,2.0,3.0,3.0,1,2,1,1,1,1,1,2,11.0,5,5,4,4,4,5,4,5,36
845,322287,1.0,1.0,3.0,3.0,3.0,5.0,4,3,3,2,4,2,2,3,67.0,1,1,1,1,1,1,1,1,40
846,322290,2.0,3.0,1.0,1.0,2.0,1.0,1,1,1,1,2,2,1,1,5.0,4,4,4,3,4,4,3,4,8
847,322292,1.0,4.0,2.0,4.0,2.0,4.0,1,1,2,1,1,1,2,1,7.0,2,1,3,4,3,5,3,5,0
848,322294,2.0,4.0,2.0,2.0,2.0,1.0,1,1,2,1,2,4,2,1,21.0,2,2,2,4,2,5,4,2,0
849,322295,1.0,3.0,3.0,3.0,2.0,4.0,4,3,3,1,1,2,1,2,38.0,1,1,5,4,4,5,4,5,40
850,322297,2.0,4.0,2.0,4.0,2.0,3.0,1,1,2,1,3,4,2,4,32.0,1,1,3,4,1,3,2,2,0
851,322298,2.0,3.0,3.0,3.0,2.0,3.0,4,2,3,1,4,1,1,2,50.0,1,1,3,4,4,5,4,5,24
852,322299,2.0,4.0,2.0,2.0,2.0,3.0,1,1,2,1,1,1,2,1,13.0,5,5,5,4,4,5,4,5,0
853,322300,1.0,5.0,2.0,2.0,2.0,3.0,2,1,2,1,1,4,2,1,25.0,2,1,4,4,4,5,4,5,0
854,322301,2.0,2.0,2.0,2.0,3.0,4.0,1,3,2,1,4,2,1,2,23.0,2,2,2,4,3,4,4,4,36
855,322303,2.0,5.0,1.0,1.0,3.0,4.0,1,1,2,1,1,1,2,1,15.0,1,1,4,4,4,4,3,2,0
856,322304,2.0,3.0,3.0,4.0,2.0,3.0,1,3,2,1,1,1,2,1,13.0,3,4,5,4,4,4,4,5,40
857,322305,1.0,3.0,1.0,1.0,2.0,3.0,2,2,2,1,3,1,1,2,16.0,3,3,4,4,4,5,3,5,40
858,322307,1.0,4.0,2.0,2.0,2.0,4.0,1,2,2,1,1,2,2,1,16.0,2,1,2,4,2,5,4,5,32
859,322313,1.0,5.0,3.0,4.0,3.0,3.0,1,1,1,1,1,1,1,2,3.0,4,5,5,4,4,5,4,5,30
860,322314,2.0,3.0,1.0,1.0,2.0,2.0,1,1,2,1,3,1,1,1,12.0,3,3,5,4,4,5,4,5,0
861,322316,1.0,5.0,2.0,2.0,2.0,5.0,1,1,2,1,1,1,2,1,10.0,2,2,4,4,3,3,3,5,0
862,322317,1.0,4.0,3.0,4.0,3.0,5.0,2,1,1,1,4,4,2,1,22.0,1,1,4,4,4,5,3,4,40
863,322319,2.0,4.0,2.0,2.0,3.0,3.0,3,1,2,1,4,2,1,1,21.0,2,2,2,4,4,5,4,5,32
864,322321,2.0,4.0,2.0,2.0,2.0,2.0,1,1,1,2,2,1,2,1,8.0,1,1,2,1,2,2,2,2,40
865,322322,1.0,4.0,1.0,1.0,2.0,4.0,3,3,3,1,3,1,1,2,44.0,1,1,5,1,4,5,4,5,40
866,322323,1.0,4.0,1.0,1.0,2.0,3.0,4,1,3,1,1,2,1,4,37.0,2,2,2,4,4,5,4,2,0
867,322324,2.0,4.0,2.0,2.0,2.0,4.0,1,2,3,1,1,4,1,1,30.0,1,1,3,3,3,3,3,3,36
868,322325,2.0,3.0,3.0,3.0,2.0,1.0,3,2,2,1,4,1,2,2,24.0,1,1,3,4,4,5,4,1,15
869,322326,2.0,3.0,2.0,2.0,2.0,2.0,3,1,3,1,2,1,1,4,34.0,1,1,2,2,2,3,2,1,0
870,322327,2.0,3.0,3.0,4.0,2.0,2.0,1,1,2,1,3,1,2,1,7.0,1,2,4,4,4,5,4,5,0
871,322328,1.0,2.0,2.0,2.0,2.0,4.0,1,3,1,1,2,1,1,2,13.0,2,2,5,4,4,5,4,5,40
872,322329,2.0,4.0,2.0,2.0,2.0,3.0,1,3,2,1,3,2,2,1,20.0,2,2,2,3,3,4,3,4,36
873,322330,1.0,3.0,1.0,1.0,2.0,3.0,4,3,2,1,3,2,1,3,37.0,1,1,2,3,3,1,4,2,36
874,322331,1.0,5.0,2.0,2.0,2.0,3.0,1,2,3,2,1,1,2,2,22.0,2,2,2,2,2,1,2,1,0
875,322332,1.0,2.0,2.0,2.0,3.0,4.0,2,3,1,2,4,2,1,4,34.0,2,4,5,4,4,5,4,5,40
876,322333,2.0,4.0,2.0,4.0,2.0,1.0,4,1,2,1,2,3,2,3,36.0,1,1,4,4,4,5,4,5,0
877,322336,1.0,3.0,1.0,1.0,2.0,4.0,4,3,3,1,3,1,1,4,46.0,5,5,5,4,4,5,4,5,38
878,322338,2.0,3.0,3.0,3.0,3.0,4.0,2,2,1,2,4,1,1,1,16.0,4,4,5,4,4,5,4,5,40
879,322341,2.0,4.0,2.0,1.0,2.0,2.0,1,1,1,1,2,1,1,1,5.0,2,2,2,3,3,4,4,2,0
880,322342,2.0,3.0,1.0,1.0,2.0,3.0,4,2,2,1,1,2,2,3,39.0,5,5,5,4,4,5,4,5,32
881,322344,1.0,3.0,3.0,4.0,2.0,2.0,1,1,2,1,2,1,2,1,12.0,1,1,5,4,4,5,4,5,0
882,322345,2.0,4.0,2.0,2.0,2.0,5.0,4,1,3,1,3,2,2,3,41.0,2,2,2,4,4,5,3,1,0
883,322346,2.0,3.0,3.0,4.0,2.0,2.0,2,1,3,1,4,4,2,4,38.0,2,5,5,4,4,4,3,3,18
884,322347,1.0,5.0,2.0,2.0,2.0,3.0,2,1,3,1,3,2,2,1,19.0,2,2,2,4,4,5,4,5,0
885,322349,1.0,3.0,3.0,3.0,3.0,5.0,4,3,3,2,4,2,2,4,44.0,1,1,1,3,3,2,3,1,40
886,322351,2.0,4.0,1.0,1.0,1.0,3.0,2,1,3,1,1,1,1,1,15.0,3,2,3,4,4,5,4,2,0
887,322352,2.0,3.0,3.0,3.0,3.0,4.0,4,1,2,1,1,3,1,4,63.0,2,2,2,4,3,4,4,3,26
888,322353,1.0,3.0,1.0,1.0,2.0,3.0,2,2,2,1,3,1,1,1,15.0,1,1,2,1,3,4,3,1,30
889,322354,1.0,3.0,1.0,1.0,3.0,4.0,2,3,2,1,2,1,1,3,19.0,2,2,3,1,4,2,4,1,40
890,322355,2.0,4.0,1.0,1.0,2.0,3.0,3,3,1,1,3,1,2,1,23.0,2,2,5,4,4,5,4,5,34
891,322357,2.0,2.0,3.0,3.0,1.0,1.0,1,1,3,2,4,4,2,4,54.0,1,1,3,4,4,2,3,1,5
892,322358,2.0,3.0,2.0,2.0,3.0,5.0,2,2,2,2,3,2,2,2,21.0,1,2,2,4,3,2,4,2,38
893,322359,2.0,4.0,2.0,2.0,2.0,1.0,4,3,3,2,2,3,2,1,58.0,1,2,4,4,4,5,4,4,10
894,322360,1.0,4.0,3.0,4.0,3.0,5.0,1,1,1,1,1,1,2,1,5.0,4,4,5,4,3,5,4,4,40
895,322361,2.0,2.0,3.0,3.0,2.0,4.0,1,1,1,1,1,1,1,1,4.0,2,2,5,4,4,5,4,5,40
896,322362,2.0,4.0,3.0,3.0,3.0,3.0,1,3,1,1,2,1,1,1,11.0,2,2,5,4,4,5,4,5,22
897,322363,1.0,4.0,3.0,3.0,3.0,4.0,2,3,3,1,2,2,2,3,32.0,2,3,1,1,1,1,1,1,36
898,322364,2.0,3.0,2.0,4.0,2.0,2.0,3,1,1,1,3,1,2,2,19.0,2,1,2,3,1,3,2,2,4
899,322366,2.0,2.0,1.0,1.0,2.0,2.0,2,3,3,2,4,1,1,2,46.0,2,3,5,4,4,5,4,5,16
900,322369,2.0,3.0,3.0,3.0,2.0,4.0,1,1,2,2,1,1,2,1,9.0,1,2,1,3,1,4,2,1,0
901,322370,1.0,5.0,3.0,4.0,3.0,3.0,1,1,1,1,1,1,1,2,3.0,4,5,5,4,4,5,4,5,40
902,322371,2.0,2.0,2.0,2.0,3.0,5.0,1,1,1,1,1,1,1,1,4.0,2,3,2,3,3,4,3,4,30
903,322372,1.0,2.0,2.0,2.0,3.0,3.0,3,3,1,2,2,2,1,3,27.0,4,4,2,3,3,4,3,4,24
904,322374,1.0,5.0,2.0,2.0,2.0,4.0,4,2,2,1,1,3,2,1,31.0,1,1,2,4,4,5,2,5,15
905,322377,2.0,4.0,3.0,4.0,2.0,4.0,1,2,1,1,3,2,2,1,18.0,1,1,1,2,3,5,2,2,36
906,322378,2.0,4.0,1.0,1.0,2.0,2.0,1,1,2,1,2,1,2,1,9.0,2,2,2,1,2,2,2,2,10
907,322379,1.0,3.0,1.0,1.0,3.0,5.0,2,3,2,1,1,1,2,1,14.0,2,2,2,4,4,5,4,5,40
908,322380,2.0,4.0,2.0,4.0,2.0,4.0,1,1,2,1,1,1,2,1,8.0,2,2,4,2,3,3,2,5,0
909,322381,1.0,3.0,3.0,3.0,3.0,3.0,1,1,3,1,4,1,1,1,16.0,2,2,5,4,4,5,4,5,40
910,322383,2.0,3.0,1.0,1.0,3.0,2.0,2,1,1,1,2,4,1,3,20.0,2,1,2,2,2,3,1,2,0
911,322384,2.0,2.0,3.0,3.0,2.0,4.0,2,1,3,2,2,2,2,4,53.0,2,2,3,4,4,1,2,4,0
912,322386,1.0,2.0,1.0,1.0,2.0,2.0,2,1,1,2,4,2,1,4,26.0,1,2,5,4,4,5,4,5,0
913,322387,1.0,2.0,3.0,3.0,3.0,2.0,1,1,2,2,2,1,2,1,9.0,1,1,1,1,1,1,1,1,40
914,322388,2.0,3.0,3.0,4.0,2.0,4.0,4,1,2,2,3,1,1,4,112.0,1,5,5,4,4,5,4,5,0
915,322389,1.0,3.0,2.0,2.0,2.0,2.0,2,1,2,1,3,1,1,1,11.0,2,4,5,4,4,5,4,5,0
916,322392,1.0,4.0,2.0,2.0,2.0,4.0,1,1,1,1,2,1,1,1,4.0,4,2,4,4,4,5,4,5,40
917,322393,2.0,2.0,3.0,2.0,2.0,3.0,4,2,1,2,3,1,1,4,40.0,1,2,5,4,4,5,4,5,40
918,322395,2.0,3.0,3.0,4.0,2.0,2.0,1,1,3,1,4,1,2,1,16.0,1,1,3,4,3,3,2,1,24
919,322396,2.0,3.0,3.0,4.0,2.0,2.0,1,2,1,1,3,1,1,1,7.0,1,2,3,2,3,5,4,5,32
920,322398,2.0,3.0,1.0,1.0,2.0,3.0,2,2,3,1,3,2,1,4,65.0,1,5,4,4,4,5,3,5,38
921,322399,1.0,2.0,1.0,1.0,3.0,3.0,4,3,1,2,4,2,2,3,56.0,4,2,1,1,1,5,4,5,36
922,322400,1.0,3.0,3.0,4.0,2.0,3.0,1,1,2,1,3,2,2,3,21.0,4,4,5,4,4,5,4,5,40
923,322401,2.0,5.0,2.0,2.0,2.0,4.0,3,1,2,1,1,1,2,1,15.0,5,5,5,4,4,5,4,5,0
924,322403,1.0,1.0,2.0,2.0,3.0,2.0,1,2,2,1,1,1,1,1,7.0,4,3,5,4,4,5,4,5,12
925,322405,2.0,2.0,3.0,3.0,2.0,3.0,3,3,3,1,3,4,2,4,52.0,2,2,4,4,3,2,3,5,26
926,322406,2.0,3.0,3.0,4.0,2.0,4.0,2,3,2,1,2,2,2,4,63.0,5,5,5,4,4,5,4,5,38
927,322407,1.0,5.0,2.0,2.0,2.0,3.0,1,1,2,1,1,1,2,3,20.0,4,4,3,2,2,3,3,3,0
928,322408,1.0,4.0,2.0,4.0,2.0,4.0,2,1,1,1,4,2,2,1,14.0,2,2,1,4,4,2,2,1,40
929,322411,1.0,3.0,3.0,3.0,2.0,4.0,1,3,1,1,3,1,2,1,11.0,1,1,2,1,3,3,2,1,40
930,322412,2.0,3.0,3.0,3.0,2.0,1.0,4,3,3,1,3,4,1,4,72.0,1,2,2,2,2,1,4,5,8
931,322414,1.0,3.0,1.0,1.0,2.0,3.0,4,1,1,1,2,1,2,4,46.0,1,5,4,4,4,5,4,5,0
932,322415,2.0,4.0,1.0,1.0,2.0,2.0,1,2,2,1,2,1,2,1,9.0,2,2,2,4,3,5,4,4,30
933,322416,2.0,3.0,2.0,2.0,2.0,4.0,1,1,3,1,1,2,2,1,10.0,4,5,5,4,4,5,4,5,40
934,322417,1.0,3.0,3.0,4.0,2.0,5.0,2,1,2,1,2,2,2,3,22.0,1,2,5,3,3,5,3,1,8
935,322418,2.0,4.0,3.0,4.0,2.0,1.0,2,1,2,1,1,1,1,1,7.0,3,3,5,4,4,5,4,5,20
936,322420,2.0,2.0,1.0,1.0,3.0,3.0,2,1,1,2,3,2,1,4,19.0,2,3,2,4,3,2,3,3,36
937,322423,1.0,1.0,2.0,2.0,2.0,4.0,1,3,1,1,4,2,1,1,30.0,2,2,3,4,4,5,4,4,20
938,322424,1.0,3.0,2.0,2.0,3.0,5.0,1,1,2,1,3,1,1,1,10.0,2,2,3,4,4,5,4,5,40
939,322425,2.0,3.0,1.0,1.0,3.0,2.0,3,2,3,2,3,1,1,2,28.0,1,1,1,2,1,1,2,1,27
940,322430,1.0,3.0,3.0,3.0,1.0,4.0,4,3,3,2,1,1,1,3,31.0,1,1,1,4,3,2,3,2,37
941,322432,1.0,1.0,2.0,2.0,2.0,3.0,1,3,3,2,4,1,1,3,54.0,1,2,2,3,3,4,3,2,36
942,322433,1.0,1.0,1.0,1.0,2.0,2.0,3,1,1,2,3,1,1,4,21.0,1,3,1,1,4,5,4,5,20
943,322435,2.0,4.0,2.0,2.0,2.0,4.0,3,3,3,1,1,1,2,4,60.0,1,1,1,3,1,2,2,2,36
944,322436,1.0,4.0,2.0,2.0,2.0,5.0,3,1,3,1,1,4,1,3,32.0,2,3,4,4,4,5,4,5,32
945,322437,1.0,5.0,2.0,2.0,2.0,3.0,1,1,2,1,1,2,2,1,16.0,2,2,5,4,4,5,3,5,0
946,322438,1.0,4.0,2.0,2.0,2.0,2.0,2,1,1,1,4,1,2,1,11.0,2,2,5,4,4,5,3,1,20
947,322439,2.0,2.0,3.0,3.0,3.0,3.0,1,2,1,2,4,1,2,4,33.0,1,2,2,4,3,5,4,2,24
948,322440,1.0,3.0,1.0,1.0,3.0,5.0,3,3,2,1,2,2,1,1,37.0,3,2,3,1,4,5,4,5,40
949,322441,1.0,4.0,1.0,1.0,3.0,5.0,3,3,1,1,2,1,1,1,16.0,3,3,3,4,4,5,3,5,40
950,322443,2.0,2.0,1.0,1.0,2.0,2.0,3,1,1,1,2,2,1,3,18.0,1,1,2,1,1,1,2,1,0
951,322444,1.0,3.0,2.0,3.0,2.0,2.0,1,2,1,1,4,1,1,1,11.0,1,1,1,1,2,1,1,2,20
952,322446,2.0,3.0,3.0,4.0,2.0,3.0,1,2,1,1,1,1,2,1,9.0,2,2,2,2,2,3,2,3,24
953,322447,2.0,2.0,3.0,3.0,3.0,1.0,1,3,3,2,3,2,2,4,43.0,4,4,3,3,3,4,3,4,6
954,322449,2.0,3.0,3.0,3.0,3.0,3.0,2,3,1,2,3,1,2,1,20.0,2,2,3,3,2,2,3,4,28
955,322450,1.0,4.0,3.0,4.0,2.0,2.0,1,1,1,1,1,1,1,2,7.0,4,5,5,4,4,5,4,4,0
956,322451,2.0,3.0,3.0,4.0,3.0,4.0,3,3,3,1,1,2,1,4,55.0,1,1,1,3,1,1,2,1,40
957,322452,1.0,3.0,1.0,1.0,2.0,2.0,1,1,2,1,1,1,1,1,5.0,2,4,4,1,4,5,4,5,0
958,322454,1.0,2.0,1.0,1.0,2.0,2.0,1,1,2,2,3,1,1,2,13.0,2,2,3,4,2,5,4,4,10
959,322456,2.0,3.0,3.0,4.0,2.0,2.0,1,2,3,1,4,1,2,2,21.0,3,3,4,4,4,5,4,3,20
960,322458,2.0,4.0,1.0,1.0,3.0,3.0,1,1,1,1,2,2,2,3,16.0,2,3,3,4,4,4,4,4,36
961,322459,2.0,5.0,1.0,1.0,2.0,2.0,1,1,2,1,1,1,1,1,7.0,3,3,5,4,4,5,4,5,1
962,322461,1.0,3.0,3.0,4.0,2.0,4.0,2,3,3,1,4,1,2,2,26.0,1,1,4,4,4,5,3,5,40
963,322462,1.0,3.0,3.0,3.0,3.0,4.0,1,2,1,2,2,1,1,1,7.0,1,1,1,1,1,1,1,1,40
964,322463,2.0,4.0,1.0,1.0,3.0,2.0,1,1,3,1,1,1,1,1,8.0,4,2,3,4,3,1,4,5,0
965,322465,1.0,3.0,3.0,3.0,3.0,4.0,1,1,2,2,4,2,2,1,20.0,2,5,4,4,4,5,4,5,32
966,322467,2.0,3.0,2.0,3.0,2.0,3.0,1,3,3,2,3,1,2,3,32.0,2,2,2,3,2,2,4,1,16
967,322472,1.0,1.0,3.0,4.0,3.0,1.0,4,3,1,2,3,1,1,4,61.0,1,1,1,1,1,1,1,2,5
968,322475,1.0,3.0,3.0,3.0,2.0,3.0,4,1,3,1,1,2,2,4,48.0,1,2,5,1,4,5,4,5,4
969,322476,2.0,2.0,3.0,3.0,3.0,4.0,2,3,1,2,4,2,2,4,36.0,1,1,2,3,3,4,4,3,32
970,322484,1.0,3.0,2.0,2.0,2.0,3.0,2,3,1,1,2,2,1,4,28.0,2,5,5,4,4,5,4,5,40
971,322485,2.0,4.0,1.0,1.0,3.0,2.0,1,1,1,1,1,1,1,1,3.0,3,3,5,4,4,5,4,4,0
972,322486,1.0,4.0,1.0,1.0,2.0,2.0,1,2,1,1,1,1,1,1,4.0,2,5,5,4,4,4,3,2,20
973,322487,2.0,5.0,1.0,1.0,2.0,4.0,3,1,2,1,1,3,2,1,21.0,1,1,1,1,2,3,2,1,0
974,322488,2.0,2.0,3.0,3.0,3.0,2.0,1,1,1,1,4,2,2,1,9.0,2,3,3,4,4,5,3,3,24
975,322493,1.0,3.0,3.0,3.0,2.0,4.0,3,3,2,1,4,3,2,4,60.0,1,1,1,1,1,2,1,4,40
976,322494,2.0,2.0,4.0,3.0,2.0,3.0,2,1,2,2,4,4,1,4,82.0,1,2,5,4,4,5,4,5,24
977,322495,2.0,3.0,2.0,2.0,2.0,5.0,2,3,1,1,3,1,1,1,12.0,1,1,2,3,3,2,2,3,36
978,322496,1.0,1.0,3.0,4.0,3.0,1.0,2,1,1,2,2,1,1,2,13.0,2,2,3,1,1,1,3,3,0
979,322498,1.0,3.0,2.0,4.0,2.0,3.0,3,1,2,1,1,1,2,1,12.0,2,2,5,4,4,5,4,5,39
980,322499,1.0,3.0,2.0,2.0,3.0,2.0,1,1,1,1,1,1,1,1,3.0,2,5,5,3,4,5,4,5,0
981,322500,1.0,1.0,3.0,2.0,2.0,1.0,4,2,1,2,3,1,1,1,21.0,1,1,3,4,4,5,3,5,8
982,322502,1.0,3.0,1.0,1.0,2.0,2.0,1,1,1,2,1,1,1,1,3.0,1,5,5,4,4,5,4,5,0
983,322504,1.0,1.0,3.0,4.0,3.0,4.0,3,2,1,2,3,1,1,1,15.0,1,1,2,4,4,1,1,3,39
984,322507,1.0,4.0,3.0,4.0,2.0,4.0,1,2,2,1,2,3,2,1,16.0,1,1,5,4,4,5,4,5,40
985,322509,1.0,2.0,2.0,2.0,2.0,4.0,2,2,2,2,4,1,1,4,57.0,2,5,4,4,1,5,3,5,36
986,322510,1.0,5.0,2.0,3.0,2.0,4.0,1,1,1,1,1,1,2,1,5.0,2,5,5,4,4,5,4,5,0
987,322511,1.0,3.0,3.0,3.0,2.0,5.0,1,3,1,1,3,1,2,2,20.0,2,1,1,3,4,5,4,5,36
988,322512,2.0,3.0,3.0,4.0,2.0,2.0,2,3,2,2,3,1,1,1,20.0,2,5,5,4,4,5,4,5,20
989,322513,1.0,4.0,3.0,4.0,3.0,5.0,1,1,2,2,2,3,2,1,18.0,1,1,5,4,4,5,4,5,40
990,322515,2.0,2.0,2.0,2.0,2.0,3.0,2,1,3,2,4,2,1,1,16.0,2,2,5,4,4,5,4,1,34
991,322517,1.0,4.0,1.0,1.0,2.0,4.0,3,3,1,1,1,1,1,2,25.0,2,2,4,4,4,5,4,5,36
992,322520,1.0,3.0,1.0,1.0,2.0,5.0,2,1,1,1,3,1,2,1,8.0,1,2,5,1,4,5,4,5,40
993,322521,2.0,3.0,3.0,4.0,2.0,4.0,2,3,3,2,4,1,2,4,46.0,1,1,3,3,1,3,2,1,16
994,322522,1.0,3.0,2.0,2.0,3.0,4.0,1,1,1,1,2,1,1,1,4.0,4,4,3,4,4,4,4,5,36
995,322523,2.0,3.0,3.0,3.0,3.0,3.0,3,3,3,1,4,4,2,4,57.0,3,3,3,4,3,2,4,3,20
996,322526,2.0,3.0,3.0,3.0,2.0,1.0,1,2,2,2,3,1,1,1,12.0,2,2,3,2,4,5,4,3,15
997,322527,1.0,3.0,3.0,3.0,3.0,5.0,3,3,2,1,4,1,2,2,37.0,4,5,1,4,4,5,4,5,36
998,322529,2.0,4.0,2.0,2.0,2.0,2.0,1,1,2,1,1,1,1,1,5.0,2,2,4,4,4,4,4,5,0
999,322530,1.0,2.0,2.0,2.0,3.0,5.0,1,2,2,2,2,1,1,1,13.0,4,5,5,4,4,5,4,5,40
1000,322533,2.0,3.0,3.0,4.0,2.0,4.0,2,2,2,2,3,1,2,2,22.0,2,2,2,2,2,3,3,2,32
1001,322534,2.0,4.0,2.0,4.0,2.0,1.0,1,1,2,1,1,4,2,1,22.0,2,1,5,4,4,5,4,1,0
1002,322536,2.0,3.0,2.0,3.0,2.0,2.0,3,1,3,1,2,1,2,4,26.0,2,2,3,3,1,3,2,2,0
1003,322537,2.0,3.0,4.0,3.0,2.0,5.0,3,1,3,2,2,1,2,1,22.0,2,1,4,4,3,4,1,2,16
1004,322538,1.0,4.0,1.0,1.0,3.0,3.0,4,2,2,1,1,1,1,1,20.0,2,2,1,1,3,1,4,5,0
1005,322540,2.0,3.0,2.0,2.0,3.0,3.0,2,2,1,1,3,1,2,1,13.0,1,1,3,2,2,1,3,3,25
1006,322543,2.0,2.0,1.0,1.0,2.0,2.0,2,1,2,1,3,1,1,1,9.0,2,4,4,4,3,1,3,3,0
1007,322544,1.0,1.0,3.0,4.0,3.0,1.0,1,1,1,1,4,2,1,1,10.0,2,3,3,2,3,5,4,4,0
1008,322545,1.0,4.0,1.0,1.0,2.0,2.0,3,1,1,1,1,1,1,1,8.0,4,5,5,4,4,5,4,5,0
1009,322547,1.0,2.0,2.0,2.0,2.0,3.0,1,1,1,2,2,1,1,1,5.0,1,1,1,1,1,1,1,1,40
1010,322549,1.0,2.0,2.0,2.0,3.0,4.0,3,3,1,1,3,1,1,1,16.0,3,1,2,1,1,3,2,5,30
1011,322550,1.0,3.0,3.0,4.0,2.0,4.0,2,3,1,2,3,1,1,1,16.0,1,1,1,1,1,1,4,5,40
1012,322551,2.0,3.0,3.0,3.0,2.0,4.0,4,3,3,2,4,1,1,4,69.0,1,1,3,3,3,4,2,3,32
1013,322553,1.0,3.0,3.0,3.0,3.0,4.0,1,1,1,1,1,1,1,1,1.0,4,5,5,4,4,5,4,5,36
1014,322554,2.0,4.0,2.0,2.0,2.0,3.0,2,3,2,1,1,1,2,1,18.0,5,5,5,4,4,5,4,5,0
1015,322557,1.0,2.0,3.0,3.0,3.0,4.0,2,2,1,2,3,2,1,1,16.0,2,1,1,1,1,1,2,2,36
1016,322558,1.0,5.0,1.0,1.0,3.0,5.0,2,1,1,2,2,1,1,1,8.0,1,2,1,1,1,5,4,2,0
1017,322560,1.0,4.0,3.0,4.0,2.0,4.0,1,1,1,2,1,2,2,2,13.0,1,1,3,4,4,5,4,5,36
1018,322561,1.0,1.0,1.0,1.0,3.0,3.0,1,1,1,2,2,1,2,1,8.0,1,1,4,4,4,5,4,5,40
1019,322562,1.0,1.0,3.0,3.0,2.0,4.0,4,2,1,2,3,1,1,2,22.0,1,2,2,1,2,1,2,1,36
1020,322563,2.0,3.0,1.0,1.0,2.0,3.0,1,1,1,1,1,1,1,2,9.0,2,4,3,4,4,5,4,4,38
1021,322565,1.0,5.0,2.0,3.0,2.0,3.0,1,1,1,1,1,1,2,2,11.0,1,1,2,4,4,5,4,1,8
1022,322567,1.0,4.0,3.0,4.0,2.0,4.0,2,1,3,2,3,4,2,4,56.0,2,1,1,4,4,3,4,5,40
1023,322568,1.0,3.0,2.0,2.0,2.0,4.0,4,2,2,1,4,4,1,2,45.0,3,3,5,4,4,5,1,3,38
1024,322569,1.0,5.0,2.0,4.0,2.0,4.0,1,1,2,1,1,1,2,3,11.0,2,2,4,3,3,4,3,3,0
1025,322571,1.0,4.0,1.0,1.0,2.0,3.0,1,1,2,1,2,1,2,3,14.0,2,2,4,4,3,5,3,4,40
1026,322572,1.0,2.0,1.0,1.0,3.0,2.0,4,2,2,2,4,1,1,1,25.0,2,2,2,1,4,1,3,5,0
1027,322573,2.0,4.0,2.0,4.0,3.0,5.0,1,1,1,1,1,1,2,1,6.0,1,1,1,3,2,1,3,2,38
1028,322574,1.0,2.0,1.0,1.0,2.0,3.0,2,2,2,1,3,3,1,2,22.0,1,5,5,4,4,5,4,5,38
1029,322575,1.0,4.0,3.0,4.0,2.0,4.0,1,2,1,1,2,2,2,1,12.0,2,2,2,4,4,5,4,5,40
1030,322576,1.0,2.0,2.0,2.0,2.0,2.0,2,2,2,1,4,2,1,1,17.0,2,2,3,4,3,1,3,1,0
1031,322578,1.0,2.0,1.0,1.0,2.0,5.0,3,2,2,2,2,1,1,1,16.0,1,1,2,3,4,1,4,2,40
1032,322579,1.0,3.0,2.0,2.0,2.0,4.0,2,3,3,1,4,1,1,3,29.0,1,1,5,4,4,5,4,5,38
1033,322581,2.0,4.0,2.0,2.0,2.0,1.0,1,1,3,1,4,1,2,1,22.0,3,3,5,4,4,5,4,2,0
1034,322582,1.0,5.0,2.0,2.0,1.0,2.0,1,2,1,2,1,2,2,1,13.0,2,2,2,3,1,1,1,1,0
1035,322583,2.0,3.0,3.0,4.0,2.0,3.0,2,1,2,2,3,3,2,4,48.0,2,2,2,4,4,3,3,4,24
1036,322585,1.0,4.0,3.0,4.0,3.0,5.0,1,3,3,1,2,2,2,4,69.0,2,3,3,2,2,3,2,3,40
1037,322586,2.0,3.0,3.0,3.0,3.0,5.0,4,2,1,1,2,1,2,1,33.0,1,1,2,4,4,2,4,5,36
1038,322588,2.0,4.0,1.0,1.0,3.0,2.0,1,1,1,1,2,1,2,2,6.0,5,5,5,4,4,5,4,5,26
1039,322589,1.0,3.0,1.0,1.0,3.0,3.0,1,2,1,2,4,1,2,1,12.0,2,1,1,1,1,1,1,1,36
1040,322590,1.0,3.0,3.0,3.0,2.0,4.0,4,3,2,1,4,2,2,4,83.0,2,2,4,1,3,4,4,5,38
1041,322591,2.0,4.0,2.0,2.0,2.0,1.0,1,2,2,1,1,1,1,1,9.0,2,3,4,4,4,4,4,1,10
1042,322593,1.0,1.0,3.0,4.0,2.0,1.0,3,1,3,2,4,2,1,1,30.0,5,5,5,4,4,5,4,5,6
1043,322594,2.0,3.0,3.0,3.0,2.0,4.0,2,1,1,1,2,1,2,3,14.0,3,3,5,4,4,5,4,5,0
1044,322596,1.0,3.0,2.0,2.0,2.0,4.0,3,3,2,1,4,1,1,1,25.0,2,2,1,4,2,5,4,4,32
1045,322597,2.0,3.0,3.0,4.0,3.0,2.0,1,1,1,1,3,1,2,1,7.0,2,2,2,4,4,5,4,4,24
1046,322599,1.0,3.0,1.0,1.0,3.0,5.0,1,1,1,2,3,1,1,1,8.0,1,2,3,2,2,3,2,3,40
1047,322602,2.0,2.0,2.0,2.0,2.0,2.0,3,1,1,2,4,3,1,1,20.0,2,4,3,4,4,5,4,5,16
1048,322603,2.0,2.0,3.0,4.0,3.0,4.0,1,1,1,1,1,1,2,1,4.0,5,5,5,4,4,5,4,5,40
1049,322607,1.0,3.0,1.0,1.0,2.0,2.0,2,1,2,1,1,1,1,1,8.0,2,2,4,3,3,4,3,4,0
1050,322608,2.0,5.0,1.0,1.0,2.0,3.0,1,1,2,1,2,1,2,1,4.0,2,5,5,4,4,5,4,5,0
1051,322611,2.0,5.0,1.0,1.0,2.0,3.0,2,1,2,1,1,1,1,1,7.0,4,4,4,4,4,5,4,5,0
1052,322612,2.0,3.0,2.0,2.0,2.0,2.0,2,3,2,2,3,1,2,1,23.0,2,1,1,3,3,5,4,2,12
1053,322614,1.0,3.0,3.0,4.0,2.0,4.0,1,3,1,1,1,1,2,1,11.0,2,2,5,4,4,1,1,2,36
1054,322615,1.0,2.0,1.0,1.0,2.0,3.0,1,2,1,2,4,2,1,4,68.0,2,2,2,4,2,4,2,3,38
1055,322616,1.0,3.0,2.0,2.0,3.0,4.0,1,1,3,1,2,1,1,1,9.0,2,4,4,4,4,5,4,5,32
1056,322617,2.0,3.0,3.0,3.0,3.0,1.0,1,3,1,1,4,2,2,3,33.0,2,2,3,4,3,1,3,1,6
1057,322618,2.0,2.0,3.0,3.0,2.0,2.0,1,1,2,2,3,1,2,1,14.0,1,2,5,4,4,2,4,5,24
1058,322619,2.0,2.0,2.0,2.0,2.0,4.0,1,2,3,2,4,2,1,4,36.0,1,1,2,4,1,5,4,3,40
1059,322621,2.0,3.0,3.0,3.0,3.0,5.0,1,3,2,1,4,1,2,3,31.0,2,2,4,3,2,2,2,1,40
1060,322624,1.0,3.0,2.0,2.0,3.0,4.0,2,2,2,1,4,2,1,2,20.0,2,2,2,2,4,5,3,2,32
1061,322625,2.0,5.0,2.0,2.0,2.0,2.0,4,1,1,1,1,1,2,1,45.0,2,1,3,2,2,1,3,2,0
1062,322627,2.0,3.0,3.0,3.0,2.0,3.0,2,3,2,1,3,1,2,2,20.0,1,1,1,3,4,5,2,1,32
1063,322628,2.0,2.0,3.0,3.0,3.0,4.0,3,3,1,2,4,2,2,3,34.0,1,1,3,4,1,5,3,2,40
1064,322629,1.0,3.0,3.0,4.0,2.0,4.0,1,1,2,1,1,1,1,1,6.0,1,1,3,1,2,1,3,1,5
1065,322631,1.0,2.0,1.0,1.0,2.0,3.0,1,1,2,2,3,1,1,1,8.0,2,2,5,4,4,5,4,5,40
1066,322632,1.0,3.0,3.0,4.0,2.0,2.0,4,3,2,2,4,1,2,4,58.0,1,1,3,4,4,5,4,1,32
1067,322636,1.0,4.0,2.0,2.0,3.0,5.0,1,2,1,2,1,1,1,1,7.0,2,3,3,4,4,1,4,5,40
1068,322638,2.0,2.0,3.0,4.0,3.0,2.0,2,1,1,2,2,4,1,3,22.0,1,1,5,4,4,2,3,1,0
1069,322639,1.0,2.0,2.0,2.0,2.0,2.0,3,2,3,2,4,1,1,1,20.0,1,1,1,2,1,1,2,1,20
1070,322640,1.0,4.0,2.0,2.0,2.0,5.0,4,2,1,1,2,1,1,4,35.0,2,2,5,4,4,5,4,5,38
1071,322642,1.0,2.0,2.0,2.0,2.0,4.0,1,3,1,1,1,1,1,2,9.0,1,1,2,4,4,5,3,1,38
1072,322643,1.0,3.0,3.0,3.0,2.0,3.0,2,2,3,2,1,1,1,3,18.0,2,3,3,4,4,5,3,2,40
1073,322644,1.0,2.0,1.0,1.0,2.0,2.0,1,1,3,2,2,1,1,1,12.0,1,1,2,1,1,2,1,2,0
1074,322645,2.0,2.0,3.0,3.0,3.0,5.0,4,2,3,2,4,1,2,4,88.0,1,1,1,1,1,1,1,1,36
1075,322647,2.0,5.0,2.0,2.0,2.0,2.0,1,1,2,1,1,1,1,1,2.0,5,5,5,4,4,5,4,5,0
1076,322648,1.0,2.0,1.0,1.0,3.0,4.0,1,2,1,1,2,1,1,1,6.0,5,5,5,4,4,5,4,5,40
1077,322649,1.0,3.0,2.0,2.0,3.0,5.0,4,3,3,1,4,3,2,4,148.0,1,1,1,1,2,3,4,3,40
1078,322650,1.0,2.0,3.0,3.0,3.0,4.0,1,2,1,1,3,2,1,1,14.0,1,1,5,4,4,5,4,5,36
1079,322651,1.0,3.0,1.0,1.0,2.0,2.0,1,1,1,1,3,1,1,1,6.0,2,4,4,3,3,3,3,4,0
1080,322652,1.0,3.0,1.0,1.0,2.0,3.0,1,2,1,2,2,1,1,1,9.0,1,1,1,3,1,3,3,1,32
1081,322653,1.0,3.0,1.0,1.0,2.0,3.0,4,1,1,2,3,1,1,2,16.0,1,1,1,1,4,1,2,1,0
1082,322654,1.0,4.0,2.0,2.0,3.0,4.0,3,3,3,1,1,3,2,4,45.0,1,1,2,4,4,2,4,5,12
1083,322656,2.0,4.0,2.0,2.0,3.0,3.0,2,3,3,1,2,3,2,2,40.0,1,2,4,4,4,1,2,2,16
1084,322657,2.0,3.0,3.0,4.0,3.0,3.0,1,1,1,1,2,1,2,1,7.0,2,2,2,2,3,3,3,3,24
1085,322658,2.0,4.0,2.0,2.0,2.0,1.0,1,2,2,1,1,3,2,2,25.0,2,2,1,4,3,2,2,2,8
1086,322659,1.0,4.0,2.0,2.0,2.0,5.0,2,3,2,1,1,2,2,1,25.0,2,2,4,4,4,5,4,2,40
1087,322660,1.0,4.0,2.0,4.0,2.0,3.0,2,3,2,1,1,1,2,1,20.0,2,2,3,2,2,1,2,3,40
1088,322663,1.0,5.0,1.0,1.0,3.0,5.0,1,2,2,1,2,1,2,2,16.0,1,1,1,4,1,1,2,1,0
1089,322665,1.0,5.0,2.0,2.0,2.0,3.0,1,1,1,1,1,1,2,1,6.0,3,4,3,3,3,4,2,4,0
1090,322666,1.0,3.0,1.0,1.0,2.0,5.0,1,2,2,1,3,1,2,1,8.0,2,2,2,4,1,2,3,2,38
1091,322667,1.0,2.0,1.0,1.0,2.0,3.0,1,1,1,1,1,1,1,1,2.0,4,5,4,4,4,5,4,4,38
1092,322668,1.0,2.0,2.0,2.0,3.0,3.0,3,3,3,2,3,1,1,1,37.0,2,1,1,1,1,5,3,1,40
1093,322669,1.0,3.0,1.0,1.0,2.0,2.0,4,3,3,1,1,2,1,4,39.0,5,5,5,4,4,5,4,5,30
1094,322672,1.0,2.0,3.0,3.0,2.0,4.0,1,3,2,2,4,1,1,1,25.0,5,5,5,4,4,5,4,5,36
1095,322673,1.0,3.0,1.0,1.0,2.0,4.0,1,2,1,1,2,1,1,1,6.0,2,3,3,4,4,5,4,2,40
1096,322675,1.0,2.0,2.0,2.0,3.0,5.0,1,1,2,2,2,1,2,1,15.0,1,1,2,3,2,4,3,3,40
1097,322676,2.0,3.0,3.0,3.0,3.0,4.0,2,1,1,1,1,1,1,1,6.0,2,2,2,4,4,5,3,5,32
1098,322679,1.0,3.0,1.0,1.0,2.0,2.0,1,1,1,1,1,1,1,1,4.0,3,3,5,4,4,5,4,5,21
1099,322682,2.0,2.0,1.0,1.0,3.0,4.0,2,3,2,2,3,1,1,4,44.0,1,1,2,3,2,3,2,2,36
1100,322683,1.0,5.0,2.0,2.0,3.0,4.0,1,1,1,1,1,1,2,1,4.0,2,3,5,4,4,5,4,5,0
1101,322684,1.0,4.0,3.0,3.0,3.0,5.0,1,3,1,1,3,1,2,1,19.0,1,5,5,4,4,5,4,5,40
1102,322688,1.0,3.0,3.0,3.0,3.0,5.0,4,3,3,2,3,1,2,4,95.0,4,5,5,4,4,5,4,5,36
1103,322689,1.0,3.0,2.0,2.0,2.0,1.0,1,1,2,1,2,1,2,1,8.0,2,2,3,4,4,4,4,2,0
1104,322690,1.0,3.0,1.0,1.0,2.0,2.0,1,1,1,2,3,1,1,1,5.0,4,3,5,4,4,5,4,5,0
1105,322691,1.0,2.0,2.0,3.0,2.0,4.0,2,1,2,2,3,1,2,1,13.0,1,1,3,1,4,5,4,5,40
1106,322693,2.0,3.0,1.0,1.0,3.0,4.0,1,3,2,1,3,1,1,1,28.0,2,2,1,3,2,4,3,1,38
1107,322694,1.0,2.0,3.0,3.0,3.0,4.0,2,2,3,2,2,1,1,1,19.0,4,4,4,3,3,5,4,5,40
1108,322697,2.0,4.0,1.0,1.0,2.0,3.0,1,1,2,1,1,2,2,1,13.0,4,5,5,4,4,5,4,5,0
1109,322698,1.0,3.0,2.0,3.0,2.0,4.0,4,2,2,1,1,3,2,2,24.0,2,2,2,1,3,1,3,4,38
1110,322699,2.0,2.0,3.0,3.0,2.0,1.0,2,2,1,2,1,1,1,1,7.0,3,2,4,4,2,5,4,5,20
1111,322700,2.0,3.0,1.0,1.0,2.0,2.0,2,3,3,1,2,1,1,3,25.0,1,4,3,4,3,2,3,1,21
1112,322701,1.0,3.0,3.0,3.0,2.0,3.0,2,1,1,1,3,1,1,1,8.0,2,2,4,3,4,5,4,5,35
1113,322702,2.0,4.0,2.0,2.0,2.0,4.0,2,1,2,1,1,2,2,1,14.0,1,1,3,4,4,5,3,2,0
1114,322708,2.0,4.0,2.0,3.0,2.0,4.0,2,1,3,1,1,1,2,1,15.0,3,2,4,4,4,5,4,3,0
1115,322709,1.0,5.0,1.0,1.0,2.0,3.0,1,1,2,1,1,1,1,1,4.0,3,4,5,4,4,2,4,5,0
1116,322710,1.0,3.0,2.0,2.0,3.0,5.0,2,2,1,2,3,1,1,1,10.0,1,2,1,3,4,4,4,3,40
1117,322714,1.0,3.0,2.0,2.0,3.0,4.0,4,2,3,2,4,2,1,2,35.0,2,3,2,4,4,1,4,5,38
1118,322716,2.0,4.0,2.0,2.0,2.0,2.0,2,1,1,1,1,1,2,1,9.0,2,2,1,4,4,2,4,3,0
1119,322717,2.0,4.0,2.0,2.0,3.0,2.0,3,3,1,1,2,4,2,4,65.0,1,2,2,4,4,4,3,1,8
1120,322718,2.0,3.0,3.0,3.0,3.0,5.0,1,3,3,1,3,3,2,4,40.0,4,4,2,4,4,5,4,5,36
1121,322719,1.0,4.0,2.0,2.0,2.0,4.0,4,3,3,1,1,1,1,2,65.0,2,2,1,1,1,1,1,1,40
1122,322720,1.0,6.0,1.0,1.0,2.0,3.0,1,1,1,2,1,1,2,1,8.0,2,2,4,4,4,4,3,1,0
1123,322723,1.0,5.0,2.0,2.0,2.0,3.0,1,1,3,1,1,1,2,1,17.0,1,1,5,4,4,5,4,5,5
1124,322725,1.0,5.0,2.0,2.0,2.0,3.0,2,1,2,1,1,1,1,1,10.0,2,1,2,4,4,5,4,4,0
1125,322726,1.0,5.0,1.0,1.0,3.0,2.0,1,1,3,1,1,1,1,1,8.0,2,5,5,4,4,5,4,5,0
1126,322727,2.0,4.0,2.0,4.0,2.0,3.0,1,1,2,1,2,1,2,4,20.0,2,2,2,4,2,2,3,2,0
1127,322728,1.0,4.0,2.0,2.0,2.0,5.0,4,2,1,1,1,1,1,2,18.0,2,2,2,4,4,2,3,5,40
1128,322729,1.0,5.0,2.0,4.0,3.0,4.0,2,3,2,1,1,2,2,3,30.0,1,2,2,2,4,5,3,3,0
1129,322730,2.0,5.0,2.0,4.0,2.0,3.0,2,3,2,1,1,3,2,4,28.0,2,2,2,4,3,4,3,2,0
1130,322731,2.0,5.0,2.0,2.0,2.0,2.0,1,1,1,1,1,1,1,1,1.0,4,4,5,4,4,5,4,5,0
1131,322732,1.0,4.0,2.0,2.0,2.0,3.0,4,1,2,1,1,1,1,1,27.0,2,2,5,4,4,5,4,5,0
1132,322733,2.0,5.0,2.0,2.0,2.0,2.0,2,1,2,1,1,1,2,1,9.0,1,1,5,4,4,5,3,2,0
1133,322734,2.0,4.0,3.0,4.0,3.0,4.0,1,3,3,1,1,2,2,1,31.0,1,2,2,4,4,5,3,2,40
1134,322735,2.0,3.0,3.0,3.0,2.0,2.0,1,2,3,2,4,2,2,1,25.0,2,2,2,3,3,4,3,2,15
1135,322739,1.0,5.0,2.0,2.0,3.0,5.0,2,1,1,1,1,1,1,1,8.0,2,2,3,4,4,3,4,5,0
1136,322742,2.0,4.0,1.0,1.0,3.0,1.0,1,1,1,1,1,1,2,1,8.0,1,3,4,4,4,1,4,5,30
1137,322744,2.0,5.0,2.0,2.0,2.0,2.0,4,2,1,1,1,1,2,1,13.0,2,2,3,4,1,4,3,5,0
1138,322745,1.0,4.0,2.0,2.0,2.0,3.0,4,3,2,1,1,3,1,2,49.0,3,4,5,4,4,5,4,5,36
1139,322746,2.0,4.0,1.0,1.0,2.0,5.0,1,1,2,1,1,2,2,4,45.0,2,2,1,4,3,4,4,4,0
1140,322747,2.0,4.0,2.0,2.0,2.0,4.0,2,1,3,1,1,1,1,3,25.0,2,3,2,4,4,3,4,5,0
1141,322748,2.0,5.0,2.0,2.0,2.0,2.0,2,1,3,1,1,1,2,2,25.0,2,2,5,4,4,5,4,5,0
1142,322749,2.0,5.0,2.0,2.0,2.0,4.0,4,1,3,1,1,2,2,1,23.0,1,1,2,4,4,3,4,5,0
1143,322751,2.0,6.0,1.0,1.0,2.0,3.0,2,2,2,1,1,1,2,1,17.0,1,1,1,2,1,3,2,3,0
1144,322752,1.0,5.0,2.0,4.0,2.0,4.0,2,1,2,1,2,3,2,1,21.0,5,5,3,4,4,1,1,5,0
1145,322753,1.0,4.0,3.0,4.0,2.0,4.0,4,3,2,1,4,3,2,4,64.0,3,3,4,1,3,4,3,2,36
1146,322754,1.0,4.0,2.0,2.0,2.0,3.0,2,2,3,1,1,3,1,1,22.0,1,1,1,4,4,5,3,1,40
1147,322755,1.0,5.0,2.0,2.0,2.0,3.0,2,1,3,1,1,4,2,4,42.0,3,3,2,4,4,2,3,5,0
1148,322757,1.0,6.0,2.0,2.0,1.0,2.0,2,2,1,1,1,2,2,1,19.0,3,2,3,4,4,5,4,4,0
1149,322759,1.0,6.0,2.0,2.0,1.0,4.0,1,1,1,1,1,1,2,1,8.0,2,2,4,4,4,5,4,5,0
1150,322761,1.0,4.0,2.0,2.0,2.0,5.0,3,1,1,1,1,1,2,1,14.0,2,2,5,4,4,5,4,5,40
1151,322762,1.0,4.0,2.0,2.0,2.0,3.0,1,1,2,1,1,3,2,1,16.0,2,2,5,4,4,5,4,5,0
1152,322763,2.0,2.0,2.0,2.0,3.0,3.0,3,2,2,2,4,3,1,4,42.0,2,2,2,1,2,2,2,2,32
1153,322766,2.0,4.0,2.0,2.0,2.0,2.0,2,2,2,1,1,1,2,1,14.0,1,2,2,2,1,2,2,2,0
1154,322767,1.0,5.0,2.0,2.0,2.0,3.0,1,1,2,1,1,1,1,1,6.0,2,2,3,4,4,5,4,5,0
1155,322768,2.0,4.0,1.0,1.0,2.0,3.0,1,1,2,1,1,1,2,1,9.0,2,2,2,4,1,5,2,3,28
1156,322770,2.0,5.0,2.0,4.0,2.0,4.0,3,2,1,1,1,1,2,2,16.0,2,5,3,4,1,1,3,2,0
1157,322772,2.0,5.0,1.0,1.0,2.0,2.0,1,1,1,1,1,1,1,4,12.0,2,1,5,4,4,5,4,5,0
1158,322774,2.0,4.0,1.0,1.0,2.0,2.0,1,1,1,2,3,1,2,1,12.0,2,2,2,4,4,1,4,2,0
1159,322775,2.0,4.0,1.0,1.0,2.0,2.0,4,2,1,1,1,1,2,1,24.0,2,2,2,3,2,4,3,3,24
1160,322776,1.0,6.0,2.0,2.0,3.0,3.0,3,1,2,1,1,4,2,1,30.0,2,2,3,3,3,5,4,5,0
1161,322777,2.0,4.0,2.0,2.0,2.0,1.0,1,1,1,1,1,1,2,1,4.0,1,1,4,4,4,5,4,5,0
1162,322779,1.0,4.0,2.0,2.0,2.0,4.0,4,1,2,1,1,3,2,1,26.0,1,1,1,4,4,5,4,5,12
1163,322780,1.0,4.0,2.0,2.0,2.0,4.0,3,2,1,1,1,1,2,1,13.0,1,1,1,4,4,5,2,1,40
1164,322781,2.0,4.0,2.0,2.0,2.0,3.0,2,2,2,1,1,1,2,4,30.0,4,4,4,3,3,4,3,4,20
1165,322782,2.0,4.0,1.0,1.0,2.0,3.0,1,1,1,2,2,1,2,1,8.0,1,1,1,1,1,3,2,3,8
1166,322786,1.0,4.0,2.0,4.0,3.0,5.0,4,3,3,1,4,2,2,4,70.0,3,3,2,4,4,5,4,5,8
1167,322787,2.0,4.0,2.0,4.0,2.0,4.0,1,1,2,1,1,1,1,1,7.0,2,4,5,4,4,5,4,5,5
1168,322789,2.0,5.0,2.0,4.0,2.0,2.0,2,1,2,1,1,1,2,3,16.0,1,2,3,4,3,2,3,5,0
1169,322791,2.0,5.0,2.0,2.0,2.0,1.0,3,1,2,1,1,1,2,2,17.0,3,3,4,4,1,5,4,1,2
1170,322792,1.0,5.0,2.0,2.0,3.0,5.0,2,1,2,1,1,3,2,2,28.0,2,1,3,4,4,5,4,5,0
1171,322794,1.0,4.0,2.0,2.0,2.0,5.0,2,1,2,1,2,1,2,1,11.0,2,2,5,4,4,5,4,5,40
1172,322795,2.0,4.0,2.0,2.0,2.0,1.0,1,2,1,1,1,1,2,1,16.0,1,1,3,3,1,4,3,3,6
1173,322796,2.0,4.0,2.0,2.0,2.0,5.0,1,1,1,1,1,1,2,2,10.0,2,2,4,4,4,5,3,2,0
1174,322798,1.0,4.0,2.0,4.0,3.0,2.0,1,1,1,1,1,1,2,1,3.0,2,3,5,4,4,5,4,5,0
1175,322799,1.0,5.0,1.0,1.0,2.0,3.0,3,3,3,1,1,1,2,1,60.0,1,1,5,4,4,5,4,5,0
1176,322800,2.0,5.0,2.0,2.0,2.0,2.0,4,1,3,1,1,3,2,1,39.0,2,2,3,4,4,5,4,5,0
1177,322801,2.0,4.0,1.0,1.0,2.0,2.0,1,1,1,1,1,1,2,1,3.0,1,2,1,4,1,1,3,1,0
1178,322803,1.0,6.0,2.0,2.0,3.0,5.0,4,1,2,1,1,1,2,2,25.0,2,3,5,4,4,1,4,5,0
1179,322805,2.0,4.0,1.0,1.0,2.0,3.0,3,2,1,1,1,3,1,3,24.0,2,5,2,1,1,5,4,2,25
1180,322806,2.0,5.0,2.0,2.0,3.0,4.0,3,1,2,1,1,1,2,1,10.0,4,4,4,4,4,5,4,5,0
1181,322807,1.0,4.0,2.0,2.0,3.0,4.0,1,2,1,1,2,1,2,1,10.0,4,4,4,3,3,2,4,5,36
1182,322808,2.0,4.0,1.0,1.0,2.0,4.0,3,1,2,1,1,3,2,1,30.0,2,2,5,4,3,5,2,5,20
1183,322809,2.0,4.0,2.0,2.0,2.0,4.0,4,3,2,1,1,1,2,3,44.0,1,2,2,4,1,3,4,3,20
1184,322810,2.0,5.0,2.0,2.0,2.0,3.0,1,1,3,1,1,4,1,4,42.0,1,1,5,4,4,5,4,3,0
1185,322812,1.0,1.0,2.0,2.0,3.0,4.0,4,2,2,1,3,1,1,1,17.0,3,2,2,1,1,4,3,5,40
1186,322813,2.0,4.0,1.0,1.0,2.0,3.0,3,2,3,1,1,1,1,1,18.0,1,2,3,4,4,3,4,1,0
1187,322814,2.0,5.0,2.0,4.0,2.0,2.0,2,1,2,1,2,2,2,2,24.0,2,2,5,4,4,5,4,5,0
1188,322815,2.0,4.0,2.0,2.0,2.0,1.0,1,1,1,1,2,1,2,1,8.0,1,1,4,4,4,5,4,5,0
1189,322817,2.0,4.0,2.0,4.0,2.0,2.0,2,1,1,1,1,1,2,2,13.0,1,1,4,4,4,5,4,5,25
1190,322820,1.0,5.0,2.0,2.0,2.0,3.0,1,1,1,1,1,1,1,1,5.0,4,4,4,4,4,5,4,5,0
1191,322823,1.0,4.0,2.0,2.0,3.0,5.0,4,2,3,2,2,4,1,4,97.0,1,1,1,1,1,2,1,2,40
1192,322826,1.0,4.0,3.0,4.0,3.0,4.0,1,1,2,1,1,1,2,1,6.0,2,2,5,1,2,5,4,5,40
1193,322827,2.0,5.0,1.0,1.0,2.0,2.0,1,1,2,1,1,3,1,4,28.0,2,2,5,4,4,5,4,2,0
1194,322829,2.0,4.0,2.0,2.0,2.0,2.0,3,3,2,1,1,1,2,3,40.0,1,1,2,4,4,5,4,5,20
1195,322831,1.0,4.0,2.0,4.0,3.0,5.0,4,2,3,1,1,1,2,4,42.0,3,2,2,4,2,5,2,3,36
1196,322832,2.0,4.0,2.0,2.0,3.0,2.0,1,2,2,1,1,1,1,1,10.0,2,2,1,4,1,5,4,2,0
1197,322833,2.0,4.0,2.0,2.0,2.0,4.0,2,2,1,1,1,1,1,2,13.0,3,3,1,4,3,5,3,2,32
1198,322834,1.0,4.0,1.0,1.0,2.0,3.0,4,1,1,1,1,1,2,2,15.0,2,3,4,4,4,5,4,5,0
1199,322835,2.0,3.0,3.0,4.0,3.0,4.0,2,2,1,1,4,1,2,1,17.0,2,2,2,3,2,1,2,2,32
1200,322836,1.0,5.0,2.0,2.0,2.0,2.0,2,2,3,1,1,4,2,4,43.0,4,4,5,4,4,5,4,5,0
1201,322838,2.0,5.0,2.0,2.0,2.0,5.0,2,1,3,2,1,1,2,1,17.0,1,2,1,4,4,5,3,1,30
1202,322839,1.0,4.0,2.0,2.0,2.0,4.0,1,3,3,1,2,2,2,2,43.0,2,2,2,3,3,4,3,2,36
1203,322841,2.0,4.0,2.0,2.0,3.0,4.0,3,3,2,1,1,4,2,1,36.0,2,2,1,4,4,5,4,4,38
1204,322843,1.0,5.0,2.0,2.0,2.0,4.0,1,1,3,1,1,1,2,1,11.0,1,2,3,4,4,5,4,3,0
1205,322844,1.0,5.0,2.0,2.0,2.0,3.0,4,3,3,1,1,2,2,1,29.0,2,2,3,2,2,1,2,3,0
1206,322845,2.0,5.0,1.0,1.0,2.0,3.0,2,1,2,2,1,2,2,1,18.0,1,2,5,4,4,5,4,2,0
1207,322847,1.0,4.0,2.0,2.0,3.0,5.0,3,2,2,2,3,1,2,1,22.0,1,1,1,4,3,1,4,1,20
1208,322849,2.0,5.0,2.0,2.0,2.0,4.0,1,2,2,1,1,2,2,2,23.0,2,2,2,2,2,2,2,3,0
1209,322851,2.0,4.0,1.0,1.0,2.0,2.0,2,2,2,2,1,2,2,1,20.0,2,2,5,4,4,5,4,5,20
1210,322853,2.0,4.0,2.0,2.0,2.0,2.0,1,1,2,1,1,2,2,4,28.0,1,1,5,4,4,5,4,5,20
1211,322855,1.0,5.0,2.0,2.0,2.0,2.0,1,1,1,1,1,1,2,1,4.0,2,2,4,4,4,5,4,5,0
1212,322856,1.0,6.0,1.0,1.0,2.0,3.0,1,1,2,1,1,1,2,1,12.0,2,3,3,4,4,5,4,5,0
1213,322857,1.0,5.0,2.0,2.0,2.0,3.0,2,1,3,1,1,2,2,4,37.0,2,1,3,4,4,5,4,3,0
1214,322858,2.0,4.0,2.0,2.0,3.0,2.0,3,3,3,1,1,2,2,2,34.0,3,2,3,4,4,5,3,5,10
1215,322859,1.0,5.0,2.0,2.0,2.0,5.0,4,3,3,1,2,3,2,4,65.0,3,3,5,1,4,1,4,5,0
1216,322861,1.0,5.0,2.0,2.0,3.0,4.0,1,1,2,1,1,2,1,1,9.0,3,3,5,4,4,2,4,5,0
1217,322862,2.0,5.0,2.0,2.0,2.0,2.0,1,1,2,1,3,1,2,1,10.0,2,3,2,4,4,5,4,5,0
1218,322863,2.0,5.0,1.0,1.0,2.0,3.0,1,1,1,1,1,1,2,4,23.0,1,2,1,2,2,2,2,1,0
1219,322864,1.0,5.0,3.0,4.0,2.0,3.0,2,1,3,1,1,1,2,1,11.0,1,1,3,4,4,5,4,5,7
1220,322865,1.0,5.0,2.0,2.0,2.0,4.0,1,1,2,1,1,2,1,2,15.0,1,1,3,4,4,5,3,5,0
1221,322869,2.0,3.0,2.0,2.0,2.0,3.0,1,1,1,1,4,1,1,2,9.0,2,2,5,4,3,2,3,2,38
1222,322870,2.0,4.0,2.0,2.0,3.0,3.0,1,1,1,1,1,1,2,1,2.0,2,2,5,4,4,5,4,5,0
1223,322871,1.0,5.0,2.0,2.0,3.0,5.0,3,1,3,1,1,2,2,1,19.0,1,1,1,2,1,1,2,1,40
1224,322872,2.0,5.0,2.0,2.0,2.0,2.0,1,1,2,1,1,4,2,1,18.0,5,5,5,4,4,5,4,5,0
1225,322875,2.0,4.0,2.0,2.0,2.0,5.0,1,2,3,1,1,1,2,1,21.0,2,3,4,4,4,5,4,5,0
1226,322876,1.0,4.0,3.0,4.0,3.0,4.0,2,2,3,1,2,1,2,2,21.0,2,2,4,4,4,2,3,2,38
1227,322880,1.0,4.0,1.0,1.0,2.0,2.0,2,1,3,1,1,1,2,3,32.0,2,3,3,1,4,5,4,3,0
1228,322882,1.0,5.0,2.0,2.0,3.0,3.0,1,1,2,1,2,3,1,1,12.0,4,4,5,4,4,5,4,5,9
1229,322885,2.0,4.0,2.0,4.0,2.0,2.0,4,1,3,1,2,2,2,4,38.0,2,2,4,4,3,1,4,4,0
1230,322887,1.0,5.0,2.0,2.0,2.0,3.0,2,1,3,2,1,1,2,2,21.0,2,2,5,4,4,5,4,5,0
1231,322888,2.0,4.0,2.0,4.0,2.0,1.0,2,1,3,1,2,1,2,4,32.0,5,5,5,4,4,5,4,5,7
1232,322892,2.0,4.0,2.0,2.0,2.0,2.0,2,1,1,1,1,1,1,1,7.0,2,2,2,4,4,5,4,1,20
1233,322893,1.0,4.0,1.0,1.0,3.0,2.0,4,3,3,1,1,3,2,4,56.0,3,3,2,1,3,5,4,5,12
1234,322894,1.0,4.0,3.0,4.0,2.0,4.0,1,2,2,1,1,1,2,1,11.0,3,3,4,4,4,5,4,5,36
1235,322896,1.0,4.0,3.0,4.0,3.0,5.0,2,2,3,1,1,1,2,1,25.0,2,2,5,4,4,5,4,5,40
1236,322900,1.0,5.0,2.0,2.0,2.0,3.0,2,1,3,1,1,4,2,2,37.0,2,2,2,4,4,2,4,5,0
1237,322902,1.0,4.0,2.0,2.0,2.0,5.0,2,1,2,1,1,1,2,1,9.0,2,2,2,4,3,4,2,5,40
1238,322903,2.0,4.0,1.0,1.0,2.0,3.0,1,1,1,1,1,1,1,1,5.0,4,2,5,4,4,5,4,1,0
1239,322905,2.0,6.0,3.0,4.0,2.0,4.0,1,1,1,1,1,1,2,1,4.0,1,1,5,4,4,5,4,5,0
1240,322907,1.0,4.0,3.0,4.0,2.0,4.0,4,1,3,1,1,4,2,4,49.0,2,2,3,4,3,5,3,5,40
1241,322908,2.0,4.0,2.0,4.0,2.0,3.0,1,2,2,1,1,3,2,1,20.0,2,2,2,4,3,4,4,2,13
1242,322909,2.0,4.0,3.0,4.0,2.0,3.0,2,3,1,1,1,3,2,4,67.0,1,1,3,4,4,5,4,5,32
1243,322910,1.0,5.0,2.0,2.0,2.0,4.0,1,3,2,1,1,2,2,1,22.0,2,2,2,4,4,5,4,5,0
1244,322911,1.0,4.0,2.0,2.0,2.0,5.0,4,3,3,1,1,3,1,4,82.0,1,1,1,4,1,4,3,2,40
1245,322912,1.0,4.0,2.0,2.0,3.0,5.0,1,2,2,1,1,2,2,4,31.0,1,1,2,4,4,2,2,5,36
1246,322913,2.0,4.0,1.0,1.0,2.0,4.0,2,3,2,1,2,1,2,1,19.0,1,1,1,2,1,3,2,2,24
1247,322914,2.0,4.0,2.0,2.0,3.0,2.0,3,1,2,1,1,1,2,1,14.0,2,2,3,4,4,1,4,2,6
1248,322915,1.0,4.0,3.0,4.0,3.0,2.0,2,1,3,1,2,2,1,3,26.0,2,3,2,1,1,2,1,2,24
1249,322916,1.0,4.0,1.0,1.0,2.0,4.0,4,3,3,1,3,1,1,4,38.0,2,1,4,4,4,2,4,2,38
1250,322918,2.0,4.0,1.0,1.0,2.0,3.0,1,1,1,1,1,1,2,1,5.0,1,1,1,1,1,1,1,1,32
1251,322919,1.0,2.0,3.0,4.0,3.0,5.0,3,2,3,2,4,4,2,4,289.0,1,1,1,1,1,1,1,1,40
1252,322920,2.0,5.0,1.0,1.0,2.0,2.0,1,1,1,1,2,2,2,1,14.0,5,5,5,4,4,5,4,5,0
1253,322922,1.0,4.0,2.0,4.0,3.0,5.0,2,2,3,1,2,4,2,1,34.0,2,2,2,2,2,1,2,2,32
1254,322923,1.0,4.0,3.0,4.0,3.0,3.0,2,3,3,1,1,1,2,2,24.0,1,1,1,4,1,1,3,4,28
1255,322925,2.0,4.0,2.0,2.0,3.0,5.0,2,2,2,1,1,1,2,1,10.0,2,2,1,2,2,2,2,1,36
1256,322926,2.0,6.0,2.0,4.0,3.0,2.0,2,1,2,1,1,2,2,2,18.0,3,2,5,4,4,5,4,5,0
1257,322929,2.0,5.0,1.0,1.0,3.0,4.0,4,2,2,1,1,1,1,4,28.0,2,2,2,4,1,4,2,5,0
1258,322930,1.0,5.0,1.0,1.0,2.0,3.0,3,1,2,1,1,1,1,1,10.0,3,2,2,4,1,4,3,1,0
1259,322931,1.0,4.0,3.0,4.0,3.0,4.0,2,2,2,1,1,1,2,1,11.0,1,1,1,4,1,2,1,1,36
1260,322932,1.0,4.0,1.0,1.0,2.0,2.0,4,1,1,1,1,4,2,1,23.0,2,2,3,3,2,2,3,4,0
1261,322934,1.0,4.0,2.0,2.0,2.0,3.0,1,1,1,1,1,1,2,1,6.0,2,2,3,4,4,5,4,5,20
1262,322936,2.0,5.0,1.0,1.0,2.0,2.0,2,1,2,1,1,2,2,1,16.0,1,2,2,4,2,4,2,2,0
1263,322937,1.0,4.0,2.0,2.0,3.0,5.0,4,2,2,2,2,4,2,2,43.0,1,1,2,2,2,2,3,4,36
1264,322938,1.0,4.0,1.0,1.0,2.0,3.0,1,1,2,1,1,1,1,3,15.0,4,5,5,4,4,5,4,5,0
1265,322940,1.0,5.0,2.0,2.0,3.0,4.0,4,1,1,1,1,1,2,4,49.0,3,2,5,4,4,5,4,4,1
1266,322942,1.0,5.0,1.0,1.0,2.0,3.0,1,1,1,1,1,2,2,1,11.0,1,4,4,4,4,5,3,5,0
1267,322943,1.0,4.0,1.0,1.0,2.0,4.0,1,1,1,1,1,1,2,1,4.0,2,3,2,4,4,5,4,2,0
1268,322944,1.0,4.0,1.0,1.0,2.0,2.0,1,2,2,1,3,1,2,1,15.0,4,4,4,3,3,2,3,4,38
1269,322946,1.0,4.0,2.0,2.0,2.0,4.0,1,2,2,1,1,2,2,1,17.0,2,1,2,4,4,1,2,5,30
1270,322948,1.0,4.0,1.0,1.0,2.0,3.0,3,1,2,1,1,2,1,1,13.0,1,2,2,4,4,5,3,1,40
1271,322949,2.0,5.0,1.0,1.0,3.0,3.0,3,1,3,1,1,1,2,1,20.0,5,5,5,4,4,5,4,5,0
1272,322951,1.0,5.0,1.0,1.0,3.0,3.0,3,3,1,1,1,1,1,1,15.0,1,1,1,4,4,5,4,1,0
1273,322953,1.0,4.0,2.0,2.0,2.0,3.0,1,1,1,1,1,1,2,1,3.0,2,2,4,3,3,4,3,2,0
1274,322954,1.0,4.0,2.0,2.0,2.0,3.0,1,2,3,2,4,2,2,2,39.0,1,1,1,1,2,1,1,1,38
1275,322955,1.0,4.0,2.0,2.0,2.0,4.0,4,2,3,1,3,1,2,1,26.0,1,1,1,4,2,2,2,1,40
1276,322956,1.0,5.0,1.0,1.0,2.0,4.0,1,1,2,1,1,1,2,2,12.0,2,2,5,4,4,5,4,5,0
1277,322958,2.0,4.0,2.0,2.0,2.0,1.0,1,1,1,1,2,1,2,1,11.0,1,1,4,4,4,5,4,1,0
