id,Gender,Age,Householdsize,MaritalStatus,Paidwork,Education,Income
320991,1,4,3,4,40,5,4
320992,2,1,3,4,8,6,1
320993,1,3,1,1,40,3,3
320994,1,2,4,3,4,6,4
320995,1,4,5,4,40,6,5
320996,1,4,2,2,15,5,5
320997,2,1,2,2,8,5,1
320998,1,4,2,2,40,6,4
320999,1,4,1,1,40,7,5
321000,2,3,5,3,18,6,1
321001,2,3,4,3,24,6,3
321002,1,4,2,2,0,8,4
321003,2,3,1,1,32,6,4
321004,2,3,4,3,0,6,2
321005,1,3,1,1,40,6,5
321006,2,2,1,1,40,5,3
321007,1,4,2,2,20,5,4
321008,1,5,2,2,0,2,4
321009,1,4,5,4,0,6,3
321010,1,5,2,2,10,3,5
321011,1,3,2,2,40,6,4
321012,2,2,3,3,32,5,3
321013,2,2,3,3,16,5,2
321014,2,3,1,1,13,6,2
321015,2,4,1,1,40,4,2
321016,1,4,3,4,36,3,3
321017,1,3,2,2,40,4,4
321018,1,4,2,2,40,6,5
321019,2,1,3,3,0,5,1
321020,2,3,2,2,40,6,4
321021,2,4,3,4,40,5,3
321022,1,3,1,1,36,6,5
321023,1,2,1,1,36,5,3
321024,1,1,1,1,0,7,2
321025,2,5,4,4,0,4,3
321026,2,2,3,3,0,6,4
321027,1,4,2,2,0,3,3
321028,1,3,3,4,36,6,4
321029,2,1,5,3,12,4,1
321030,1,2,2,2,40,4,4
321031,2,3,3,4,24,6,3
321032,2,1,2,2,10,7,1
321033,2,3,1,1,24,5,2
321035,2,3,2,2,20,5,1
321036,2,3,1,1,26,5,3
321037,2,1,2,2,0,4,3
321038,1,1,4,4,11,6,1
321039,1,2,3,3,40,6,5
321040,1,1,4,4,0,5,1
321041,2,1,5,4,4,4,1
321042,2,2,2,2,28,6,3
321043,1,2,3,3,36,7,5
321044,1,4,4,4,40,5,4
321045,2,2,3,3,40,5,3
321046,1,2,2,2,40,5,4
321047,2,2,2,2,40,6,4
321048,1,2,3,4,30,4,3
321049,2,3,3,4,22,6,3
321050,1,3,4,3,36,5,4
321051,2,1,4,4,10,2,1
321052,1,4,4,4,0,7,5
321053,2,1,4,4,0,1,1
321054,2,4,2,2,6,5,1
321055,2,3,1,1,32,7,4
321056,2,4,3,4,0,2,1
321057,1,1,1,1,15,6,2
321058,1,3,4,4,36,6,4
321059,2,4,5,4,9,4,4
321060,1,1,5,4,40,7,5
321061,1,3,1,1,0,5,3
321062,1,2,2,2,40,6,4
321063,1,2,1,1,38,6,4
321071,2,3,3,4,28,6,3
321072,2,4,2,4,20,2,2
321073,2,3,2,2,28,3,2
321074,2,2,4,3,0,2,2
321075,1,5,2,2,16,4,5
321076,2,1,1,1,8,6,1
321077,2,3,1,1,24,4,2
321078,2,4,2,2,32,5,4
321079,2,5,2,2,0,4,1
321080,2,4,2,2,0,4,2
321081,1,1,5,2,0,5,1
321082,1,4,6,4,0,2,2
321083,1,1,5,2,7,5,3
321084,2,4,3,4,15,5,1
321085,1,4,4,4,0,4,2
321086,1,4,4,4,40,3,4
321087,2,3,3,4,16,3,2
321088,2,2,4,3,10,5,1
321089,2,4,2,2,40,3,4
321090,2,4,1,1,0,5,2
321091,1,2,36,3,40,7,5
321092,2,2,2,2,0,7,2
321093,2,3,1,1,24,4,3
321094,1,2,2,2,38,5,4
321095,1,2,1,1,38,5,4
321096,1,3,5,3,40,4,3
321097,2,4,3,4,20,5,2
321098,2,5,2,2,0,2,4
321099,2,3,4,4,0,2,3
321100,1,4,2,2,9,2,3
321101,1,2,2,2,40,7,4
321102,1,2,1,1,16,1,2
321103,1,3,3,3,40,5,3
321104,1,2,2,2,40,5,4
321105,1,4,2,4,0,7,5
321106,1,2,2,2,40,5,4
321107,1,2,2,2,40,5,4
321108,2,5,1,1,0,3,2
321109,1,2,3,3,38,6,3
321110,1,2,1,1,40,5,4
321111,2,3,4,3,24,4,3
321112,1,5,2,2,0,7,5
321113,2,3,4,3,18,5,3
321114,2,3,1,1,20,5,3
321115,2,3,2,2,39,4,4
321116,1,3,4,3,36,6,5
321117,2,4,1,1,0,5,2
321118,1,4,2,2,5,6,3
321119,2,6,2,2,0,2,3
321120,2,3,2,2,25,2,2
321121,2,3,4,3,28,2,2
321122,2,4,2,2,24,6,5
321123,2,2,1,1,40,5,2
321124,1,3,1,1,40,6,5
321125,2,3,2,2,20,6,2
321126,1,3,3,3,0,6,1
321127,1,2,4,3,40,6,3
321128,2,6,2,2,0,3,3
321129,1,2,1,1,36,7,4
321130,2,4,3,3,10,4,2
321131,1,2,3,3,38,6,4
321132,1,3,4,3,15,5,2
321133,2,5,2,2,0,2,5
321134,2,3,2,2,36,5,3
321135,1,3,1,1,24,5,2
321136,2,4,2,2,0,3,1
321137,2,2,2,2,0,2,1
321138,2,1,1,1,5,4,1
321139,2,3,3,4,36,5,5
321140,2,4,2,2,0,3,3
321141,2,2,2,2,24,5,2
321142,2,5,2,2,0,5,4
321143,2,4,2,2,0,6,4
321144,2,4,2,2,0,3,3
321145,2,4,3,4,0,3,2
321146,1,3,1,1,30,5,3
321147,1,3,5,4,40,6,5
321148,1,3,2,2,40,5,2
321149,1,3,2,2,36,4,4
321150,2,1,2,2,0,7,3
321151,2,1,4,4,40,5,2
321152,2,3,3,3,28,3,3
321153,1,3,1,1,40,7,2
321154,1,2,4,2,40,3,3
321155,2,3,1,1,32,5,3
321156,2,4,3,4,10,5,4
321157,2,2,3,3,20,6,2
321158,1,3,4,3,40,7,5
321159,1,4,3,4,40,6,4
321160,1,4,4,4,0,5,3
321161,1,4,2,2,0,3,1
321162,2,3,4,3,32,7,4
321163,2,1,2,2,36,6,3
321164,1,4,2,2,40,3,4
321165,2,3,2,2,24,4,2
321166,2,2,1,1,30,6,2
321167,1,1,1,1,2,7,3
321168,1,4,2,2,40,6,5
321169,2,1,6,3,12,4,2
321170,2,5,2,2,0,2,3
321171,1,2,4,2,24,2,2
321172,2,3,2,2,28,7,5
321173,2,4,2,2,15,6,2
321174,2,2,2,2,4,5,2
321175,2,4,4,4,40,4,3
321176,2,3,5,3,36,7,5
321177,2,2,1,1,40,7,4
321179,1,4,2,2,0,5,3
321180,2,5,2,4,0,3,4
321181,2,3,2,2,0,5,1
321182,1,3,3,3,40,6,5
321183,2,1,2,2,0,5,2
321184,1,5,1,1,32,3,2
321185,2,4,2,2,0,3,1
321186,1,3,6,3,36,5,4
321187,1,5,3,2,0,3,3
321188,1,5,1,1,0,5,2
321189,1,3,1,1,40,5,3
321190,2,3,6,3,38,7,5
321191,2,1,4,4,12,4,1
321193,1,4,2,2,40,4,4
321194,2,2,1,1,32,6,3
321195,1,5,2,2,0,4,4
321196,2,2,1,1,0,6,2
321197,1,4,1,1,36,5,3
321198,1,3,3,3,40,6,5
321199,1,4,2,2,0,6,4
321200,2,5,1,1,0,3,2
321201,2,4,2,2,0,9,4
321202,2,4,2,2,3,3,1
321203,2,2,4,3,16,2,2
321204,2,3,4,4,36,6,4
321205,2,1,10,2,0,7,1
321206,2,4,2,2,0,3,1
321207,1,4,2,2,8,6,4
321208,1,2,5,3,40,5,4
321209,2,2,4,3,30,6,3
321210,1,4,1,1,36,6,5
321211,2,1,4,4,10,7,2
321212,2,2,5,3,28,6,3
321213,1,1,2,2,36,6,4
321214,2,3,3,3,16,6,3
321215,2,2,3,3,20,6,3
321216,2,4,2,2,0,3,4
321217,2,2,2,2,40,7,3
321218,2,4,2,2,30,6,3
321219,1,4,2,2,30,5,3
321220,1,3,2,2,40,5,4
321221,1,3,1,1,40,2,4
321222,1,3,1,1,40,6,4
321223,1,5,1,1,0,1,2
321224,2,3,4,4,6,5,1
321225,2,3,4,3,0,5,4
321226,1,1,3,4,16,6,1
321227,1,5,2,2,0,3,5
321228,2,4,2,2,0,2,2
321229,1,1,2,2,40,5,4
321230,1,3,3,3,40,6,5
321231,1,2,2,2,40,6,4
321232,1,2,2,2,32,5,3
321233,2,4,2,2,32,6,5
321234,2,3,4,3,0,6,2
321235,2,2,3,2,32,5,4
321236,2,4,2,2,0,6,4
321237,2,2,4,3,0,6,1
321238,1,2,5,3,40,7,5
321239,1,2,1,1,0,6,1
321240,1,2,4,3,40,6,3
321241,1,2,2,2,40,6,4
321242,2,3,1,1,38,3,4
321243,1,1,3,4,10,4,1
321244,1,3,2,2,40,7,5
321245,1,2,3,3,32,6,4
321246,2,3,3,3,32,6,3
321247,2,5,2,2,0,3,2
321248,1,1,3,2,6,3,1
321249,2,4,2,2,28,5,3
321250,2,2,2,2,24,7,2
321251,2,5,2,4,0,3,4
321252,2,2,2,2,40,6,4
321253,1,3,2,2,40,2,3
321254,2,2,2,2,28,5,3
321256,2,4,4,2,40,4,3
321257,2,3,3,4,0,4,2
321258,2,2,0,2,40,7,5
321275,2,1,2,2,40,6,4
321276,2,3,5,3,24,5,2
321277,2,6,2,4,0,5,3
321278,2,1,1,1,40,6,2
321279,2,4,2,2,32,6,3
321280,2,4,3,4,15,5,2
321281,2,2,2,2,30,6,4
321282,2,2,2,2,40,3,3
321283,2,4,2,2,0,2,3
321284,1,3,3,3,36,6,5
321286,2,2,2,2,40,6,3
321287,2,1,2,2,30,5,2
321288,1,2,1,1,36,6,2
321289,1,1,2,4,0,7,1
321290,2,1,4,4,30,5,2
321291,1,3,3,3,40,5,4
321292,2,2,2,2,36,5,4
321293,2,1,2,3,30,5,2
321317,1,2,1,1,30,6,3
321318,2,3,3,4,36,7,5
321319,2,4,1,1,0,5,4
321320,1,4,3,4,32,7,5
321321,2,4,1,1,32,5,3
321341,2,4,2,2,12,4,1
321342,1,5,2,2,20,5,4
321343,2,3,3,4,0,5,2
321344,1,3,1,1,37,5,3
321345,1,4,1,1,40,5,4
321346,2,4,2,4,0,5,2
321347,1,2,2,2,40,6,4
321348,1,4,4,4,0,5,2
321349,1,4,2,2,0,5,3
321350,1,3,3,3,36,6,4
321351,2,5,1,1,0,4,1
321352,2,2,2,2,36,5,3
321353,1,3,1,1,32,2,2
321354,1,4,2,2,0,2,3
321355,2,4,1,1,0,5,2
321356,2,4,3,4,0,6,4
321357,2,3,1,1,0,2,2
321358,2,3,2,2,38,6,4
321359,1,2,2,2,10,6,1
321360,2,4,1,1,0,2,2
321361,1,1,7,4,40,3,1
321362,1,4,2,2,30,7,2
321363,2,2,4,3,40,5,3
321364,1,3,1,1,32,1,2
321365,1,4,3,4,36,2,4
321366,2,3,3,3,0,3,2
321367,2,3,4,4,0,5,2
321368,1,4,4,4,5,7,4
321369,2,4,2,3,0,2,1
321370,1,2,2,2,36,4,4
321371,2,4,2,4,0,5,2
321372,2,4,3,4,6,5,2
321373,1,3,1,1,40,6,4
321374,2,2,2,2,40,7,4
321375,1,2,4,3,40,5,4
321376,1,3,4,4,40,5,3
321377,1,4,1,1,24,7,3
321378,2,2,2,2,36,3,2
321379,2,4,3,4,24,6,3
321380,1,4,2,4,0,4,4
321381,1,2,2,2,36,5,3
321382,2,2,3,3,1,5,1
321383,2,3,4,3,26,3,2
321384,2,2,5,3,0,5,2
321385,1,3,2,2,38,6,4
321386,1,1,1,1,20,5,2
321387,1,3,2,2,40,5,3
321388,1,3,4,4,36,5,5
321389,2,2,1,1,40,4,4
321390,2,4,1,1,25,2,3
321391,1,3,4,4,28,5,3
321392,2,1,2,2,40,7,3
321393,2,2,3,3,24,6,3
321394,2,2,5,3,0,5,3
321395,2,2,4,3,16,6,2
321396,2,5,1,1,0,3,2
321397,2,2,1,1,36,7,3
321398,2,3,2,2,0,2,1
321399,2,5,2,2,0,3,2
321400,2,4,4,4,16,5,2
321401,2,3,2,2,0,6,2
321403,1,2,2,2,36,6,4
321404,1,3,4,3,40,6,4
321405,2,4,2,4,36,5,3
321406,2,3,4,3,40,4,3
321407,1,4,3,4,40,6,4
321408,1,2,5,3,40,5,3
321409,2,6,1,1,0,2,2
321410,2,1,1,1,40,2,4
321411,1,3,1,1,32,4,3
321412,1,3,2,2,0,5,2
321413,1,4,2,2,0,4,4
321414,1,3,4,4,40,5,4
321415,2,3,1,1,36,5,3
321416,2,1,2,2,0,5,2
321417,1,3,1,1,36,4,4
321418,2,3,4,4,20,5,2
321419,1,4,1,1,0,2,3
321420,2,3,4,3,38,5,5
321421,1,3,3,3,40,4,4
321422,1,3,3,3,40,6,4
321423,1,4,2,2,40,6,5
321424,2,4,1,1,30,3,2
321425,1,5,2,2,0,3,4
321426,1,3,1,1,32,6,4
321427,1,5,2,2,0,5,4
321428,1,2,3,3,40,6,3
321429,2,4,2,2,4,3,4
321430,2,4,2,4,24,2,2
321431,1,2,2,2,40,7,4
321432,1,3,6,3,38,2,4
321433,1,4,3,3,40,2,4
321436,2,4,2,4,15,5,2
321437,2,4,2,2,32,6,4
321438,2,2,4,4,0,7,1
321439,2,3,2,4,0,4,3
321440,2,2,4,2,16,6,2
321441,2,1,3,3,40,5,4
321442,1,6,2,2,0,3,5
321443,1,2,2,2,40,3,3
321444,2,2,6,3,10,5,2
321445,2,3,2,2,0,6,3
321446,1,2,2,2,0,6,2
321447,1,4,2,2,0,6,3
321448,1,4,2,2,36,4,4
321449,1,3,4,3,0,3,3
321450,1,3,3,4,12,6,3
321451,2,3,3,3,20,4,2
321452,1,3,4,3,40,7,5
321453,2,4,3,4,0,3,1
321454,1,3,3,4,0,3,3
321455,1,5,2,2,0,6,3
321456,1,3,4,3,40,5,4
321457,1,4,4,4,40,2,3
321458,2,1,2,2,8,6,1
321459,1,2,1,1,40,3,3
321460,2,5,2,4,0,4,2
321461,2,3,3,4,20,5,2
321462,2,2,1,1,0,4,2
321463,2,2,2,2,40,5,4
321464,2,1,2,2,15,6,1
321465,2,3,2,2,32,7,4
321466,2,4,1,1,12,4,3
321467,2,4,2,2,0,3,4
321468,1,4,3,3,30,5,3
321469,2,2,1,1,0,5,2
321470,2,4,2,2,0,6,2
321471,2,2,2,3,9,5,3
321472,2,2,2,2,15,5,2
321473,2,3,2,2,0,5,1
321474,1,5,2,4,0,5,4
321475,1,2,4,3,40,5,4
321476,1,4,3,4,40,6,5
321477,2,4,3,4,8,5,1
321478,1,3,5,4,36,4,3
321479,2,1,2,2,40,5,3
321480,1,4,3,4,40,6,5
321481,2,4,2,2,0,4,2
321482,1,2,3,3,36,5,4
321483,2,2,4,3,20,6,2
321484,1,5,2,2,8,6,5
321485,1,2,2,2,40,5,3
321486,2,4,2,2,0,3,1
321487,1,3,5,3,36,6,4
321488,1,3,5,4,40,4,5
321489,2,1,2,2,22,6,2
321490,2,3,4,3,17,3,2
321491,1,4,5,4,0,5,2
321492,1,1,4,4,38,6,4
321493,2,1,3,2,12,7,4
321494,2,4,3,4,0,3,5
321495,2,3,3,3,10,6,1
321496,2,5,2,2,0,3,4
321498,2,1,6,4,0,4,1
321499,2,3,1,1,0,6,3
321500,2,4,3,4,24,5,3
321501,2,5,2,2,0,2,2
321502,2,2,2,2,36,4,3
321503,1,3,4,3,40,2,3
321505,2,3,2,2,30,7,5
321506,2,1,4,4,8,6,1
321507,2,4,2,2,18,6,2
321508,1,3,2,2,32,5,3
321509,1,4,2,2,36,2,3
321510,2,2,3,4,30,5,3
321511,1,5,2,2,0,3,3
321512,2,2,2,2,36,6,4
321513,1,4,2,2,36,2,3
321514,1,4,2,4,40,5,4
321515,2,3,2,2,0,2,4
321516,2,3,1,1,32,5,2
321517,2,2,4,3,24,5,3
321518,1,4,5,4,40,5,4
321519,2,2,1,1,20,5,2
321520,1,4,3,4,40,6,5
321521,1,3,1,1,0,5,2
321522,2,3,2,4,0,2,3
321523,2,6,2,2,0,5,3
321524,2,3,2,2,40,5,4
321525,1,2,2,2,40,6,5
321526,2,4,2,2,0,2,3
321527,1,4,2,2,0,2,2
321528,2,4,2,4,40,6,5
321529,1,2,1,1,5,4,5
321530,1,2,2,2,40,5,4
321531,2,3,4,4,18,6,3
321532,2,3,41,4,3,5,1
321533,2,1,4,4,6,6,1
321534,2,3,4,3,24,3,3
321536,2,1,3,2,12,6,1
321537,2,2,1,1,0,5,2
321538,2,3,1,1,36,5,4
321539,1,4,1,1,0,2,3
321540,2,4,2,4,0,4,4
321541,2,4,1,1,38,6,2
321542,2,3,2,4,32,5,2
321543,1,5,2,2,0,6,4
321544,1,3,2,2,40,6,5
321545,1,2,1,1,36,6,4
321546,1,2,3,3,36,6,4
321547,1,4,1,1,0,6,5
321549,2,4,4,4,0,5,5
321550,2,4,1,1,0,2,2
321551,2,1,4,4,32,6,1
321552,1,1,2,2,36,4,4
321553,1,3,4,3,40,7,3
321554,1,4,1,1,0,3,2
321555,2,4,4,4,24,6,3
321556,2,3,4,3,40,6,4
321557,2,4,3,3,10,6,2
321558,1,3,1,1,32,4,4
321559,1,3,2,2,40,4,5
321560,1,2,1,1,0,2,2
321561,2,1,2,2,0,5,2
321562,1,2,4,3,36,6,4
321563,1,3,2,2,36,5,4
321564,1,3,1,1,40,2,4
321565,2,4,2,2,0,3,2
321566,1,2,4,3,40,7,4
321567,2,1,3,2,3,6,2
321568,1,2,2,2,40,6,4
321569,2,1,2,2,25,7,3
321570,2,2,2,2,40,7,4
321572,1,4,3,4,40,6,5
321573,2,3,4,4,32,5,4
321574,1,4,1,1,24,6,2
321575,2,2,3,3,18,5,2
321576,1,4,4,4,40,5,5
321577,1,3,2,2,38,2,3
321578,2,3,4,4,30,7,3
321579,1,3,3,3,36,6,3
321580,2,4,1,1,0,5,3
321581,2,4,3,4,15,3,2
321582,1,3,1,1,0,4,2
321583,1,4,1,1,0,5,3
321584,1,3,4,4,36,5,5
321585,2,4,2,2,25,5,5
321586,2,3,5,3,40,5,3
321587,1,3,3,3,38,5,3
321588,1,4,2,2,40,6,5
321589,2,4,2,2,24,2,3
321590,1,4,1,1,0,3,2
321591,2,1,5,4,10,4,2
321592,1,2,4,3,33,6,4
321593,1,4,2,2,24,4,4
321594,1,4,1,1,38,7,5
321595,1,3,5,3,40,6,4
321596,2,2,2,2,22,6,2
321597,1,3,4,2,32,6,2
321598,2,3,2,4,0,5,2
321599,1,2,3,3,40,6,3
321601,1,3,1,1,20,6,2
321602,2,1,3,4,30,5,1
321603,2,1,1,1,40,5,3
321604,1,2,2,2,40,6,4
321605,2,3,4,3,24,5,2
321606,2,3,3,4,1,1,1
321607,2,2,2,2,36,6,3
321608,1,3,2,2,36,3,3
321609,2,1,1,1,10,7,1
321610,2,4,2,2,0,5,3
321611,2,4,1,1,6,6,2
321612,1,4,2,2,24,4,3
321613,1,4,2,2,0,6,4
321614,2,3,5,3,20,4,2
321615,2,2,2,2,30,5,2
321616,2,1,7,4,15,6,1
321617,1,1,3,4,30,5,2
321618,2,4,4,4,20,6,1
321619,1,5,2,2,0,6,4
321620,2,4,2,4,0,3,2
321621,2,5,2,2,0,6,4
321622,1,2,3,3,32,5,4
321623,2,3,2,2,0,5,2
321624,2,4,2,4,0,3,1
321625,2,1,2,2,32,5,3
321626,2,1,1,1,32,6,1
321627,1,2,4,3,40,4,4
321628,1,4,1,1,36,2,3
321629,1,2,2,2,40,7,5
321630,1,2,2,2,40,7,4
321631,2,1,2,2,36,5,3
321632,1,5,4,4,0,6,4
321633,2,4,2,2,0,3,1
321634,2,1,2,2,32,5,2
321635,1,6,2,2,0,5,4
321636,2,4,2,2,0,3,3
321637,2,2,3,3,24,4,3
321638,2,2,1,1,40,4,3
321639,1,3,3,3,38,6,5
321640,2,4,4,4,20,5,2
321641,1,4,2,2,0,6,5
321642,2,3,4,3,16,6,2
321643,1,4,3,4,40,7,5
321644,2,2,1,1,25,5,2
321645,2,1,3,4,8,6,1
321646,1,2,2,2,32,5,3
321647,1,1,5,3,40,3,4
321648,1,2,4,4,40,6,5
321649,2,1,4,4,35,6,4
321650,1,4,4,4,36,4,5
321651,1,4,3,4,36,2,4
321652,2,1,4,4,15,2,2
321653,2,3,2,4,0,2,3
321654,2,3,5,3,0,4,1
321655,1,1,2,4,12,4,1
321656,1,3,1,1,40,5,3
321657,2,3,5,3,38,6,3
321658,2,3,2,4,32,5,3
321659,1,1,3,3,40,7,4
321660,1,3,1,1,0,6,2
321661,2,2,2,2,40,5,3
321662,1,1,2,2,40,4,3
321663,2,4,3,4,40,2,3
321664,2,2,2,2,0,5,4
321665,1,4,1,1,13,5,1
321666,1,5,2,2,0,3,5
321667,1,3,2,2,40,7,5
321668,1,4,2,2,0,2,1
321669,1,4,3,4,32,5,3
321670,1,3,2,4,36,4,4
321671,2,4,2,2,0,2,1
321672,1,3,4,4,40,1,3
321673,2,2,2,2,20,6,2
321674,2,4,2,2,0,2,1
321675,2,3,3,4,28,5,3
321676,2,2,1,1,32,7,2
321677,1,5,2,2,0,5,5
321678,2,2,3,3,28,6,3
321679,2,2,2,2,38,6,3
321680,1,4,1,1,0,2,3
321681,1,4,1,1,32,5,4
321682,2,2,2,2,36,7,3
321683,2,3,5,4,0,6,4
321684,2,3,4,4,32,5,3
321685,2,3,4,3,32,5,2
321686,1,2,1,1,40,2,3
321688,1,1,4,4,0,4,1
321689,2,3,4,4,16,3,2
321690,1,2,3,4,19,5,1
321691,1,3,4,3,40,6,5
321692,1,3,4,3,40,6,5
321693,2,5,2,4,0,3,5
321694,1,4,2,2,40,5,4
321695,2,1,1,1,15,4,2
321696,2,1,1,1,20,6,4
321697,2,1,2,2,12,7,1
321698,1,4,1,1,40,5,5
321699,1,3,2,2,40,6,5
321700,2,5,2,2,0,4,2
321701,1,1,1,1,40,6,4
321702,1,3,4,3,40,6,4
321703,2,1,5,2,4,6,1
321704,2,3,4,4,20,5,5
321705,2,4,2,2,20,5,1
321706,1,3,1,1,8,5,1
321707,2,3,2,3,32,7,5
321708,1,4,2,2,40,6,5
321709,2,5,2,2,0,5,1
321710,2,1,4,2,4,6,1
321711,2,1,1,1,18,4,2
321712,1,3,3,4,40,5,3
321713,2,3,5,3,22,4,3
321714,1,3,6,3,36,6,4
321715,2,1,3,4,0,7,1
321716,1,3,3,3,40,6,4
321717,2,2,2,2,32,5,3
321718,2,1,2,2,30,6,3
321719,1,2,4,3,36,5,5
321720,2,3,4,3,15,5,2
321721,1,2,3,3,40,6,4
321722,1,1,1,1,32,5,3
321723,1,4,2,2,0,6,3
321724,2,3,2,2,12,5,1
321725,1,1,5,4,10,7,1
321726,1,2,1,1,40,6,5
321727,2,4,2,2,12,2,1
321728,1,3,4,3,40,5,2
321729,1,5,2,2,2,6,5
321733,2,3,4,3,38,3,3
321734,2,2,2,2,30,5,2
321735,1,5,4,4,8,6,5
321736,1,6,2,4,0,5,5
321738,2,2,2,2,40,6,3
321764,2,3,3,4,0,4,2
321765,2,2,3,3,36,6,4
321766,2,4,2,2,26,4,4
321767,2,3,2,2,32,6,4
321768,1,2,4,3,40,4,3
321769,2,2,3,3,27,5,3
321771,1,4,1,1,20,3,2
321772,2,1,1,1,40,5,3
321773,2,2,2,2,39,7,4
321774,2,3,3,4,36,6,4
321775,2,2,2,2,22,7,2
321776,2,4,4,4,0,5,1
321777,2,3,1,1,0,5,2
321778,1,3,1,1,40,6,5
321779,2,4,5,4,0,6,4
321780,1,4,2,2,0,6,3
321781,2,3,2,2,36,4,5
321782,1,1,2,2,32,4,2
321783,2,3,5,4,32,6,2
321784,1,4,2,2,10,5,4
321785,1,3,3,3,24,7,3
321786,1,1,2,2,36,5,4
321787,2,4,3,4,3,4,1
321788,2,2,4,3,36,6,5
321789,2,2,1,1,24,7,2
321791,1,4,3,3,40,4,4
321792,2,1,2,2,40,6,3
321793,1,4,2,2,36,3,3
321794,1,4,2,2,0,5,3
321795,1,2,1,1,40,5,3
321796,1,3,1,1,40,2,4
321797,2,1,2,2,0,5,2
321798,1,2,4,3,40,6,5
321799,2,3,4,4,16,5,2
321800,2,3,1,1,20,5,3
321801,2,3,2,2,40,7,5
321802,2,3,4,3,28,5,3
321803,2,3,3,1,27,2,2
321804,1,4,5,4,0,6,5
321805,2,4,5,4,0,4,4
321806,2,3,4,4,32,2,3
321807,2,3,4,4,11,5,1
321808,2,1,4,4,0,4,1
321809,2,2,6,4,32,6,2
321810,2,3,2,2,21,5,2
321811,2,3,2,2,8,5,2
321812,1,2,3,3,32,6,5
321813,2,3,2,2,20,4,3
321814,2,1,4,3,10,6,1
321815,1,4,1,1,0,5,3
321816,2,3,3,4,40,5,3
321817,2,1,3,2,6,7,1
321818,2,4,2,4,32,6,4
321819,1,2,4,3,40,4,4
321820,2,3,4,3,24,6,3
321821,2,2,2,2,40,7,4
321822,2,2,2,2,40,6,4
321823,2,1,1,1,10,7,1
321824,2,3,8,3,15,4,2
321825,2,2,5,3,20,7,1
321826,1,2,1,1,38,5,3
321827,2,3,1,1,32,6,4
321828,1,4,2,2,32,6,5
321829,2,2,5,3,28,5,4
321830,2,4,4,4,6,6,1
321831,1,2,3,3,40,6,3
321832,2,1,6,3,0,7,1
321833,1,2,1,1,40,4,4
321834,2,3,3,3,28,7,4
321835,1,4,1,1,36,5,4
321836,2,2,2,2,40,6,3
321837,1,2,2,2,27,6,5
321839,2,4,2,4,15,3,3
321840,2,4,3,4,38,6,5
321841,2,1,1,1,0,7,2
321842,2,2,1,1,40,7,4
321843,2,1,2,2,8,5,2
321844,1,4,2,2,0,3,4
321845,1,4,2,2,0,5,3
321846,2,3,1,1,32,5,3
321848,1,4,2,2,40,4,3
321849,2,4,2,4,0,6,5
321850,1,4,3,4,36,3,3
321851,1,3,4,4,36,4,4
321852,1,3,2,2,40,5,3
321853,1,4,7,4,40,6,5
321854,2,3,1,1,32,7,4
321855,2,2,2,3,10,5,2
321856,2,2,4,3,40,6,5
321857,2,2,1,1,38,7,4
321858,1,3,4,4,38,7,5
321859,1,4,3,3,32,4,3
321860,2,4,2,4,0,5,5
321861,1,2,2,2,38,6,3
321862,2,1,5,2,0,7,2
321863,1,3,4,3,36,6,5
321864,2,3,4,3,18,7,3
321865,2,2,3,3,40,7,4
321866,1,4,2,2,8,3,3
321867,1,2,2,2,40,6,5
321868,2,2,2,2,24,4,2
321869,2,2,4,3,0,2,3
321870,1,4,2,2,15,5,5
321872,1,2,1,1,0,4,1
321873,1,3,4,3,32,7,4
321874,1,2,3,3,40,7,3
321875,1,4,2,2,38,2,3
321876,2,3,6,4,0,2,3
321877,2,3,4,4,0,6,4
321878,1,2,3,3,40,3,3
321879,1,5,2,2,0,6,5
321880,2,1,2,2,28,5,3
321881,2,2,2,2,38,6,3
321882,1,2,3,3,40,5,3
321883,2,4,2,2,8,4,1
321884,2,4,3,4,0,6,4
321886,2,4,2,4,0,3,5
321887,2,3,3,4,10,2,1
321888,1,2,4,3,40,7,4
321889,2,4,2,2,0,4,1
321890,2,4,1,1,0,5,2
321891,2,3,4,4,28,6,4
321892,2,2,4,3,0,6,2
321893,2,3,1,1,20,2,1
321894,2,3,3,3,25,6,3
321895,1,2,3,3,40,6,4
321896,2,2,2,2,20,6,3
321897,2,3,3,4,5,2,1
321898,1,4,2,2,36,3,5
321899,1,4,5,3,14,6,4
321900,2,3,1,1,0,6,2
321901,2,2,3,3,24,5,3
321902,1,4,4,3,38,5,4
321903,2,2,1,1,20,5,2
321904,2,2,1,1,22,5,2
321905,2,4,1,1,38,6,4
321906,1,3,4,3,40,5,4
321907,2,4,2,2,0,6,4
321908,1,3,2,2,32,6,3
321909,2,4,3,4,40,6,1
321910,2,3,3,3,24,6,4
321911,2,2,3,3,27,5,3
321912,1,4,2,4,4,5,3
321913,1,3,4,3,32,6,4
321914,1,3,4,3,36,5,4
321915,2,3,4,4,26,3,1
321916,1,3,1,4,38,1,2
321919,1,1,4,4,0,4,1
321920,2,1,4,4,10,7,1
321921,1,4,3,4,25,5,4
321922,1,2,2,2,40,4,5
321923,2,2,4,3,0,5,2
321924,1,2,3,3,0,7,1
321925,1,1,4,4,40,6,3
321926,2,4,2,4,18,3,2
321927,1,3,5,3,28,5,3
321928,2,4,2,2,0,3,1
321929,2,1,1,1,12,4,1
321930,2,4,1,1,24,6,3
321933,1,4,1,1,34,6,3
321934,2,3,1,1,36,4,4
321935,2,3,4,3,6,5,1
321936,2,3,2,2,22,3,4
321937,2,2,1,1,40,7,4
321938,2,4,2,2,40,6,5
321940,1,2,2,2,40,5,3
321941,1,4,1,1,0,3,2
321942,2,5,2,2,0,4,3
321943,2,3,4,4,36,5,3
321944,2,2,4,2,37,6,3
321945,2,5,2,2,0,6,3
321946,1,1,1,1,40,2,4
321947,1,3,4,4,40,5,4
321948,2,2,2,2,40,6,3
321949,2,2,1,1,28,5,3
321950,2,3,2,2,0,6,1
321951,1,4,1,1,0,5,2
321952,1,4,2,2,0,5,3
321953,1,1,4,4,7,5,1
321954,1,4,1,1,0,5,3
321955,1,3,4,3,40,5,4
321956,2,2,5,3,3,6,1
321957,1,1,1,1,4,7,1
321958,1,1,3,4,10,5,1
321959,1,1,4,2,32,7,4
321960,2,3,38,3,20,2,3
321961,1,4,2,2,40,5,3
321962,1,3,2,2,38,5,3
321963,1,4,2,2,0,6,4
321964,2,4,1,1,0,3,3
321965,2,3,1,1,40,7,2
321966,1,3,1,1,40,6,5
321967,2,2,1,1,0,6,2
321968,2,2,4,3,10,2,2
321969,2,3,5,3,6,7,2
321970,2,4,2,2,0,5,4
321971,2,5,2,2,0,4,4
321972,2,4,5,4,0,5,1
321973,2,2,1,1,30,6,1
321974,2,2,5,3,0,7,1
321976,1,1,7,1,36,4,3
321978,2,2,4,3,28,6,3
321979,2,4,2,2,0,3,4
321980,2,3,4,3,10,5,2
321981,1,4,2,2,0,3,1
321982,2,3,3,4,27,5,3
321983,2,2,3,3,20,6,2
321984,2,4,2,2,40,5,5
321985,2,4,2,4,20,2,1
321986,1,2,2,2,40,6,4
321987,1,5,2,2,0,2,4
321988,2,3,2,2,9,6,1
321989,2,3,2,2,20,5,2
321990,1,3,4,3,38,5,3
321991,2,5,2,2,0,3,4
321992,2,4,4,4,16,5,2
321993,1,1,2,2,40,6,3
321994,1,5,2,2,5,7,5
321995,1,6,2,2,0,5,3
321996,1,2,3,2,0,6,2
321997,2,2,1,1,34,7,3
321998,2,3,2,3,34,5,4
321999,2,4,2,4,0,4,5
322000,2,4,4,4,24,4,3
322001,1,1,2,2,28,4,2
322002,2,4,2,2,24,5,3
322004,2,4,2,2,36,6,4
322005,2,4,2,2,20,2,1
322006,2,3,4,4,40,3,3
322007,1,1,5,4,12,2,1
322008,2,2,6,3,0,7,1
322009,2,4,2,2,0,5,4
322010,1,2,1,1,38,5,3
322011,1,3,2,2,40,5,5
322012,1,3,3,3,0,4,3
322013,2,4,2,2,16,5,4
322014,2,3,1,1,40,7,3
322015,1,4,2,2,38,3,4
322016,1,3,3,4,0,2,2
322017,1,1,5,4,40,2,3
322018,1,3,4,3,40,5,2
322019,1,4,1,1,0,4,3
322020,2,4,2,2,4,3,5
322021,1,1,1,1,40,6,5
322022,1,4,2,2,36,4,3
322023,1,3,4,3,32,6,5
322024,1,2,4,4,40,4,4
322025,1,3,1,1,40,7,5
322026,2,3,1,1,28,5,2
322027,2,3,1,1,0,4,3
322028,1,4,3,3,40,4,5
322029,2,2,5,3,25,5,2
322030,2,4,3,4,14,5,2
322031,1,2,1,1,8,6,2
322032,2,3,2,4,36,5,3
322033,1,1,3,4,5,6,2
322034,1,2,2,2,40,6,4
322035,1,4,4,4,40,6,5
322036,1,1,2,2,40,6,4
322037,2,4,1,1,32,5,3
322038,1,1,0,1,20,5,1
322039,2,4,2,2,0,6,3
322040,1,4,5,3,40,3,4
322041,2,2,3,3,40,5,4
322042,1,1,1,1,36,5,3
322043,1,2,4,3,38,2,4
322044,1,2,1,1,0,7,1
322045,1,1,3,4,4,4,1
322046,1,2,3,3,38,7,4
322047,2,3,3,4,24,5,3
322048,1,5,2,2,0,5,3
322049,2,5,1,1,0,4,3
322050,1,3,2,2,32,4,4
322052,1,3,2,4,40,5,3
322053,2,3,4,3,0,7,1
322054,1,5,2,2,8,5,5
322055,2,3,4,4,32,5,3
322056,2,5,2,2,24,5,3
322057,1,4,3,3,38,6,4
322058,1,3,4,3,38,6,4
322059,1,2,2,2,40,4,3
322060,1,2,2,2,40,6,4
322061,2,4,2,2,0,5,4
322062,1,5,2,2,0,3,4
322063,1,1,4,4,10,7,2
322064,2,2,3,3,40,7,3
322065,2,3,3,3,0,1,2
322066,1,1,4,4,12,6,2
322067,2,4,4,1,0,2,3
322068,1,3,2,2,40,7,5
322069,1,3,1,1,24,7,4
322070,2,4,2,2,32,4,3
322071,1,1,3,4,0,4,1
322072,2,3,5,3,12,6,1
322073,2,3,2,4,3,5,2
322074,2,4,1,1,40,5,4
322075,1,4,3,4,30,6,5
322076,1,2,1,1,38,5,3
322077,2,3,4,4,23,6,3
322078,1,1,3,4,36,6,3
322079,1,4,1,1,40,2,4
322080,1,1,4,2,20,5,1
322081,2,3,1,1,2,5,1
322082,1,4,2,2,12,5,2
322084,1,2,3,2,8,7,2
322085,1,1,1,1,0,7,1
322086,2,3,3,4,15,6,2
322087,1,2,1,1,20,5,1
322088,2,4,1,1,20,2,2
322090,1,4,1,1,0,5,3
322091,2,3,2,2,40,5,4
322092,2,4,2,2,24,3,2
322093,2,3,4,4,26,2,1
322094,1,4,2,2,0,6,5
322095,2,3,2,2,0,7,4
322096,1,1,5,4,6,6,1
322097,2,3,4,4,24,6,3
322098,2,4,1,1,24,7,3
322099,2,4,3,4,32,5,3
322100,1,2,2,2,0,5,2
322101,1,1,3,4,40,5,4
322102,1,4,1,1,0,4,2
322103,1,1,2,2,26,5,1
322104,1,2,2,2,0,7,2
322105,2,3,2,3,24,4,2
322106,2,2,2,2,40,6,4
322107,1,3,4,3,36,5,4
322108,1,4,5,4,40,5,4
322109,1,4,2,2,20,5,2
322110,1,1,3,3,40,5,4
322111,1,3,1,1,0,3,2
322112,2,3,2,2,8,7,1
322113,1,1,5,2,40,7,2
322114,1,4,3,4,0,2,2
322115,1,2,3,4,20,5,3
322116,1,4,1,1,0,5,2
322117,2,3,2,2,20,4,3
322118,2,3,3,3,14,5,1
322119,1,4,1,1,16,5,3
322120,2,4,4,4,0,5,3
322121,2,4,3,4,24,3,2
322122,2,4,1,1,32,5,3
322123,1,5,2,2,0,5,3
322125,2,4,2,4,32,6,4
322126,2,3,3,3,12,3,1
322127,1,1,1,1,24,2,2
322128,1,3,3,2,0,6,2
322129,1,4,2,2,0,6,5
322130,1,2,2,2,40,5,4
322131,2,2,2,2,38,7,5
322132,2,4,2,2,8,2,1
322133,1,2,2,3,32,7,4
322134,1,2,1,1,40,6,5
322135,1,3,5,4,40,6,4
322136,2,4,1,1,40,3,3
322137,1,4,1,1,0,5,2
322138,2,4,4,4,40,6,4
322139,1,3,4,4,40,5,4
322140,2,4,2,2,24,5,3
322141,2,3,3,4,35,1,3
322142,1,1,2,2,30,4,3
322143,2,5,2,2,12,7,5
322144,2,4,2,2,0,6,2
322145,1,5,2,2,6,4,3
322146,2,3,4,3,20,5,2
322147,1,1,2,2,10,6,2
322148,2,2,2,2,36,5,3
322149,2,3,4,3,2,5,1
322150,1,3,1,1,40,4,1
322151,1,2,2,2,40,6,4
322152,2,3,1,1,36,6,4
322153,2,3,1,1,0,5,2
322154,1,3,5,3,40,5,5
322155,2,4,2,2,40,6,5
322156,1,3,3,3,38,3,5
322157,1,4,2,2,36,5,4
322158,2,5,2,2,0,3,2
322159,1,1,1,1,5,7,1
322160,2,4,4,4,0,5,2
322161,1,2,2,2,40,6,4
322162,2,3,5,4,0,2,4
322163,1,2,3,3,0,3,3
322165,2,2,4,3,0,5,1
322166,1,1,5,4,0,7,1
322167,1,3,4,3,40,6,4
322168,2,3,2,4,36,3,4
322169,1,5,4,4,18,6,3
322170,1,3,2,2,36,6,4
322171,1,2,2,2,38,4,3
322172,2,4,1,1,0,4,2
322173,2,3,1,1,40,6,4
322174,1,4,2,2,0,5,3
322175,2,2,4,3,38,5,3
322176,2,4,2,2,0,3,4
322177,2,2,4,3,30,5,3
322178,2,4,2,4,36,5,3
322179,2,4,3,4,15,4,2
322180,2,3,3,3,24,6,3
322181,1,3,3,3,30,5,2
322182,1,4,2,2,10,4,4
322183,1,1,1,1,21,7,2
322186,1,4,1,1,38,2,3
322187,1,4,2,2,40,6,5
322188,2,2,3,3,7,5,1
322189,1,2,4,3,40,2,3
322190,2,3,2,2,32,6,4
322191,1,3,3,4,36,5,4
322192,1,1,3,2,8,4,1
322193,1,1,5,4,9,4,1
322194,1,4,2,2,15,7,5
322195,2,4,4,4,0,5,1
322196,2,4,2,4,0,2,1
322197,1,5,2,2,0,4,3
322198,2,3,2,2,0,3,1
322199,1,3,2,3,38,6,4
322200,2,4,2,2,0,5,3
322201,2,2,3,2,0,5,5
322202,2,4,1,1,0,6,1
322203,2,3,2,2,32,6,3
322204,2,3,5,3,32,7,5
322205,1,2,5,4,41,6,4
322206,1,2,4,3,36,5,4
322207,2,4,2,2,0,3,3
322208,1,3,2,2,36,6,4
322209,2,3,4,3,0,7,1
322210,1,1,3,3,40,2,3
322211,1,3,1,1,40,5,4
322212,1,5,2,2,35,3,3
322213,1,4,4,4,37,5,4
322214,1,3,3,4,40,7,5
322215,1,4,4,4,39,5,3
322216,1,4,1,1,40,4,4
322217,1,4,2,2,40,5,4
322219,2,4,2,4,20,5,2
322220,2,3,3,4,0,5,3
322221,1,3,1,1,40,5,4
322222,2,4,1,1,0,3,2
322223,1,3,3,3,40,5,3
322224,1,4,2,2,36,3,3
322225,2,3,2,2,40,6,4
322226,2,3,4,4,24,5,2
322227,1,4,3,3,0,2,3
322228,2,3,4,4,16,5,1
322229,1,3,4,3,40,3,4
322230,1,3,2,2,38,5,4
322231,2,4,3,4,0,5,5
322232,2,2,1,1,40,7,4
322233,1,3,4,4,40,5,4
322234,2,5,1,1,0,6,2
322235,2,4,2,2,0,4,2
322236,1,3,2,2,40,5,4
322237,2,3,3,3,0,5,2
322238,2,4,1,1,0,3,2
322239,2,3,4,3,3,3,1
322240,2,4,2,4,0,2,2
322242,1,2,4,3,40,8,3
322243,1,4,1,1,40,7,4
322244,2,4,2,2,0,3,1
322245,1,3,2,2,38,4,3
322246,1,3,1,1,40,5,5
322247,2,3,1,1,0,5,2
322248,2,3,4,4,17,5,2
322249,1,1,2,2,0,5,2
322250,2,3,1,1,0,5,2
322251,2,5,2,2,0,4,2
322252,1,1,3,4,40,6,2
322253,1,5,2,2,0,5,4
322254,1,2,1,1,32,2,3
322255,1,4,2,2,40,5,4
322256,2,3,3,3,27,5,2
322257,1,3,5,4,25,5,2
322258,2,3,3,4,32,5,3
322259,2,4,4,4,24,5,3
322260,2,2,3,3,0,3,5
322261,1,4,2,4,40,3,3
322262,1,4,2,2,0,5,4
322263,2,3,1,1,20,4,3
322264,1,3,2,2,40,5,4
322265,1,3,1,1,0,4,2
322266,1,4,2,2,5,6,4
322267,2,4,1,1,0,5,3
322268,2,4,1,1,0,6,2
322269,2,3,4,4,15,5,2
322270,2,2,4,4,40,2,4
322271,2,3,2,2,12,5,2
322272,2,3,1,1,0,2,2
322273,1,2,1,1,40,7,5
322274,2,4,3,4,16,3,1
322275,2,4,3,4,0,2,1
322276,2,3,4,4,20,3,2
322277,1,3,4,3,36,5,4
322278,1,3,1,1,40,2,4
322279,1,4,2,2,0,6,4
322280,1,5,2,2,0,6,5
322281,2,3,3,4,20,2,2
322282,1,3,3,3,38,6,4
322283,2,3,2,2,32,7,4
322284,2,3,2,2,0,7,2
322285,2,4,3,2,38,6,5
322286,1,3,2,2,36,6,3
322287,1,1,3,3,40,6,5
322288,2,3,4,3,32,7,4
322289,2,3,1,1,0,6,2
322290,2,3,1,1,8,2,1
322291,2,3,2,4,24,5,2
322292,1,4,2,4,0,5,4
322293,2,4,1,1,18,5,3
322294,2,4,2,2,0,4,1
322295,1,3,4,3,40,5,4
322296,1,4,3,4,0,3,3
322297,2,4,2,4,0,4,3
322298,2,3,4,3,24,5,3
322299,2,4,2,2,0,2,3
322300,1,5,2,2,0,2,3
322301,2,2,2,2,36,6,4
322302,2,3,1,1,36,7,3
322303,2,5,1,1,0,7,4
322304,2,3,4,4,40,5,3
322305,1,3,1,1,40,5,3
322306,1,3,3,3,40,6,4
322307,1,4,2,2,32,5,4
322308,1,3,3,3,40,3,5
322309,1,4,3,4,40,7,5
322310,1,1,1,1,40,5,1
322311,2,4,2,2,17,3,1
322313,1,5,4,4,30,7,3
322314,2,3,1,1,0,5,2
322315,1,4,2,2,0,5,4
322316,1,5,2,2,0,3,5
322317,1,4,4,4,40,7,5
322319,2,4,2,2,32,6,3
322320,1,5,2,2,0,5,3
322321,2,4,2,2,40,2,2
322322,1,4,1,1,40,4,4
322323,1,4,1,1,0,2,3
322324,2,4,2,2,36,5,4
322325,2,3,5,3,15,5,1
322326,2,3,2,2,0,3,2
322327,2,3,3,4,0,2,2
322328,1,2,2,2,40,5,4
322329,2,4,2,2,36,5,3
322330,1,3,1,1,36,5,3
322331,1,5,2,2,0,2,3
322332,1,2,2,2,40,7,4
322333,2,4,2,4,0,2,1
322334,2,3,2,2,0,3,1
322335,2,3,5,3,0,5,3
322336,1,3,1,1,38,5,4
322337,2,3,6,3,24,7,2
322338,2,3,4,3,40,7,4
322339,2,4,1,1,21,2,2
322340,2,3,1,1,32,6,3
322341,2,4,2,1,0,2,2
322342,2,3,1,1,32,5,3
322343,2,2,3,3,0,6,3
322344,1,3,3,4,0,2,2
322345,2,4,2,2,0,3,5
322346,2,3,3,4,18,5,2
322347,1,5,2,2,0,5,3
322348,2,3,1,1,32,3,3
322349,1,3,3,3,40,7,5
322350,1,4,2,2,34,5,5
322351,2,4,1,1,0,1,3
322352,2,3,4,3,26,6,4
322353,1,3,1,1,30,2,3
322354,1,3,1,1,40,6,4
322355,2,4,1,1,34,4,3
322356,1,3,4,4,40,2,3
322357,2,2,5,3,5,9,1
322358,2,3,2,2,38,6,5
322359,2,4,2,2,10,2,1
322360,1,4,3,4,40,6,5
322361,2,2,5,3,40,3,4
322362,2,4,4,3,22,6,3
322363,1,4,3,3,36,6,4
322364,2,3,2,4,4,5,2
322365,1,3,4,3,32,3,3
322366,2,2,1,1,16,5,2
322367,1,4,3,4,0,5,3
322368,2,4,1,1,24,5,2
322369,2,3,4,3,0,3,4
322370,1,5,4,4,40,7,3
322371,2,2,2,2,30,6,5
322372,1,2,2,2,24,7,3
322373,2,3,1,1,21,5,2
322374,1,5,2,2,15,5,4
322375,2,3,1,1,4,7,3
322376,1,3,1,1,25,3,2
322377,2,4,3,4,36,3,4
322378,2,4,1,1,10,3,2
322379,1,3,1,1,40,7,5
322380,2,4,2,4,0,3,4
322381,1,3,4,3,40,6,3
322382,2,4,1,1,33,5,3
322383,2,3,1,1,0,6,2
322384,2,2,5,3,0,5,4
322385,2,3,2,2,40,3,3
322386,1,2,1,1,0,5,2
322387,1,2,3,3,40,6,2
322388,2,3,4,4,0,5,4
322389,1,3,2,2,0,5,2
322390,2,5,2,2,0,6,4
322391,2,4,2,2,27,6,3
322392,1,4,2,2,40,3,4
322393,2,2,4,2,40,5,3
322394,1,4,1,1,0,6,2
322395,2,3,4,4,24,5,2
322396,2,3,4,4,32,2,2
322397,2,3,2,4,28,5,2
322398,2,3,1,1,38,3,3
322399,1,2,1,1,36,6,3
322400,1,3,4,4,40,5,3
322401,2,5,2,2,0,4,4
322402,2,3,2,2,0,2,1
322403,1,1,2,2,12,6,2
322404,1,3,1,1,38,5,4
322405,2,2,3,3,26,5,3
322406,2,3,4,4,38,5,4
322407,1,5,2,2,0,3,3
322408,1,4,2,4,40,5,4
322409,2,4,1,1,32,6,4
322410,1,3,4,3,36,7,4
322411,1,3,4,3,40,2,4
322412,2,3,5,3,8,4,1
322414,1,3,1,1,0,5,3
322415,2,4,1,1,30,3,2
322416,2,3,2,2,40,4,4
322417,1,3,3,4,8,5,5
322418,2,4,3,4,20,5,1
322420,2,2,1,1,36,6,3
322421,2,4,1,1,0,1,2
322422,1,4,1,1,0,5,3
322423,1,1,2,2,20,2,4
322424,1,3,2,2,40,6,5
322425,2,3,1,1,27,6,2
322426,2,3,4,4,40,5,4
322427,1,3,2,2,38,4,4
322428,2,3,4,4,20,4,2
322429,2,3,4,3,28,6,2
322430,1,3,4,3,37,1,4
322432,1,1,2,2,36,4,3
322433,1,1,1,1,20,5,2
322434,2,3,2,2,24,5,3
322435,2,4,2,2,36,5,4
322436,1,4,2,2,32,4,5
322437,1,5,2,2,0,5,3
322438,1,4,2,2,20,5,2
322439,2,2,5,3,24,6,3
322440,1,3,1,1,40,7,5
322441,1,4,1,1,40,7,5
322442,2,3,1,1,0,2,2
322443,2,2,1,1,0,5,2
322444,1,3,2,3,20,5,2
322445,1,4,2,2,0,2,2
322446,2,3,3,4,24,5,3
322447,2,2,4,3,6,7,1
322448,1,4,2,2,0,5,4
322449,2,3,3,3,28,6,3
322450,1,4,3,4,0,2,2
322451,2,3,3,4,40,6,4
322452,1,3,1,1,0,3,2
322453,2,3,1,1,0,5,3
322454,1,2,1,1,10,5,2
322455,1,4,2,4,40,5,4
322456,2,3,4,4,20,5,2
322458,2,4,1,1,36,7,3
322459,2,5,1,1,1,4,2
322460,1,2,1,1,20,5,2
322461,1,3,4,4,40,3,4
322462,1,3,5,3,40,7,4
322463,2,4,1,1,0,6,2
322464,1,2,4,3,40,5,3
322465,1,3,4,3,32,6,4
322466,2,3,1,1,32,6,4
322467,2,3,2,3,16,4,3
322468,1,4,2,2,6,6,4
322469,2,3,3,4,12,4,1
322470,2,2,5,3,0,2,4
322471,1,4,4,4,32,5,4
322472,1,1,4,4,5,7,1
322473,2,3,3,3,26,5,2
322474,1,4,2,2,40,2,3
322475,1,3,3,3,4,3,3
322476,2,2,4,3,32,6,4
322477,2,3,6,4,12,5,2
322478,1,3,4,4,10,6,1
322479,2,2,1,1,36,6,4
322480,2,3,1,1,0,5,2
322481,2,6,2,2,0,5,5
322482,2,3,1,1,32,6,4
322483,2,3,5,3,0,2,2
322484,1,3,2,2,40,5,3
322485,2,4,1,1,0,6,2
322486,1,4,1,1,20,5,2
322487,2,5,1,1,0,5,4
322488,2,2,3,3,24,7,2
322489,2,3,4,4,25,5,2
322490,2,3,4,4,8,7,2
322491,2,3,2,2,0,3,4
322492,1,3,2,2,40,3,3
322493,1,3,3,3,40,5,4
322494,2,2,6,3,24,5,3
322495,2,3,2,2,36,3,5
322496,1,1,4,4,0,7,1
322497,1,4,3,4,40,5,3
322498,1,3,2,4,39,2,3
322499,1,3,2,2,0,6,2
322500,1,1,4,2,8,4,1
322501,1,2,1,1,40,6,3
322502,1,3,1,1,0,2,2
322503,1,5,1,1,0,5,2
322504,1,1,3,4,39,6,4
322505,2,4,4,3,6,2,1
322506,1,3,3,4,16,5,2
322507,1,4,3,4,40,2,4
322508,2,4,1,1,0,6,3
322509,1,2,2,2,36,5,4
322510,1,5,2,3,0,4,4
322511,1,3,4,3,36,5,5
322512,2,3,4,4,20,2,2
322513,1,4,3,4,40,7,5
322514,2,4,1,1,0,2,3
322515,2,2,2,2,34,5,3
322516,2,2,1,1,35,2,2
322517,1,4,0,1,36,5,4
322518,2,2,4,3,0,2,1
322519,2,3,3,3,32,7,3
322520,1,3,1,1,40,4,5
322521,2,3,4,4,16,3,4
322522,1,3,2,2,36,7,4
322523,2,3,4,3,20,6,3
322524,2,3,7,3,0,3,1
322525,1,3,2,2,40,2,3
322526,2,3,4,3,15,5,1
322527,1,3,4,3,36,7,5
322528,1,2,4,3,36,7,5
322529,2,4,2,2,0,2,2
322530,1,2,2,2,40,6,5
322531,2,3,2,2,24,5,2
322532,1,3,1,1,7,2,3
322533,2,3,4,4,32,5,4
322534,2,4,2,4,0,2,1
322535,2,2,4,3,18,5,2
322536,2,3,2,3,0,5,2
322537,2,3,6,3,16,5,5
322538,1,4,1,1,0,6,3
322539,1,3,3,4,38,5,5
322540,2,3,2,2,25,6,3
322541,2,3,1,1,40,5,4
322542,2,3,4,4,24,5,3
322543,2,2,1,1,0,3,2
322544,1,1,4,4,0,6,1
322545,1,4,1,1,0,3,2
322546,1,3,1,1,0,2,3
322547,1,2,2,2,40,2,3
322548,2,2,2,4,0,6,2
322549,1,2,2,2,30,6,4
322550,1,3,4,4,40,5,4
322551,2,3,3,3,32,5,4
322552,1,3,6,3,38,6,5
322553,1,3,5,3,36,7,4
322554,2,4,2,2,0,2,3
322555,2,3,3,4,0,3,1
322556,1,3,4,3,40,7,5
322557,1,2,4,3,36,7,4
322558,1,5,1,1,0,7,5
322560,1,4,3,4,36,5,4
322561,1,1,1,1,40,6,3
322562,1,1,3,3,36,5,4
322563,2,3,1,1,38,2,3
322564,1,4,2,2,32,3,3
322565,1,5,2,3,8,3,3
322566,1,4,5,4,40,4,4
322567,1,4,4,4,40,5,4
322568,1,3,2,2,38,2,4
322569,1,5,2,4,0,3,4
322570,2,2,4,3,21,6,3
322571,1,4,1,1,40,3,3
322572,1,2,1,1,0,6,2
322573,2,4,2,4,38,6,5
322574,1,2,1,1,38,5,3
322575,1,4,3,4,40,2,4
322576,1,2,2,2,0,2,2
322577,2,4,2,2,0,2,4
322578,1,2,1,1,40,5,5
322579,1,3,2,2,38,5,4
322580,1,4,2,2,32,5,3
322581,2,4,2,2,0,5,1
322582,1,5,2,2,0,1,2
322583,2,3,4,4,24,5,3
322584,1,3,4,4,36,6,4
322585,1,4,4,4,40,6,5
322586,2,3,3,3,36,7,5
322587,2,3,4,4,10,5,1
322588,2,4,1,1,26,6,2
322589,1,3,1,1,36,6,3
322590,1,3,4,3,38,5,4
322591,2,4,2,2,10,2,1
322592,1,3,1,1,40,2,3
322593,1,1,3,4,6,4,1
322594,2,3,3,3,0,4,4
322596,1,3,2,2,32,5,4
322597,2,3,4,4,24,6,2
322598,1,3,4,3,40,6,5
322599,1,3,1,1,40,7,5
322600,2,5,2,2,3,2,1
322601,1,4,3,4,40,5,5
322602,2,2,2,2,16,5,2
322603,2,2,3,4,40,7,4
322604,1,2,3,3,40,6,4
322605,1,2,2,2,32,5,5
322606,2,5,1,1,0,3,3
322607,1,3,1,1,0,3,2
322608,2,5,1,1,0,2,3
322610,2,2,3,3,0,5,2
322611,2,5,1,1,0,5,3
322612,2,3,2,2,12,5,2
322614,1,3,4,4,36,5,4
322615,1,2,1,1,38,4,3
322616,1,3,2,2,32,6,4
322617,2,3,3,3,6,7,1
322618,2,2,4,3,24,5,2
322619,2,2,2,2,40,5,4
322620,1,3,3,3,36,5,3
322621,2,3,3,3,40,7,5
322622,1,3,3,4,40,5,4
322623,2,3,4,3,24,5,2
322624,1,3,2,2,32,6,4
322625,2,5,2,2,0,2,2
322626,2,2,4,3,36,6,3
322627,2,3,3,3,32,4,3
322628,2,2,3,3,40,6,4
322629,1,3,3,4,5,2,4
322630,2,5,1,1,0,2,3
322631,1,2,1,1,40,5,3
322632,1,3,4,4,32,3,2
322633,1,4,3,4,32,5,4
322634,2,3,3,3,36,7,5
322635,1,4,3,3,36,5,4
322636,1,4,2,2,40,6,5
322637,2,3,2,2,20,4,2
322638,2,2,3,4,0,6,2
322639,1,2,2,2,20,5,2
322640,1,4,2,2,38,5,5
322642,1,2,2,2,38,5,4
322643,1,3,4,3,40,5,3
322644,1,2,1,1,0,2,2
322645,2,2,3,3,36,6,5
322646,2,5,2,2,0,4,3
322647,2,5,2,2,0,2,2
322648,1,2,1,1,40,6,4
322649,1,3,2,2,40,6,5
322650,1,2,5,3,36,6,4
322651,1,3,1,1,0,3,2
322652,1,3,1,1,32,2,3
322653,1,3,1,1,0,5,3
322654,1,4,2,2,12,6,4
322655,1,4,2,2,20,3,3
322656,2,4,2,2,16,6,3
322657,2,3,3,4,24,6,3
322658,2,4,2,2,8,4,1
322659,1,4,2,2,40,5,5
322660,1,4,2,4,40,2,3
322662,1,4,2,2,0,5,5
322663,1,5,1,1,0,6,5
322664,1,2,1,1,40,5,5
322665,1,5,2,2,0,5,3
322666,1,3,1,1,38,3,5
322667,1,2,1,1,38,5,3
322668,1,2,2,2,40,6,3
322669,1,3,1,1,30,5,2
322670,1,3,3,4,0,2,3
322671,1,3,2,2,40,7,5
322672,1,2,4,3,36,5,4
322673,1,3,1,1,40,5,4
322675,1,2,2,2,40,6,5
322676,2,3,3,3,32,6,4
322677,2,2,1,1,40,5,4
322678,2,3,2,2,40,4,2
322679,1,3,1,1,21,5,2
322680,1,3,1,1,40,6,3
322681,2,3,4,3,0,5,1
322682,2,2,1,1,36,7,4
322683,1,5,2,2,0,7,4
322684,1,4,3,3,40,7,5
322685,1,4,2,2,10,5,5
322686,1,3,5,3,40,5,4
322687,2,5,1,1,0,4,2
322688,1,3,4,3,36,6,5
322689,1,3,2,2,0,2,1
322690,1,3,1,1,0,5,2
322691,1,2,2,3,40,5,4
322693,2,3,1,1,38,6,4
322694,1,2,4,3,40,6,4
322695,2,3,4,3,0,2,1
322696,2,3,3,3,40,4,5
322697,2,4,1,1,0,5,3
322698,1,3,2,3,38,3,4
322699,2,2,3,3,20,5,1
322700,2,3,1,1,21,5,2
322701,1,3,3,3,35,5,3
322702,2,4,2,2,0,3,4
322703,1,5,1,1,0,3,3
322704,1,4,2,2,40,2,4
322706,1,3,4,4,40,6,5
322707,2,3,4,3,0,5,1
322708,2,4,2,3,0,5,4
322709,1,5,1,1,0,2,3
322710,1,3,2,2,40,6,5
322711,2,3,2,2,0,3,5
322712,1,5,2,2,0,3,5
322713,2,5,2,2,0,3,4
322714,1,3,2,2,38,6,4
322715,2,6,2,2,0,2,5
322716,2,4,2,2,0,5,2
322717,2,4,2,2,8,6,2
322718,2,3,4,3,36,6,5
322719,1,4,2,2,40,5,4
322720,1,6,1,1,0,3,3
322721,2,4,2,2,0,5,3
322722,1,5,1,1,0,2,2
322723,1,5,2,2,5,2,3
322725,1,5,2,2,0,2,3
322726,1,5,1,1,0,7,2
322727,2,4,2,4,0,5,3
322728,1,4,2,2,40,5,5
322729,1,5,2,4,0,6,4
322730,2,5,2,4,0,5,3
322731,2,5,2,2,0,3,2
322732,1,4,2,2,0,2,3
322733,2,5,2,2,0,5,2
322734,2,4,3,4,40,6,4
322735,2,3,3,3,15,5,2
322736,2,5,2,2,0,5,3
322737,2,4,2,2,0,2,4
322738,2,4,1,1,0,2,2
322739,1,5,2,2,0,6,5
322740,2,5,1,1,15,3,2
322741,1,4,1,1,0,2,2
322742,2,4,1,1,30,7,1
322743,2,3,1,1,40,7,5
322744,2,5,2,2,0,3,2
322745,1,4,2,2,36,5,3
322746,2,4,1,1,0,4,5
322747,2,4,2,2,0,3,4
322748,2,5,2,2,0,2,2
322749,2,5,2,2,0,2,4
322750,1,4,2,2,36,4,5
322751,2,6,1,1,0,3,3
322752,1,5,2,4,0,5,4
322753,1,4,3,4,36,5,4
322754,1,4,2,2,40,2,3
322755,1,5,2,2,0,4,3
322756,1,4,2,2,40,4,4
322757,1,6,2,2,0,1,2
322758,1,4,2,2,5,5,4
322759,1,6,2,2,0,8,4
322760,1,4,2,2,0,2,2
322761,1,4,2,2,40,5,5
322762,1,4,2,2,0,2,3
322763,2,2,2,2,32,6,3
322764,1,5,2,2,0,6,5
322765,2,5,1,1,0,5,2
322766,2,4,2,2,0,5,2
322767,1,5,2,2,0,2,3
322768,2,4,1,1,28,3,3
322770,2,5,2,4,0,4,4
322771,1,4,2,2,36,6,5
322772,2,5,1,1,0,5,2
322773,1,5,2,2,0,4,5
322774,2,4,1,1,0,2,2
322775,2,4,1,1,24,3,2
322776,1,6,2,2,0,6,3
322777,2,4,2,2,0,2,1
322778,1,4,3,4,0,3,4
322779,1,4,2,2,12,3,4
322780,1,4,2,2,40,5,4
322781,2,4,2,2,20,3,3
322782,2,4,1,1,8,2,3
322783,2,4,2,2,0,2,3
322784,2,4,2,2,0,4,3
322785,2,4,2,2,0,2,1
322786,1,4,2,4,8,6,5
322787,2,4,2,4,5,2,4
322789,2,5,2,4,0,2,2
322790,1,4,1,1,0,5,3
322791,2,5,2,2,2,5,1
322792,1,5,2,2,0,6,5
322793,1,4,3,3,0,3,3
322794,1,4,2,2,40,5,5
322795,2,4,2,2,6,3,1
322796,2,4,2,2,0,3,5
322797,1,4,2,2,36,5,4
322798,1,4,2,4,0,6,2
322799,1,5,1,1,0,2,3
322800,2,5,2,2,0,3,2
322801,2,4,1,1,0,3,2
322802,2,5,2,2,0,3,2
322803,1,6,2,2,0,6,5
322804,2,3,3,3,0,2,1
322805,2,4,1,1,25,2,3
322806,2,5,2,2,0,6,4
322807,1,4,2,2,36,6,4
322808,2,4,1,1,20,5,4
322809,2,4,2,2,20,5,4
322810,2,5,2,2,0,5,3
322811,1,4,2,2,0,5,1
322812,1,1,2,2,40,6,4
322813,2,4,1,1,0,2,3
322814,2,5,2,4,0,2,2
322815,2,4,2,2,0,2,1
322816,2,4,1,1,0,6,2
322817,2,4,2,4,25,5,2
322818,2,5,2,2,0,6,5
322819,1,5,2,4,24,6,5
322820,1,5,2,2,0,5,3
322821,2,4,2,2,0,6,4
322822,2,4,2,2,0,5,1
322823,1,4,2,2,40,6,5
322824,1,4,2,2,4,5,3
322825,1,5,2,4,0,5,3
322826,1,4,3,4,40,6,4
322827,2,5,1,1,0,2,2
322829,2,4,2,2,20,2,2
322830,2,4,2,2,20,3,2
322831,1,4,2,4,36,7,5
322832,2,4,2,2,0,6,2
322833,2,4,2,2,32,3,4
322834,1,4,1,1,0,5,3
322835,2,3,4,4,32,6,4
322836,1,5,2,2,0,5,2
322837,2,4,2,2,36,6,3
322838,2,5,2,2,30,4,5
322839,1,4,2,2,36,3,4
322840,1,5,2,2,25,5,4
322841,2,4,2,2,38,6,4
322842,2,4,1,1,0,6,3
322843,1,5,2,2,0,3,4
322844,1,5,2,2,0,2,3
322845,2,5,1,1,0,4,3
322846,2,5,1,1,0,5,3
322847,1,4,2,2,20,6,5
322848,2,4,2,2,0,2,3
322849,2,5,2,2,0,3,4
322850,2,5,2,2,0,6,3
322851,2,4,1,1,20,5,2
322852,2,4,3,4,32,5,3
322853,2,4,2,2,20,5,2
322854,2,4,2,4,0,3,1
322855,1,5,2,2,0,2,2
322856,1,6,1,1,0,2,3
322857,1,5,2,2,0,5,3
322858,2,4,2,2,10,6,2
322859,1,5,2,2,0,4,5
322860,1,4,1,1,40,2,3
322861,1,5,2,2,0,6,4
322862,2,5,2,2,0,2,2
322863,2,5,1,1,0,3,3
322864,1,5,3,4,7,3,3
322865,1,5,2,2,0,3,4
322866,1,4,2,2,0,7,5
322867,1,4,2,2,32,6,5
322868,2,4,1,1,32,7,5
322869,2,3,2,2,38,5,3
322870,2,4,2,2,0,6,3
322871,1,5,2,2,40,7,5
322872,2,5,2,2,0,2,2
322873,2,4,1,1,28,5,3
322874,1,5,2,2,0,3,4
322875,2,4,2,2,0,3,5
322876,1,4,3,4,38,6,4
322877,2,5,1,1,0,4,4
322878,1,5,2,2,0,5,3
322879,1,4,2,2,28,6,5
322880,1,4,1,1,0,2,2
322882,1,5,2,2,9,7,3
322883,1,4,2,2,0,6,4
322885,2,4,2,4,0,5,2
322886,1,4,2,2,38,5,4
322887,1,5,2,2,0,2,3
322888,2,4,2,4,7,4,1
322889,2,5,1,1,0,8,2
322891,2,4,1,1,20,2,2
322892,2,4,2,2,20,5,2
322893,1,4,1,1,12,6,2
322894,1,4,4,4,36,5,4
322895,1,5,2,2,0,6,4
322896,1,4,3,4,40,6,5
322897,1,4,2,4,12,5,3
322898,1,6,2,2,0,1,3
322900,1,5,2,2,0,5,3
322901,2,4,2,2,0,5,1
322902,1,4,2,2,40,5,5
322903,2,4,1,1,0,5,3
322904,1,5,3,4,0,5,3
322905,2,6,3,4,0,5,4
322907,1,4,4,4,40,2,4
322908,2,4,2,4,13,5,3
322909,2,4,3,4,32,5,3
322910,1,5,2,2,0,5,4
322911,1,4,2,2,40,5,5
322912,1,4,2,2,36,6,5
322913,2,4,1,1,24,4,4
322914,2,4,2,2,6,6,2
322915,1,4,3,4,24,7,2
322916,1,4,1,1,38,5,4
322917,2,4,2,2,21,2,2
322918,2,4,1,1,32,3,3
322919,1,2,3,4,40,7,5
322920,2,5,1,1,0,3,2
322921,1,4,3,4,40,5,5
322922,1,4,2,4,32,6,5
322923,1,4,3,4,28,6,3
322924,1,4,2,2,40,5,4
322925,2,4,2,2,36,6,5
322926,2,6,2,4,0,6,2
322927,2,5,2,2,0,4,2
322928,2,4,2,2,0,5,2
322929,2,5,1,1,0,7,4
322930,1,5,1,1,0,4,3
322931,1,4,3,4,36,6,4
322932,1,4,1,1,0,4,2
322934,1,4,2,2,20,5,3
322935,1,4,3,3,32,6,4
322936,2,5,1,1,0,4,2
322937,1,4,2,2,36,6,5
322938,1,4,1,1,0,5,3
322939,1,4,2,2,36,5,5
322940,1,5,2,2,1,6,4
322941,2,4,3,4,0,3,1
322942,1,5,1,1,0,5,3
322943,1,4,1,1,0,5,4
322944,1,4,1,1,38,4,2
322945,2,4,2,2,24,5,5
322946,1,4,2,2,30,2,4
322947,1,5,2,2,4,3,3
322948,1,4,1,1,40,5,3
322949,2,5,1,1,0,6,3
322950,2,5,2,2,0,5,5
322951,1,5,1,1,0,7,3
322952,2,5,2,2,0,1,1
322953,1,4,2,2,0,3,3
322954,1,4,2,2,38,5,3
322955,1,4,2,2,40,5,4
322956,1,5,1,1,0,3,4
322957,2,4,2,4,11,3,1
322958,2,4,2,2,0,2,1
322959,2,4,1,1,0,5,2